"LCGRID_ID","lonDD","latDD","Abies.alba","Alnus.glutinosa","Amanranthaceae.Chenopodiaceae","Artemisia","Betula","Buxus.sempervirens","Calluna.vulgaris","Carpinus.betulus","Carpinus.orientalis","Castanea","Cerealia.t","Corylus.avellana","Cyperaceae","Ericaceae","Fagus.sylvatica","Filipendula","Fraxinus","Juniperus","Phillyrea","Picea","Pinus","Pistacia","Plantago.lanceolata.type","Poaceae","Quercus.deciduous","Quercus.evergreen","Rumex.acetosa.t","Salix","Secale","Tilia","Ulmus","TBE1","TBE2","IBE","MTBE","TSE","MTSE","IBS","ISTS","TBS","TSD","LSE","GL","AL","ET","ST","OL"
8,"-7.5","40.5",0,0.106100952225959,0.00374694246213799,0.0750550667294119,2.16179620299949,0,5.80340979507782,0,0,0.0415599750251514,0.619032912086254,0.136163701734457,26.2754602810681,7.19930376816498,0,0.000461006935392903,0.0194108313038586,0.0455881312778543,0.0646664433860048,0,0.46242524317458,0.00365741569357999,0.13648363621424,49.7179566576001,6.37215121663412,0.0617969533295583,0.452483178575267,0.236668406185187,0,0,0.00462128212651635,0,0,0.46242524317458,0.130120812409143,0.0455881312778543,7.19930376816498,2.26789715522545,6.52772574967244,0.0461812571516678,0.236668406185187,5.80340979507782,76.6616467695846,0.619032912086254,7.83743795502656,9.07847256823474,83.0840894767487
9,"-6.5","40.5",0,0.0516879628710288,0,0.0641537994342308,19.0468115806427,0,4.10574181181715,0,0,0,0.210932090615828,0.0369228563770107,9.45874791625109,15.2196431523632,0,0.0754575934868796,0.512230767906435,0,0.108285645440442,0,0.922973426460202,0,0.0298960859422179,42.3751906648049,5.10813711264323,0.532124163992664,0.130275921331609,2.01078744761917,0,0,0,0,0,0.922973426460202,0.640409809433106,0,15.2196431523632,19.0984995435137,5.65729073692668,0,2.01078744761917,4.10574181181715,52.1337219812509,0.210932090615828,16.7830263882565,26.7665777280596,56.4503958836839
10,"-5.5","40.5",0,0.165602040695641,0.00801411926107824,0.0266762745364005,0.210164083011474,0,0.0376444750743988,0,0,0.971945144364985,4.69312426041336,4.82089569580008,11.5272197479862,4.4674900750515,0.0152155699686045,0,0.430672823479192,0.00531592347172168,0,0,0.81287595231992,0,0.680425253914596,66.2047286167441,3.69255712659681,0.165247409162459,0.253435024329491,0.555165571328095,0.178152865122904,0,0.0774319473669969,0,0,0.81287595231992,0.165247409162459,0.00531592347172168,4.4674900750515,0.375766123707115,8.94412564587608,1.06459266170059,0.555165571328095,0.0376444750743988,78.7004990367719,4.87127712553626,5.4509293600056,10.9396500026119,83.6094206373825
11,"-4.5","40.5",0,0.190901780096948,0,0.248560044077907,0.612975554095026,0,0.293797042601275,0,0,0,0,0,7.74643905028793,4.68690521216058,0,0.0543179032778707,0.299891101701025,0.4376082084654,0,0,37.9257121643184,0,0,43.0217859751296,3.44503956430922,0.175605533314964,0.236922780730237,0.370829809006949,0.19101774337742,0,0.0616905330482504,0,0,37.9257121643184,0.175605533314964,0.4376082084654,4.68690521216058,0.803877334191974,3.74493066601025,0.0616905330482504,0.370829809006949,0.293797042601275,51.3080257535035,0.19101774337742,43.2258311182593,4.98132834225742,51.7928405394822
31,"15.5","40.5",1.64394988484863,1.87689100491026,0.133792389266083,0.0425604308360129,0.222814075092173,0.339746304910463,0,4.4198230715393,0,0.471928629057931,2.74016414355229,2.25354768360337,0.750166821053936,0.318899361629059,18.6106247694085,0.0573578500851187,1.32422189701921,0.0659413035914623,1.58500264366474,0,0.0680435302009523,2.10478747673786,0.411155239310351,16.8474965228363,41.168198895165,0.435893365489096,0.186076942459079,0.909702352267004,0,0,1.01121341146579,0,1.64394988484863,0.0680435302009523,4.1256834858917,0.0659413035914623,0.658645666539522,2.09970508000243,44.7459684757876,24.5135898814715,0.909702352267004,0,18.4286061958469,2.74016414355229,6.56226387107226,72.2689657895285,21.1687703393992
36,"20.5","40.5",33.8899873150519,0.0471240759993082,0.0737952307151344,0.109150275419863,0.0661649196239174,0.0565218779467674,0.0664947370068617,0.453411921176012,26.3603177072112,0.0175327465025827,0.26323964799248,0.845214181035252,19.5511867289688,0.0507480349255182,5.63368147044767,0.0113557603916355,0.700509565114267,0.0708453686467143,0,0,2.26966266581861,0.193106974915174,0,1.85704117368083,5.96272150350018,0.0448438811598499,0.010172456279443,1.26691142523204,0,0.0441431195534671,0.0841152356845593,0,33.8899873150519,2.26966266581861,0.237950856075024,0.0708453686467143,0.107269912872286,0.113288995623226,7.5084452496497,32.5932022005755,1.26691142523204,0.0664947370068617,21.6127016254557,0.26323964799248,36.5757161184645,41.4818478710805,21.942436010455
37,"21.5","40.5",26.6610166732086,0.11177942872791,0.120211906494683,0.212030394733603,0.0127198605050369,0.146422250386407,0,0.18550291912401,14.2666905723957,0.0346898970025485,2.70951414113104,0.354877068636,19.5022553487319,0.0342334774046449,2.47076431203135,0.00867825552786298,0.910618119043571,0.407474565023185,0.156819569835907,0,1.32213713781825,0.58354363811787,0.208570057145997,23.4004096456898,5.67746669483539,0.0649320909804737,0.158661984812016,0.108281064972349,0,0.00191603627932713,0.167782889403675,0,26.6610166732086,1.32213713781825,0.805295298934251,0.407474565023185,0.180655727791052,0.124499289232947,6.94296188251496,17.1273466262366,0.108281064972349,0,43.6108175931359,2.70951414113104,29.3765794027753,24.3030888629569,46.3203317342669
38,"22.5","40.5",54.4624538332202,2.56948407491941,0.143123936660403,0.204197302662038,0,0.0176853165623007,0,0.0696330439352597,14.0693793194079,0,0.284037195874707,1.13620852033757,9.2109877841391,0.0378432411384362,1.47284629675468,0,0.917331722364128,0.143649981017177,0.197725297211656,0,1.84611657728649,0.245109125355267,0.254650815757152,8.90979780758795,1.37504651017933,0.343428012090914,0.124957208636407,1.56821560062494,0,0.0276241721510318,0.368467304124789,0,54.4624538332202,1.84611657728649,0.786262434657837,0.143649981017177,0.0555285577007369,2.56948407491941,3.42858675288103,16.0079501363737,1.56821560062494,0,18.847714855443,0.284037195874707,57.2940113838824,23.574236564799,19.1317520513178
40,"24.5","40.5",0,0,0,0,0,0,0,0,0,0,0,0,0,0,0,0,0,0,0,0,0,0,0,0,0,0,0,0,0,0,0,0,0,0,0,0,0,0,0,0,0,0,0,0,0,0,0
43,"27.5","40.5",0,0.337543008114667,0.868392288069763,0.432367419914226,0.254705192862443,0,0,0.38323179805276,7.21753219666031,0.139998124756632,2.89159353268055,0.199074602450729,11.9402321787567,0.800659127417923,1.88270300740165,0,0.570888810950405,0,0,0,4.4112391122102,0,0.711948331676363,45.3952702146107,17.2260313423641,0.208140423291738,0.0850026823598593,3.27753931565943,0,0,0.76590728973888,0,0,4.4112391122102,0.208140423291738,0,0.800659127417923,0.59224820097711,17.9959947557652,10.3893724166102,3.27753931565943,0,59.4332131153876,2.89159353268055,5.42003866291986,32.255154689012,62.3248066480682
45,"29.5","40.5",0,0.305150566359966,0.359282542591056,0.857584024612285,0.0144191964758754,0,0,0,24.3359185730641,0,22.7608040314579,1.43584276541009,1.79599933660011,1.83099269067431,4.06017116829989,0.369693672438778,0.260949683922063,1.64885604048886,5.88602195664924,0,2.17710336248121,1.14652005714579,0.787352779933026,12.5944453479082,15.4593069573572,0.234807030898888,0.217614302397496,0.288104346462173,0,0.0876344499588757,1.08542511641978,0,0,2.17710336248121,7.26734904469392,1.64885604048886,1.83099269067431,0.319569762835841,17.1560994066894,29.5691493077426,0.288104346462173,0,16.981972006481,22.7608040314579,12.9243011383383,47.33292282373,39.7427760379389
46,"30.5","40.5",6.3642727385923,0.645385231785622,0.245637145557389,0.0858423184825376,0.122061552748491,0.00315878002525082,0,6.5176357899924,0.12449340404639,0.0617079591270732,1.58668608372018,1.03916319916705,19.5794485155866,0.519547672723574,11.997028140412,0,1.40236423354888,0.983964038555413,0,0.00796835984964175,7.19142407905349,0.0719464718509116,1.22987351351576,26.5061597257528,2.67043511700901,6.87680617843592,0.216419561751939,0.99090914370561,0.00682107671955792,0.0986792437640342,2.85416072451494,0.00796835984964175,6.3642727385923,7.19142407905349,6.94875265028683,0.983964038555413,0.522706452748825,0.767446784534113,5.11196254972494,21.6537052618568,0.99090914370561,0,47.863380780647,1.59350716043974,22.0190883190865,28.5240237398215,49.4568879410868
47,"31.5","40.5",54.3978991103867,0.63498003735786,0.0367754312459969,0.0577970803309632,0.00988380038115205,0.00997645832035998,0.0117367291457836,3.2759665579096,1.04850880968826,0.0720157348739001,0.325243893215224,1.0521015853107,14.7505251935142,0.0785512565750771,10.1297263809674,0.0104904704276426,0.88906094310835,0.368930085552228,0.119195292257172,0,4.20706031489058,0.0716736557274026,0.0909024487274235,2.41414957984649,0,1.35270020404899,0.0154716718127722,0.988077950017212,0.0107715933127132,1.83100990206113,1.73881782900214,0,54.3978991103867,4.20706031489058,1.54356915203356,0.368930085552228,0.0885277148954371,0.644863837739012,1.94116252841905,18.0960452145024,0.988077950017212,0.0117367291457836,17.3761118759055,0.336015486527937,60.6059863777585,21.6701495306777,17.7238640915792
48,"32.5","40.5",0,0,0,0,0,0,0,0,0,0,0,0,0,0,0,0,0,0,0,0,0,0,0,0,0,0,0,0,0,0,0,0,0,0,0,0,0,0,0,0,0,0,0,0,0,0,0
62,"-3.5","41.5",0,0.0134345033844109,0.061790123955262,1.0863130791329,0.0570372321010315,0,0.546984747394258,0,0,0,0.920496209208598,0.116318675621654,33.1153208547646,0.695754338713681,0.258073688562706,0.037959297137263,0.266927566890122,1.36379118466466,0,0,29.8129464229123,0,0,27.0522951982672,3.21767411488774,0.897423413547122,0.288160674784107,0,0,0,0.19129867407039,0,0,29.8129464229123,0.897423413547122,1.36379118466466,0.695754338713681,0.0704717354854424,3.60092035739952,0.449372362633096,0,0.546984747394258,61.6418392280413,0.920496209208598,32.7699153598378,4.12076445551805,63.1093201846442
63,"-2.5","41.5",0,0.0166617614540278,0.0511701676547992,0.936861093975898,17.1238057695368,0,0.334144719811371,0,0,0,0.879942690371594,3.88222417139168,28.299114548673,1.19007228462713,5.93959959124133,0.19036297644878,0.220520985781142,0,0,0,21.2700168839153,0.37237000309988,0,17.3928744688456,0.651029716791317,0,0.429875842939228,0.58432464252668,0,0,0.235027680914393,0,0,21.2700168839153,0.37237000309988,0,1.19007228462713,17.1404675309908,4.75377487396414,6.17462727215572,0.58432464252668,0.334144719811371,47.3002590985373,0.879942690371594,22.8324591716423,28.6531943196374,48.5143465087203
65,"-0.5","41.5",0,0.0214699303415649,8.99966238514795,8.39660373208518,0,0,0,0,0,0,0,0,0,0.121056181555467,0.198134706206269,0,0,2.83929702359074,0,0,41.759284460732,0,0,36.2516529304649,0,1.41283864987592,0,0,0,0,0,0,0,41.759284460732,1.41283864987592,2.83929702359074,0.121056181555467,0.0214699303415649,0,0.198134706206269,0,0,53.647919047698,0,46.1324763157541,0.219604636547834,53.647919047698
67,"1.5","41.5",5.68647753276373,0.0855228255374366,26.4349900798785,3.35906384385907,0.1626591432219,0,0,0,0,0.114784914524128,5.19437561453489,1.49672052769719,4.29226602126227,3.09128265783896,0,0,0,0.865723739134148,2.78352152918079,0,14.2329265255473,1.31526807851788,0,25.9682094286368,1.17083217454919,2.99288674850308,0,0.334399457694842,0,0,0.418089157117885,0,5.68647753276373,14.2329265255473,7.09167635620175,0.865723739134148,3.09128265783896,0.248181968759337,2.66755270224638,0.532874071642013,0.334399457694842,0,60.0545293736366,5.19437561453489,30.9680868114859,3.78300820034257,65.2489049881715
78,"12.5","41.5",1.20080735253528,1.05920212144112,0.745808569674881,0.0433522999759376,0.0337035386109844,0.0335651913449159,0.0441849057234796,1.28151588669782,60.4360210583309,1.90901279804303,0.232750292077878,2.42033186339158,1.36168529659229,0.636740815450877,1.81868149783417,0,2.46577669311042,0.60853878788174,0.414568375942489,0.0110679980506234,0.510375990320365,0.552901915097826,0,0.929350214924236,17.0714969846272,1.97225988851586,0,0.542985896263646,0,0,1.66331376754563,0.0110679980506234,1.20080735253528,0.510375990320365,2.93973017955618,0.60853878788174,0.670306006795793,1.0929056600521,21.9576055411292,67.1085450084515,0.542985896263646,0.0441849057234796,3.08019638116734,0.232750292077878,5.94082631513998,90.7020421058965,3.3571315789687
87,"21.5","41.5",64.5618461028105,0,0.0156030988976103,0.0337062855795683,0.00411338778170731,0,0,0,3.67208690729764,0,0.369278860992911,0.0517311981491302,17.8703828112666,0,5.82009531933863,0,0,0.0289999456283295,0,0,0.445626063267577,0,0.0828730146443386,6.0776841772382,0.682973905444221,0,0.154234210980758,0.0483239950452737,0,0.0544851780581258,0.0259555375788709,0,64.5618461028105,0.445626063267577,0,0.0289999456283295,0,0.00411338778170731,0.734705103593351,9.57262294227327,0.0483239950452737,0,24.2344835986071,0.369278860992911,65.0364721117064,10.3597654286936,24.6037624596
88,"22.5","41.5",9.78055192791654,0.604851194941902,0.14090898384908,0.141483944908548,0.120625101186171,0,0,0.0890672576845271,10.735573459575,0.0689998190876504,3.25730559242932,0,51.6050789240896,0.0314505742589589,2.90656747784267,0,0.208069054415265,0,0,0,3.08732008326862,0,0,11.8737484849895,5.13091088953504,0,0.0543156194633761,0,0,0,0.163171610558186,0,9.78055192791654,3.08732008326862,0,0,0.0314505742589589,0.725476296128073,5.33897994395031,13.963379624748,0,0,63.8155359573001,3.25730559242932,12.8993225854441,20.0278358648264,67.0728415497294
89,"23.5","41.5",36.4097912383444,0.192005534267804,0.134408117333977,0.497629033498979,0.0546773078876215,0,0,0.24680594669366,5.5579400705125,2.98860216095491,5.55719128020175,0.766551771950803,6.04201124294436,0.00271844632791131,1.82356664045998,0.0330198972573511,0.0719251935712739,0.114265123451258,0,0.175800171295499,4.94212363063807,0,0.293513518296913,31.3206417289717,1.298001509548,0.0168330076869387,0.629926912639993,0.169438236387793,0,0.639456547578172,0.0211557313018656,0.175800171295499,36.4097912383444,4.94212363063807,0.0168330076869387,0.114265123451258,0.00271844632791131,0.246682842155426,2.13647847507008,11.2775270975011,0.169438236387793,0,38.9511504509433,5.55719128020175,41.6615316177441,13.8301266511144,44.508341731145
90,"24.5","41.5",17.0916348743858,0.0281375629329742,0.0960031251063767,0.225938363637347,0.437868122750904,0,0,0.325345668744661,8.33449452503445,0.000376287898203133,3.31242589793866,0.381360231035637,19.8381302576425,0.00346146176008765,6.26378272300254,0.00156279760040048,0.0773657553065745,0.149951311272144,0,1.6979736624478,2.61246203351708,0,0.258327577564671,37.0901113490268,1.0208705676568,0.0819707599357271,0.252875597338713,0.256090427925848,0.0642303380218675,0.0322105259686045,0.0650381945417197,1.6979736624478,17.0916348743858,2.61246203351708,0.0819707599357271,0.149951311272144,0.00346146176008765,0.466005685683878,1.47959655399901,15.0212479251902,0.256090427925848,0,57.7629490679168,3.37665623596053,21.6374541033186,17.2229405927989,61.1396053038773
96,"30.5","41.5",0,0,0,0,0,0,0,0,0,0,0,0,0,0,0,0,0,0,0,0,0,0,0,0,0,0,0,0,0,0,0,0,0,0,0,0,0,0,0,0,0,0,0,0,0,0,0
109,"-6.5","42.5",5.6240472466266,0.178471928528893,0.0238763135451742,0.208251155741976,4.4217787557847,0,13.839484921491,0.00023607888176306,0,0.0223528543496044,1.58720712393684,0.679603672985001,10.2944691408162,4.39849429980736,0.082666768838038,0.320893143912277,0.413136840328618,0.0472864714525486,0,0.089353911468606,1.39510156040885,0,0.147775548749117,46.8385713457929,8.16514812740875,0.206630667270432,0.57446731865057,0.362647771053579,0,0,0.0780470321729257,0.089353911468606,5.6240472466266,1.39510156040885,0.206630667270432,0.0472864714525486,4.39849429980736,4.60025068431359,9.25788864072237,0.183302734242331,0.362647771053579,13.839484921491,58.4083039672082,1.58720712393684,11.7609141570344,14.4040898303319,73.8349960126361
112,"-3.5","42.5",7.77103907543498,0.127108134892955,0.239607593669017,0.32112294952364,0.120378247701475,0.421646118891348,1.48464734212185,0,0,0,4.75043566041754,3.56017696506659,37.6637959295952,3.88915996292732,4.36688977096575,0.0385274050082083,0.094041510428761,0.30643138383864,0.556001840371677,0,12.3359847350706,0.00987404541915204,0.160437145623244,18.0184929324412,0.484230090091037,2.03298169198432,0.253674537868573,0.49939603599942,0,0.0598731153046313,0.434045779341336,0,7.77103907543498,12.3359847350706,2.59885757777515,0.30643138383864,4.31080608181867,0.24748638259443,4.13844856558639,4.86080866561172,0.49939603599942,1.48464734212185,56.6956584937291,4.75043566041754,27.323118853938,9.74613964979195,62.9307414962685
113,"-2.5","42.5",0,0.0530271464581224,0.081077302309073,1.55399549096491,6.48005635680292,0,3.58834249504106,0,0,0.216303876174084,2.28173466815369,4.73156507462912,5.87553040561008,4.28342407853355,6.70034220673833,0.0734522081071375,1.75835887817464,0.0810128099279568,0,0,15.3170875172703,0.302191072944994,0.569603340011741,29.8917609385413,10.2098598085291,0.60965123515001,3.1151800289942,0.31061364954557,0,0,1.91582941138808,0,0,15.3170875172703,0.911842308095004,0.0810128099279568,4.28342407853355,6.53308350326104,16.6997837613329,8.83247549430049,0.31061364954557,3.58834249504106,41.1605997145384,2.28173466815369,20.5933667138268,32.37595640844,47.0306768777332
115,"-0.5","42.5",24.5494887081547,0.0857696955511155,0.0846840676447631,0.250209184238884,0.790109377641092,0.0237520551824234,0.615902126446979,0,0,0,0,0.896136833863448,14.7369782351382,0.174933307205047,0.988644449165781,0.280559817647217,0.197288029915055,0.123743725646474,0,0,1.79812449304415,0,0.114160958774931,53.2620437191445,0.545427682817105,0.00896340426938868,0.277657798078751,0.0871272010284757,0,0,0.1082951293959,0,24.5494887081547,1.79812449304415,0.00896340426938868,0.123743725646474,0.19868536238747,0.875879073192207,1.63885254659561,1.09693957856168,0.0871272010284757,0.615902126446979,69.0062937806672,0,26.6790056935022,3.69879839937797,69.6221959071142
116,"0.5","42.5",22.5304899528583,0.6374680675441,0.0473845616751729,0.568551511626954,0.301750837354337,0.0339221811279537,0.567210133982859,0,0,0.014945975469725,0.471884654129639,1.72782410928319,39.453251415614,0.288394439731106,1.24310194725876,0.00879777289359218,0.0693157148551601,0.123237280611452,0,0,10.8321934736436,0,0.216234848970552,18.4230250424884,1.53533401469606,0.0154753136615809,0.116953313659634,0.430282329005085,0.142102099878395,0.098465806784338,0.102403201193206,0,22.5304899528583,10.8321934736436,0.0154753136615809,0.123237280611452,0.32231662085906,0.939218904898437,3.33247383883441,1.45891693070603,0.430282329005085,0.567210133982859,58.8341984669283,0.613986754008034,33.823712641634,6.16089200344396,60.0153953549192
117,"1.5","42.5",33.9290591065773,0.341179280572244,0.0522965856846132,0.213796859845708,0.759185714237241,0.0740748027944421,3.02814796702968,0.00918166577082008,0,0.012419697268642,0.790889425278259,2.88190343631164,19.3192185212306,0.573127171905882,2.84419836662681,0.0110611172059271,0.0888474554387406,0.0585351227541067,0.0468979321980825,0,6.66657978448962,0,0.151256447943951,25.7987001602699,1.48846385288632,0.0139462626800155,0.22682903975201,0.0432783151447173,0.145345459249718,0.134032903337189,0.297547545515498,0,33.9290591065773,6.66657978448962,0.060844194878098,0.0585351227541067,0.647201974700324,1.10036499480948,4.4592147446367,3.29738017851896,0.0432783151447173,3.02814796702968,45.7731587319327,0.936234884527977,41.3622201833995,8.90023823310986,49.7375415834904
118,"2.5","42.5",35.6286801377434,0.0517617739422637,0.106119593435302,0.177368155932964,0.279533037669352,0.121684861565854,0,0,0,0,1.32460964144643,0.593930801417648,31.9758826902602,0.0869200389209208,0.809329766062649,0,0.171151864625232,0.0267291561978644,0,0,10.4795183992289,0,0.181077881214334,15.9770206201676,1.22334497019905,0.0228442222796545,0.0743405244468241,0.302339334464877,0.204722459204336,0,0.181090069574381,0,35.6286801377434,10.4795183992289,0.0228442222796545,0.0267291561978644,0.208604900486775,0.331294811611616,1.98842763624193,0.99041983563703,0.302339334464877,0,48.4918094654572,1.52933210065077,46.3663768159366,3.61248161795545,50.021141566108
126,"10.5","42.5",9.96389876872072,0.518139419738743,0.153538409641902,0.47790341710345,0.241477151566773,0,0.430371529136972,1.02210928242743,0,0.144407511944933,2.14471271578398,1.32486138686698,5.61583232186812,10.7959854338766,1.69402815312803,0,1.73775199027191,0.566379327991432,0.949705065152038,0.130516350746595,1.06836861604417,1.71470119532544,1.30243241472645,25.3872497149741,24.2025621615653,6.29751415213771,0.178293758062919,0.462719015039973,0.216827643731077,0,1.25771309242501,0.130516350746595,9.96389876872072,1.06836861604417,8.96192041261519,0.566379327991432,10.7959854338766,0.759616571305516,27.2651755387042,4.1182580399254,0.462719015039973,0.430371529136972,33.1152500363769,2.36154035951506,31.4870689099947,32.6057691649751,35.907161925029
127,"11.5","42.5",0,0,0,0,0,0,0,0,0,0,0,0,0,0,0,0,0,0,0,0,0,0,0,0,0,0,0,0,0,0,0,0,0,0,0,0,0,0,0,0,0,0,0,0,0,0,0
128,"12.5","42.5",1.7179643697718,0.795473507093205,0.32065492148113,0.147268297913588,0.0244373873574717,0.0293244779988823,0,0.710627314955689,0,0.333946566675641,4.69798178935799,3.96800556053373,11.6999080316528,0.564289540673899,4.84858859520782,0,0.860249408408267,1.21601433370581,2.98440390957543,0,0.706635629534052,0,0.926050770421601,47.9080337226405,10.27898431885,1.44948848133274,1.47772168195267,1.10122824150384,0,0.18321739972855,1.04950174167975,0,1.7179643697718,0.706635629534052,4.43389239090817,1.21601433370581,0.593614018672781,0.819910894450677,15.107239287792,7.12588161824745,1.10122824150384,0,62.4796374260623,4.69798178935799,8.66812074259261,24.154260041994,67.1776192154203
138,"22.5","42.5",42.2217091063076,0.0494722143700428,0.0298994189564323,0.0701661222851335,0.035226856830256,0,0,0.11179723818125,4.65265577225153,0,0.225858428917486,0.312000323707747,15.5053062074106,0.0453295903028974,5.67905311767069,0.00347669987902873,0.107897222597294,0.0303645021253988,0,0.0785501762336167,4.1723544209677,0,0.131180308500074,24.8109318357113,0.875862268398837,0,0.41539865232578,0.0635333899557669,0.0882310716918045,0.107176695042977,0.176568359379009,0.0785501762336167,42.2217091063076,4.1723544209677,0,0.0303645021253988,0.0453295903028974,0.0846990712002988,1.29575981470388,10.7272511825255,0.0635333899557669,0,40.9663592450683,0.314089500609291,46.5483077959372,12.1712434583854,41.2804487456776
139,"23.5","42.5",32.6193868426447,0.154004986640636,0.0765027049070966,0.292402518249364,0.277090433684855,0,0,1.20240913460017,3.37912098896478,0,0.0474368923657325,1.202995898192,21.514861211038,0.0528304766973368,3.45061716703933,0.0249144148453137,0.0589878855419292,0.133416540615729,0,8.98166233923736,4.8259639096714,0,0.147803698628784,19.3260478243412,1.07513943367338,0.131146604298921,0.164873483919129,0.246430041162275,0.000976038779348762,0.454086337444582,0.158892192818661,8.98166233923736,32.6193868426447,4.8259639096714,0.131146604298921,0.133416540615729,0.0528304766973368,0.431095420325491,2.33712321740731,8.64512582086752,0.246430041162275,0,41.5474058559289,0.0484129311450813,46.7444067131654,11.6597744997626,41.595818787074
140,"24.5","42.5",70.6575577332575,2.12239157656656,0.0420888733595945,0.163016324379532,0.126675718728942,0,0,0.832275911128841,3.83405761457675,0,0,1.13368072229288,0,0,5.86311529104863,0.474832895037271,0.605975791727199,0.0154555497293247,0,0.0785992816921642,1.14244789322107,0,0.119380339118106,10.3719405712441,0.823048316418842,0,0.109509650229218,0.174978171800962,0.0491397523598223,0.259013940325678,1.00081808175709,0.0785992816921642,70.6575577332575,1.14244789322107,0,0.0154555497293247,0,2.2490672952955,2.56270483043892,11.789280838837,0.174978171800962,0,11.2807686533678,0.0491397523598223,71.8940604579001,16.7760311363724,11.3299084057276
142,"26.5","42.5",11.995671536699,0.0943173357311276,1.42587561150338,1.06240142728458,0.297964048482365,0,0,0.759888919275202,2.17486838361542,0.12439558887884,5.24038242816925,1.96982033856819,10.1743153728051,0,1.58425437835929,0.195794484309103,0,0.379733636811499,0,0.112043028514062,1.50623859624655,0,0.0993139548895139,52.2020984591923,5.50886823682979,0,0.219234096930167,0.735229611624805,0.351612507455061,0.745333868560638,1.04034414927504,0.112043028514062,11.995671536699,1.50623859624655,0,0.379733636811499,0,0.392281384213493,7.47868857539798,6.42908528796443,0.735229611624805,0,65.3790334069141,5.59199493562431,13.9936867982711,15.0352848592007,70.9710283425384
143,"27.5","42.5",0,1.84138408052893,0.579015625095562,1.13579586373289,0.0516050457205729,0,0,2.75772180325831,41.2839783200847,0,1.77771935170463,0.810572011980166,1.10063394217143,0.0780699749670774,2.50934318234751,0.175426159281234,3.08678492896632,0.980259377217942,0.213315970062274,0.0456329619889109,0.254573328211463,0.106931817439397,0.187112677746145,16.5340790025208,6.6798460159391,0.705124331389895,0.225666769975791,12.2947044374797,0.149822910950891,0.403084020685782,4.03179608856255,0.0456329619889109,0,0.254573328211463,1.02537211889157,0.980259377217942,0.0780699749670774,1.8929891262495,10.5772029568856,50.9859234149389,12.2947044374797,0,19.9377300405239,1.92754226265552,2.38390776127696,75.7508199355536,21.8652723031794
161,"-4.5","43.5",0,5.13520595964126,0.440879709279553,0,4.74004004780606,0,0,0,0,0,0,5.14664680462108,0,10.270464113033,20.1448405017956,0,0,0,0,0,4.00835930924192,0,0,35.6487368056139,5.31564384377502,0,0,0,0,6.94390176668996,2.20528113850259,0,0,4.00835930924192,0,0,10.270464113033,9.87524600744732,10.4622906483961,29.2940234069882,0,0,36.0896165148935,0,14.2788234222749,49.6315600628316,36.0896165148935
162,"-3.5","43.5",0,0.24123820124062,0,0.125247830076465,0.438502029974274,0,3.54049926241209,0,0,0.132065332675048,0.690414544666464,7.30458333669802,16.3985800369054,1.02078169433671,11.2867102241742,0,0.145684374540075,0,0.267164469995998,0,0.720456667284086,0,0.318620249554783,50.5533761753656,5.64727223942044,0.165714612685551,0.186508072290618,0,0,0.169731165309915,0.646849480393693,0,0,0.720456667284086,0.432879082681549,0,1.02078169433671,0.679740231214894,13.0975399506585,12.2353562025529,0,3.54049926241209,67.5823323641929,0.690414544666464,2.17411744430234,26.0126363844263,71.8132461712714
163,"-2.5","43.5",0,0.955559075549858,0.0264270274119933,0.366326418938306,0.601119259492906,0.0396448785913916,46.389256578935,0,0,0,0.102853738244947,5.79335833550505,0.764887079073222,0.27346931728674,32.5156599425217,0.0251673303821486,0.509356716641508,0,0.107992141912509,0,0.457006162607024,0.0939075745443254,0.237072083769086,5.31702754272427,4.36348743542756,0.41481696360738,0.0556136839375636,0,0,0,0.589990712895513,0,0,0.457006162607024,0.616716680064214,0,0.313114195878132,1.55667833504276,10.6662024875741,33.1056506554172,0,46.389256578935,6.79252116623659,0.102853738244947,1.38683703854937,45.3285314780341,53.2846314834165
164,"-1.5","43.5",2.30785784920656,1.18372337807844,0.0384559236741576,0.307573305082599,0.805730713105836,0.0749220601401148,9.01905928490389,0.00522250308347527,0,0.0293631365030858,0.148622630075432,6.13610250233133,14.1671277736056,1.02761614197522,10.5319433285019,0,0.327679886157828,0.0162296318403938,0.0673853717504514,0,0.789719264147651,0,0.196605554857532,46.6456336693017,4.6024038359344,0.0260293954873626,0.0813016388205681,1.15265803616246,0,0,0.311033185270989,0,2.30785784920656,0.789719264147651,0.093414767237814,0.0162296318403938,1.10253820211533,1.98945409118428,11.0661862244236,10.8775621533595,1.15265803616246,9.01905928490389,61.4366978653422,0.148622630075432,4.30975971454775,25.0858605051297,70.6043797803215
165,"-0.5","43.5",13.443028876431,2.02214101703845,0.0297463262577968,0.135168582776486,0.456321696231074,0.139238728811395,18.4846094238899,0,0,0.0594319199089509,0.435186615528397,12.2950190268999,7.95115377054921,1.39928091346837,10.7298008560008,0.0339803517764804,0.625026405810801,0,0.0620915703682179,0,0.853846857747973,0,0.163181836798504,22.5807592624487,6.76750383059205,0.0185937724665678,0.134538392088749,0.144696938090074,0.0626917750232612,0.0397993344939333,0.933161918500613,0,13.443028876431,0.853846857747973,0.0806853428347857,0,1.53851964227976,2.47846271326952,19.6875492633027,11.7621940289043,0.144696938090074,18.4846094238899,31.0285285226959,0.497878390551658,15.9160807192935,34.0729029435666,50.0110163371375
166,"0.5","43.5",4.39605606859385,4.89174288832648,0.0205375661290032,0.0491970296506613,1.11528262781012,0.0607420490596627,0.880453229569006,0,0,0,0.152003245142775,5.09664396618076,4.8006843814682,0,4.88992220994873,0,0.350763997801581,0,0,0,0.31361689402066,0,0.592312973605062,61.9418033435924,5.09256648286424,0,0.144211778997593,4.56972487491247,0,0.189756153260765,0.451978239065994,0,4.39605606859385,0.31361689402066,0,0,0.0607420490596627,6.0070255161366,10.5399744468466,5.53165660227549,4.56972487491247,0.880453229569006,67.5487470734429,0.152003245142775,4.77041501167417,26.6483814401711,68.5812035481547
167,"1.5","43.5",26.6868278097534,7.59000241300935,0,0.119469307790739,0.406087868335367,0,0.614293695776657,0,0,0,2.62583938107318,11.9640578571197,5.37904714524783,0.156274011704026,5.75819344382188,0.0954940079692578,0.212695186384429,0.201702679873356,0,0,0.494017647645045,0,0.997428487113172,27.4094093504172,6.31026839544134,0,0.139703310058704,0.939313767281489,0.347855557106007,0.231074293070197,1.32094438400758,0,26.6868278097534,0.494017647645045,0,0.201702679873356,0.156274011704026,7.99609028134472,18.4870214389455,7.31021212089966,0.939313767281489,0.614293695776657,34.1405516085969,2.97369493817919,27.5388221489758,34.7326376084713,37.7285402425527
168,"2.5","43.5",5.8396973874612,0.19167352528662,0.185934104207874,0.434617282811184,1.90202507828988,0.00259082553799674,10.815752488224,0.0294999916066807,0,0.0775359475220741,0.940985929323061,3.61133002979093,25.8852942896053,0.511092830303454,8.94337880666854,1.16228020427451,0.0295996400171712,0,0,0,0.410777971192142,0.00608497725426099,0.121542657288906,31.8878743107981,4.95475541572067,0.0360747029841216,0.18449313076246,1.58672973436281,0,0.248378738711404,0,0,5.8396973874612,0.410777971192142,0.0421596802383826,0,0.513683655841451,2.0936986035765,8.59568508552877,9.2987934845087,1.58672973436281,10.815752488224,59.8620359797483,0.940985929323061,6.80631869473318,21.5749069079768,71.6187743972954
172,"6.5","43.5",0,0.535933440557369,0.0171885490613869,0.119144136936616,1.8551526317976,0,0.479289023632849,0,0,0.218124593946767,0.573330779399774,15.8070710137848,14.6482317993455,3.80013077178534,0.996403859190255,0,1.26043864008028,0.0607594617422983,0,0,0.199561710753635,0,0.197400014583246,42.5508039711843,14.5141219063413,0.388769862782266,0.167117319182153,0.228021374677847,0,0.0742513856194345,1.30875375361499,0,0,0.199561710753635,0.388769862782266,0.0607594617422983,3.80013077178534,2.39108607235497,31.5816315602064,2.59753359237145,0.228021374677847,0.479289023632849,57.6998857902932,0.573330779399774,4.44922180706354,36.7982725996106,58.7525055933258
173,"7.5","43.5",0,0,0,0,0,0,0,0,0,0,0,0,0,0,0,0,0,0,0,0,0,0,0,0,0,0,0,0,0,0,0,0,0,0,0,0,0,0,0,0,0,0,0,0,0,0,0
176,"10.5","43.5",33.7802130767106,1.33602645027591,0.159263218157453,0.597631078430754,0.17880704403068,0.09571527668627,0.386560613740924,0.646681519720781,0,0.775375428657815,0,1.39448592775066,9.44378337126821,3.65650296109854,4.28516989063332,0,2.88813175023935,0.289447655712979,4.36057686127948,0,0.832839253367544,0.329076523064234,0.595982520482257,20.6199874205818,7.98839282130769,1.78085126977066,0.363960470345769,1.66000987170852,0.517209345360278,0.0373764200283164,0.999941959588275,0,33.7802130767106,0.832839253367544,6.47050465411437,0.289447655712979,3.75221823778481,1.51483349430659,12.2710104992977,6.74454521862851,1.66000987170852,0.386560613740924,31.7806080792662,0.517209345360278,45.1252228776903,22.1903990839413,32.6843780383674
178,"12.5","43.5",0.884865499878639,0.129029624371077,0.0558117561426313,0.14231898822838,0,0,0,1.29621501389704,0,0.0536112497227168,4.91995764464718,1.55628580941393,11.0366509824437,0.806172724413448,8.16360359724641,0,0.675758785184888,0.274888615076095,0,0,0.342325028682202,0,0.0688731385432132,45.2226774005629,21.2299272903088,0.732911713645931,0.135805319375055,0.434082246874649,0,0,1.83822757134118,0,0.884865499878639,0.342325028682202,0.732911713645931,0.274888615076095,0.806172724413448,0.129029624371077,23.4619718849076,11.3516574322073,0.434082246874649,0,56.6621375852959,4.91995764464718,3.04116358169632,35.3767411883607,61.5820952299431
193,"27.5","43.5",0,0.0991487866469414,2.21460625504674,0.848852151040649,0.0254806609583334,0,0,2.44941534571332,16.502828432938,0,20.7067430745591,0.933592182219761,12.9694851851773,0,1.92200681422957,0,1.66310032534036,0,0,0.149668500880384,0.54840175415237,0,0.497196107307667,25.1542173797245,8.01306267326875,0.171155713119846,0,0.23864718372636,0,1.68849311922341,3.20389835474725,0.149668500880384,0,0.54840175415237,0.171155713119846,0,0,0.124629447605275,10.6097551808289,25.7666420668515,0.23864718372636,0,41.6843570782969,20.7067430745591,0.8692259681526,36.7396738790121,62.391100152856
194,"28.5","43.5",6.53117447877529,0.0918796231922594,2.05989515751802,1.27661401402472,0.156749197925267,0,0,2.29920735969542,47.7694184798082,0,1.33144581598933,2.54150520981361,8.22379409314356,0.00676112900596597,2.20013397408903,0.0612732950900571,0.312001485605301,0,0,0.293272215713421,0.968564571679293,0,0.115513326777882,13.1935195894905,2.63875376184778,3.97660908157256,0.145212106055742,0.135424388958331,0.0243916615711583,0.791909937359775,2.8549760453066,0.293272215713421,6.53117447877529,0.968564571679293,3.97660908157256,0,0.00676112900596597,0.248628821117526,5.49226045726669,55.915645796259,0.135424388958331,0,25.0758215821005,1.35583747756049,11.7763814767465,61.7919594636016,26.431659059661
218,"2.5","44.5",23.3532321226708,0.32100162597147,0,0.13865004447997,0.312644685102186,0,37.799975046591,0,0,0,5.04721940721374,2.074752373637,1.16064196132866,0.0971330489550871,9.78490998966151,0,0.12163028514354,0,0,0,0.0806199180736044,0,0.459380956573054,16.9429546313123,1.2722494149947,0,0.392062964243473,0,0.369503597283159,0.139002486690014,0.132435440074738,0,23.3532321226708,0.0806199180736044,0,0,0.0971330489550871,0.633646311073656,3.46863207377524,10.0563479164263,0,37.799975046591,19.0936905579375,5.4167230044969,23.5309850896995,14.1586263012752,62.3103886090254
219,"3.5","44.5",30.5017573565307,0.239489570056325,0.0131720412351362,0.155042754142909,1.2061891171831,0,10.3053365555149,0.0916671577121469,0,0.0192031058252756,1.04859592083372,1.62994769585329,13.4461481086552,0.111455968945561,13.8695913810881,0.0621225792295404,0.134599804844108,0.0115391793850886,0,0,1.27566426292234,0,0.322525907125487,20.3718319657964,3.80090387967047,0.0872923957582502,0.182513584507392,0.761281730771667,0,0.0819783744985356,0.270149601913655,0,30.5017573565307,1.27566426292234,0.0872923957582502,0.0115391793850886,0.111455968945561,1.44567868723943,5.56545138036787,14.3325896210377,0.761281730771667,10.3053365555149,34.5533569406921,1.04859592083372,31.9877091635419,22.1050014194167,45.9072894170407
221,"5.5","44.5",21.5748280976591,1.46153129666817,0.0757192899590748,0.307729903573551,0.0651252801516446,0.0794670665428414,0,0.00328536380731435,0,0,0.83522231553092,0.212549702925509,57.4880754590029,0.0521210508023741,1.28799580517797,0.161922244319667,0.0312486572497262,0.0973566559464405,0,0.145649881399883,2.71092856842874,0,0.410543264189721,8.23358374751741,4.19297259483881,0.18670668561026,0.0955711665209514,0.186239831708914,0,0.0531969619005794,0.0504291085651328,0.145649881399883,21.5748280976591,2.71092856842874,0.18670668561026,0.0973566559464405,0.131588117345215,1.52665657681981,4.43677095501405,1.394907239451,0.186239831708914,0,66.7731450750833,0.83522231553092,24.8470580063896,7.54457460299377,67.6083673906142
222,"6.5","44.5",22.9825979168078,0.0953824245546274,0.0305166626725933,0.187836494736627,0.112935852828499,0.0386111440238097,0.0414464138917798,0.0115440859377623,0,0.0324669131362907,0.462748139655862,0.0864854144719113,15.6166034531995,0.0843504976742421,0.465337673417832,0.055169067693949,0.0527116733046436,0.0121487748435971,0,0.223549001560415,9.81759743635708,0,0.0996216346883449,48.6001407545675,0.64928065814599,0.0292716562016221,0.0594434337443363,0.0933174980508057,0,0.0301549843822313,0.0287303394507878,0.223549001560415,22.9825979168078,9.81759743635708,0.0292716562016221,0.0121487748435971,0.122961641698052,0.208318277383126,0.788477745922545,0.568233996324904,0.0933174980508057,0.0414464138917798,64.6493315013029,0.462748139655862,33.1881264274686,1.65834751768138,65.1535260548505
223,"7.5","44.5",40.2786076020973,0.196032210406133,0.0536003613867721,0.183672918423239,0.0922976430357125,0.0132307030594763,0.0283833145147925,0.0564389078259189,0,0.0395610981656605,0.767203075618553,0.570699513664665,17.8754953716512,0.0599340681709041,1.25100269718357,0,0.0589685842738828,0.048519458068936,0,0.409518540630809,2.89956339878428,0.0310571587737733,0.0223279712276944,33.2853491216581,1.03598134627369,0.0262446399024549,0.329283235470857,0.0425563144416329,0.0256860887389038,0.0111670217334145,0.307617634816892,0.409518540630809,40.2786076020973,2.89956339878428,0.0573017986762282,0.048519458068936,0.0731647712303804,0.288329853441845,1.66564944421224,1.66578735972546,0.0425563144416329,0.0283833145147925,51.7497289798179,0.792889164357457,43.7666755694879,3.66232297182117,52.5710014586901
226,"10.5","44.5",80.8623478461993,0.0686246297058584,0.00478066214440011,0.0319549852524969,0.0491771968828186,0,0.0586820120521377,0.195894886907284,0,0.0337160631906617,0,0.966640755782282,8.4170428638741,0.0477880019160656,6.08399893510965,0.0681452708846846,0.229121169076919,0.00585416390449207,0,0,0.0166211245585802,0,0,1.16910718199979,1.20870120663335,0,0.0382961826542653,0.0828935575092134,0,0.0328879652615351,0.327723338519379,0,80.8623478461993,0.0166211245585802,0,0.00585416390449207,0.0477880019160656,0.117801826588677,2.40446313149255,6.67422118898851,0.0828935575092134,0.0586820120521377,9.72932714680974,0,80.9326111365784,9.27937970457895,9.78800915886188
231,"15.5","44.5",35.0314586676375,0.0410932867419386,0.0791140633013519,0.106379402413998,0.121805503585552,0,0,0.403475439775884,0,0.00854383137580913,0.641392711502386,0.289428379974187,36.10395122814,0.181352426555178,4.0242145776643,0,0.390129446427317,0.345234492146109,0.767854251615266,0.660073744644356,0.647228080879652,0.313674648925238,0,11.8246708319247,6.92840908193872,0.338717477125287,0.00991421978485219,0,0,0.0860450174903168,0.655839188430131,0.660073744644356,35.0314586676375,0.647228080879652,1.42024637766579,0.345234492146109,0.181352426555178,0.162898790327491,7.60796690834022,5.17811805473644,0,0,48.1240297455649,0.641392711502386,38.2855937895286,12.9489837534042,48.7654224570673
242,"26.5","44.5",6.30875769646128,0.102749748765684,1.00641707540468,1.31971608080396,0.296666771812019,0,0,2.91518624601409,46.8960342978587,0,12.9218843979008,2.01444500974403,2.31002211665095,0,1.86173251050035,0,0.430110263739609,0.0798837312779239,0,1.53206598097242,1.69833466141289,0,1.05037687748159,3.89094350273394,4.08411949601164,0,0.144124361035514,2.11052413679334,0,3.78919435494047,3.23671068168415,1.53206598097242,6.30875769646128,1.69833466141289,0,0.0798837312779239,0,0.399416520577703,6.52867476949528,58.6988580909978,2.11052413679334,0,9.72160001411063,12.9218843979008,9.61904207012451,67.7374735178641,22.6434844120114
243,"27.5","44.5",3.24369848506163,0.0705041640747473,0.640979293778007,0.517129254040113,0.174152436461894,0,0,3.11327951727013,62.7377710721886,0.0138443628677354,1.45503138667532,1.40696299130926,1.21880380655056,0,3.75775395728735,0,0,0,0,3.20873623496201,2.17718038881163,0,0.377552349371057,0.293274665951229,8.81331743136506,0,0.240973955737118,1.48895232201301,0,2.85824790428606,2.19185401993744,3.20873623496201,3.24369848506163,2.17718038881163,0,0,0,0.244656600536641,10.2202804226743,74.6727508338373,1.48895232201301,0,3.28871332542808,1.45503138667532,8.62961510883527,86.6266401790613,4.7437447121034
268,"2.5","45.5",17.7614492580288,1.34825806959588,0.0455448162559169,0.0624518633836106,3.09579685491421,0.0338209095420907,3.52855458657391,0.0945131259869186,0,0.124295331861937,4.53590415711371,3.48111631473069,20.9802988775972,0.0545248358411321,10.3311109713519,0.30479886250561,0.392747770931324,0.0321245901876212,0,0.0672943102826611,0.772147302378006,0,0.203940417333212,27.1583183321265,3.9480479155467,0.00802327038986006,0.37806928569845,0.374973875185476,0,0.422101116241717,0.459772978414833,0.0672943102826611,17.7614492580288,0.772147302378006,0.00802327038986006,0.0321245901876212,0.0883457453832228,4.44405492451009,7.82191200120871,11.4317935238573,0.374973875185476,3.52855458657391,49.1334224549005,4.53590415711371,18.7293844766502,24.0727343247616,57.1978811985881
271,"5.5","45.5",39.0806123867614,0.834624421861806,0.0389028174688657,0.101885935485092,0.9593688691439,0.0617794408732296,4.24483111787144,1.56098408205792,0,0.123239406368145,5.42780171586643,5.43305480341768,9.2857069049204,0.0283365547784635,9.15837176501426,0.0152961924713154,0.313580628170812,0.0530624042980103,0,0.350520113562667,0.640687879942193,0,0.454131893034906,14.8650965218381,5.59464390893222,0.0241892832842301,0.247643416476134,0.449672474393181,0,0.0665621324560155,0.585412929251867,0.350520113562667,39.0806123867614,0.640687879942193,0.0241892832842301,0.0530624042980103,0.0901159956516931,1.79399329100571,11.3412793405207,11.4945703151482,0.449672474393181,4.24483111787144,25.0086636816948,5.42780171586643,40.2391880635002,25.0795154210678,34.6812965154327
272,"6.5","45.5",59.189180636787,1.27296745766075,0.0369236835786698,0.136677313627693,0.11988584594741,0,0,0,0,0.0247004780749861,1.87306693286453,2.62209298361954,1.89963062384459,0.0952346598234487,3.05187092159433,0,0.0799920491550503,0.0738650684116009,0,14.6786934392333,1.85062781600955,0,0.603032711862766,11.5798316778526,0.564235940817953,0,0.0774103884779888,0,0.078951328908621,0.0911280418476119,0,14.6786934392333,59.189180636787,1.85062781600955,0,0.0738650684116009,0.0952346598234487,1.39285330360816,3.26632097359254,3.16769944151693,0,0,14.3335063992443,1.95201826177315,75.8876016202649,7.82687371871763,16.2855246610175
273,"7.5","45.5",0,0,0,0,0,0,0,0,0,0,0,0,0,0,0,0,0,0,0,0,0,0,0,0,0,0,0,0,0,0,0,0,0,0,0,0,0,0,0,0,0,0,0,0,0,0,0
274,"8.5","45.5",0,0,0,0,0,0,0,0,0,0,0,0,0,0,0,0,0,0,0,0,0,0,0,0,0,0,0,0,0,0,0,0,0,0,0,0,0,0,0,0,0,0,0,0,0,0,0
288,"22.5","45.5",38.3227722204459,0.375586938041433,0.0875671437269536,0.428744540159281,0.275190463987154,0,0.118640445715117,4.56154629907176,1.60975642300178,0.0120706756073367,0.330340534879492,2.315130821803,4.8003100231794,0.109801681380394,14.9053485154816,0.0731876534458102,0.998371995412392,0.108587858225289,0,11.7119623453198,1.4649692357464,0,0.170445745710698,10.1775014003206,0.817671964536214,0,0.289779359850023,0.104409179310185,0,3.14261270764596,2.68769382796862,11.7119623453198,38.3227722204459,1.4649692357464,0,0.108587858225289,0.109801681380394,0.650777402028587,4.13117478175161,26.9190284487771,0.104409179310185,0.118640445715117,16.0275358663928,0.330340534879492,51.7180933411178,31.8053898118674,16.4765168469874
291,"25.5","45.5",8.42413817203044,0.366579232688861,0.0344089041625254,0.584529215968149,1.45608491578754,0,0,5.00354880950862,0,0,0.25430193137283,1.39742831697895,0.763815109828631,0.450114525979898,54.6002635491722,0.014046362350703,0.345015925226881,0,0,16.5517417887777,0.703150355152785,0,0.243530844481885,4.41103225926034,2.40130161636858,0,0.05956952585297,0.101578292706391,0.117909416801939,0.241758029788916,1.47415289975226,16.5517417887777,8.42413817203044,0.703150355152785,0,0,0.450114525979898,1.8226641484764,4.14374585857441,61.319723288222,0.101578292706391,0,6.1109322219052,0.372211348174769,26.1291448419408,67.3877115879792,6.48314357007997
292,"26.5","45.5",3.25980759181133,4.70659594283638,0.142550060164424,0.578676934750476,4.595411345437,0,0,7.05950171315491,0,0,2.69944779780297,1.85349412965098,11.0923208470105,0.0352521281300373,33.3597592437628,0.0740369421446797,1.32428450743546,0.0407211147866274,0,1.33691070543417,0.858266356252775,0,0.142904043319859,15.6766787666926,6.28552178172184,0,0.0853739525273862,0.701803566376962,0.178803380806856,1.41253403109755,2.49934311689139,1.33691070543417,3.25980759181133,0.858266356252775,0,0.0407211147866274,0.0352521281300373,9.30200728827338,9.46330041880828,44.3311381049066,0.701803566376962,0,27.7925415466099,2.87825117860983,5.53095789641494,63.7982493783653,30.6707927252198
320,"4.5","46.5",1.33200088886629,1.76813883141945,0.0641114835383022,0.0681660814840916,0.37383562279133,0.0194395875390714,0.240809100028127,0.184743565806022,0,0.531658908688986,2.91836161295847,6.57149117111417,13.290335485288,0.0198459411289438,8.21689756826491,0.521810645732599,1.09901419973208,0.0686828992155823,0,0.11676599966612,0.254280105860672,0,0.741946830012971,51.3708212222643,5.8205600279743,0,1.10960432990478,2.28187381731905,0.426844302229324,0.334007458625863,0.253952312542664,0.11676599966612,1.33200088886629,0.254280105860672,0,0.0686828992155823,0.0392855286680152,2.14197445421078,13.4910653988205,9.52125981392844,2.28187381731905,0.240809100028127,67.166796078225,3.34520591518779,1.81101542227668,27.4361734842788,70.752811093441
321,"5.5","46.5",31.2939422021595,0.793537785322431,0,0,0.518033205347025,0.307241482857442,0,4.73956495862023,0,0,2.12560887988677,11.9597871157408,1.01767085523706,0,21.9035408767791,0,6.18573785495616,0,0,0,0.0922980075879234,0,0.111537216591228,13.3866120415975,4.31818138928189,0,0.189245784073221,1.05746034396172,0,0,0,0,31.2939422021595,0.0922980075879234,0,0,0.307241482857442,1.31157099066946,22.4637063599789,26.6431058353993,1.05746034396172,0,14.705065897499,2.12560887988677,31.6934816926049,51.4758435300094,16.8306747773858
322,"6.5","46.5",38.0982975467941,0.210797485294435,0.0135409264078015,0.0472023377983917,0.375562745037891,0.0149038294345824,0.035076639001164,0.423280972014957,0,0.00551936861533286,0.147455812106801,1.28932362067669,44.6301994092632,0.0965733390571512,3.63774385193091,0.0192627953520604,0.224828410387897,0.056890741373812,0,5.63945465309185,0.188646687386026,0.00275063771245389,0.247468342749806,2.93370762016362,1.07509204102631,0,0.252091220863399,0.0532080694042864,0.0516092248626554,0.0168655690447853,0.212646103150372,5.63945465309185,38.0982975467941,0.188646687386026,0.00275063771245389,0.056890741373812,0.111477168491734,0.586360230332326,2.5892440720909,4.29605586475636,0.0532080694042864,0.035076639001164,48.1434726525983,0.199065036969456,44.09751743485,7.52486823658387,48.3776143285689
323,"7.5","46.5",33.7536254783206,1.18666700969288,0.00657595613201523,0.172012398235169,0.595946789081828,0,0.121327977608228,0.033872732761338,0,2.55715512823157e-07,2.35697600440596,1.23238539358314,24.7984759321366,0.0164851673766684,1.88488101082727,0.033468304952601,0.161526331551806,0.215732179099573,0,9.99002760425298,2.79445833260145,0,0.19873611450173,19.1372926348868,0.612932842408632,0,0.241874851882139,0.101382653455474,0.239672225006197,0.033791232654823,0.0798725868678439,9.99002760425298,33.7536254783206,2.79445833260145,0,0.215732179099573,0.0164851673766684,1.78261379877471,2.00684456754358,2.03241781882679,0.101382653455474,0.121327977608228,44.5884361927271,2.59664822941216,46.7703287616513,5.92325883860055,47.3064123997474
324,"8.5","46.5",13.7362379537553,1.85866162201261,0.0396372661108526,0.265600728775856,0.471609891002498,5.76410614446433e-07,0.312521245498636,0.0235925329037318,0,0.0744511767580521,0.189726520979396,1.26303312228405,34.8586814116628,0.131214707473877,1.27115150470093,1.56421032160488e-07,0.0827810475365857,0.0912202670992426,0,7.06127929384897,4.71872322618264,0,0.214069656959589,31.4998375623259,0.830483563447177,0,0.310826507321706,0.319794588949449,0.0224761184825061,0.0900439751008311,0.26234377599644,7.06127929384897,13.7362379537553,4.71872322618264,0,0.0912202670992426,0.131215283884491,2.33027151301511,2.17629773326781,1.72158296545999,0.319794588949449,0.312521245498636,67.1886532895777,0.212202639461902,25.7386760247706,6.54794680069235,67.7133771745383
325,"9.5","46.5",0,0,0,0,0,0,0,0,0,0,0,0,0,0,0,0,0,0,0,0,0,0,0,0,0,0,0,0,0,0,0,0,0,0,0,0,0,0,0,0,0,0,0,0,0,0,0
326,"10.5","46.5",1.61351917802839,0.458462353255333,0.0161400274597177,0.0698538690710789,0.129177597714947,0,0.092312540438134,0,0,0.00802455828550421,0.382873036751564,0.254131023019919,71.3611369841911,0.105074465408902,0.209628537025106,0.026573240179708,0,0.122920595224123,0,8.49835211845805,8.91528644841359,0,0.0544372053458057,7.1822750240774,0.20261034778057,0,0.0298746630927444,0.204857677855886,0.0424262865799755,0,0.0200522223425538,8.49835211845805,1.61351917802839,8.91528644841359,0,0.122920595224123,0.105074465408902,0.58763995097028,0.456741370800489,0.237705317653164,0.204857677855886,0.092312540438134,78.7402910134175,0.425299323331539,19.2551528055331,1.48694431727982,79.2579028771872
339,"23.5","46.5",84.3054089516779,0.054614118496419,0.0359927870441214,0,0.10293880984607,0,0,0.585727262474009,0,0,0,0.103728324379927,1.16571306468405,0.0460101064209701,3.31117128966568,0.0109390453277269,0,0.0149530399534303,0,8.51795285181868,0.0697845057862796,0,0,1.07286019009745,0.194965784131782,0,0.0121082137385179,0.140827854905293,0,0.0894807421769435,0.164823057374748,8.51795285181868,84.3054089516779,0.0697845057862796,0,0.0149530399534303,0.0460101064209701,0.157552928342489,0.298694108511709,4.15120235169138,0.140827854905293,0,2.29761330089187,0,92.9541094556572,4.74827724345087,2.29761330089187
341,"25.5","46.5",3.31724439765706,0.25847617260567,0.0227579686269681,0.389280204305979,1.25475956639342,0,0,4.72550542578367,2.43827448910299,0.00716402738264101,0.229100159173516,1.30199727513143,0.577014085786402,1.00574661899713,68.0335192951174,0.0570625779297337,0.604887778614238,0,0,6.62674275224776,0.554988631194702,0,0.157771579726297,3.58858375660235,2.80622749481422,0.00386862584421326,0.0473710823941449,0.0890443938061569,0.141632512772266,0.248943202175797,1.51203592581382,6.62674275224776,3.31724439765706,0.554988631194702,0.00386862584421326,0,1.00574661899713,1.51323573899909,4.71311254855989,76.9654423653763,0.0890443938061569,0,4.83984125537187,0.370732671945782,11.5085910259409,83.2808350467415,5.21057392731766
348,"32.5","46.5",0,1.21099191843497,2.55071840853544,12.2156471197132,0.429650554884045,0,0,0.175914458465194,0,0,0,0.956537604860591,4.46068284246491,0,0,0,0.276849510083606,0,0,0.341358391812007,10.4848452362458,0,0,61.7177290156668,0.591486601939373,0,0,1.95621582759584,0,2.2707880544567,0.360584454841549,0.341358391812007,0,10.4848452362458,0,0,0,1.64064247331902,1.82487371688357,2.80728696776344,1.95621582759584,0,80.9447773863804,0,10.8262036280578,8.22901898556187,80.9447773863804
362,"-3.5","47.5",0,0.497140755616825,0.281118627085076,0.129813582799415,0.535472874459575,0,0.408120782596229,0.030061545266316,0,0.0652850381756077,2.57242117159991,6.24639258124138,17.9442924640261,0.103824396041479,0.553621672245696,0.0257782446490043,0.0642616891770117,0,0,0,0.26275149542756,0,0.0354600215933161,64.5991436552064,3.94270301908305,0,0.713140217194523,0.288986940476978,0.111639903412667,0.374176104458405,0.214393218172915,0,0,0.26275149542756,0,0,0.103824396041479,1.0326136300764,10.2533572895014,1.23753757831894,0.288986940476978,0.408120782596229,83.7287468125539,2.68406107501258,0.366575891469039,12.8124954383738,86.8209286701627
363,"-2.5","47.5",0,0,0,0,0,0,0,0,0,0,0,0,0,0,0,0,0,0,0,0,0,0,0,0,0,0,0,0,0,0,0,0,0,0,0,0,0,0,0,0,0,0,0,0,0,0,0
364,"-1.5","47.5",3.67043346142936,2.27378876504148,0.137632643909915,0.118760922478417,0.836729528215246,0,0.953622697670522,0.109170808754435,0,0.0963426976932259,9.51171076445764,3.04536877980559,31.6611373941662,0.146503541762316,4.22094166709689,0.0516878799340383,0.412021647113435,0,0,0,0.128210857987024,0,5.676334135309e-06,31.7147726871724,6.98376966119496,0.0121846365474053,0.717322034980034,2.21193655197441,0.144739411120867,0.180669150765647,0.660536132394325,0,3.67043346142936,0.128210857987024,0.0121846365474053,0,0.146503541762316,3.11051829325673,10.441160088114,5.26766045670452,2.21193655197441,0.953622697670522,64.4013192389751,9.65645017557851,3.95733249772611,21.0312753900496,75.0113921122242
365,"-0.5","47.5",0.404880412499758,0.538796314522728,0.307582546797981,0.149972020700308,0.297656599455402,0.0931342783884664,0.778706019760052,0.057334458621959,0,0.0165608510012102,7.01830504566953,2.44380676856388,46.4729013012265,0.101041788147281,2.35544140722626,0.23180519775015,0.342585896006091,0,0,0,0.10625170542082,0,0,29.9331458637656,5.50435096465269,0.0201213090180258,0.734272346404463,1.16750277607935,0.14162135392812,0.293909297504229,0.488313476890046,0,0.404880412499758,0.10625170542082,0.0201213090180258,0,0.194176066535747,0.83645291397813,8.29074362922266,3.2115594912437,1.16750277607935,0.778706019760052,77.829679276645,7.15992639959765,0.725429493474351,13.5062588105238,85.7683116960027
369,"3.5","47.5",0,5.05715335816266,0.0477521754008651,0.0573275941212812,1.25577799352117,0,0.884310296442745,2.16605399396924,0,0,2.88003303082924,2.9034830636768,6.07328678517926,0,16.066804439414,0,0,0.387149790311276,0,0,0.0862019595178117,0,0.531797910941124,31.5659080659692,22.4844759176502,0,0.670369219052739,6.67082844209633,0,0,0.211285963743966,0,0,0.0862019595178117,0,0.387149790311276,0,6.31293135168383,25.387958981327,18.4441443971272,6.67082844209633,0.884310296442745,38.9464417506645,2.88003303082924,0.473351749829088,56.8158631722344,42.7107850779364
370,"4.5","47.5",1.49680751530407,4.88394694113415,0.0180194319261424,0.0557708793842834,4.52095695529632,0.0133394753654264,5.05301240020255,0.483580918312295,0,0.0176261670060098,1.09552095374864,7.68731440187048,7.23814947084108,0.059355606409941,25.9182199099171,0.535012033306016,0.742844328438821,0.0828677991877059,0,0,0.161542510581518,0,0.533093664574085,32.4548898057126,5.24558005739956,0,0.234886774156695,0.822606006142731,0.122073434090843,0.0688359554229604,0.454146604269812,0,1.49680751530407,0.161542510581518,0,0.0828677991877059,0.0726950817753674,9.40490389643047,13.6757387877089,26.9424095549282,0.822606006142731,5.05301240020255,41.0698220599009,1.21759438783948,1.81391290684866,50.8456582452102,47.3404288479429
372,"6.5","47.5",23.8903511330055,2.18248586308686,0.0239437340650214,0.202078015781109,2.73645992621555,0.0306669289642469,0,0.966951888790523,0,0.0317790699783707,0.924485007190224,11.5619147009862,9.4168609062646,0.025195195204562,16.3291463925678,0.077541315962037,3.76638953256296,0.238829384112868,0,1.65567842500199,0.670962113638142,0,0.73351441342288,16.7132584524306,5.80944237606383,0,0.234037285615812,0.735173209934605,0.192890668793449,0.119753090376915,0.730210969983328,1.65567842500199,23.8903511330055,0.670962113638142,0,0.238829384112868,0.0558621241688089,4.91894578930241,21.137746609613,18.1778414116969,0.735173209934605,0,27.4012341235421,1.11737567598367,26.5116831799273,44.9697070205469,28.5186097995257
373,"7.5","47.5",80.9000072607397,0.183780479756994,0.00776097731806367,0.0324490835417059,0.355512247943972,0.00620808533268828,0.113029683610457,0.638178411292099,0,0.00924613910810439,0.135177596950846,1.53705873971412,0.627387893214992,0.0569830284841574,7.6032051660659,0.0100827709281245,0.402254848747503,0.0111914838095935,0,3.17584161146206,0.124374152301021,0,0.116550750151191,2.65011347421557,0.997211567403163,0,0.026103377636975,0.0335899833194469,0.0118350163483813,0.00468602053766741,0.230180150068781,3.17584161146206,80.9000072607397,0.124374152301021,0,0.0111914838095935,0.0631911138168457,0.539292727700966,2.93652515586479,8.48549588707255,0.0335899833194469,0.113029683610457,3.47044832700662,0.147012613299227,84.2746056221292,11.9949037539578,3.73049062391631
374,"8.5","47.5",18.911954652402,1.53734152518549,0.0355283277291886,0.125971991399946,3.21751230934109,0.00114595685471891,0.0989637246527629,1.3849463408158,0,0.0126264458877204,4.74613733519865,8.76655688072516,20.0881851892633,0.0678184925432479,12.8348309372303,0.0263390329896297,2.012352448812,0.213702594741566,0,1.47514428297079,0.666367386078506,0.000329641452561165,0.359284438386336,12.6451097067323,8.19207625387829,0,0.181365923132113,0.770920685611298,0.59626985581238,0.0802522723086191,0.950965367862874,1.47514428297079,18.911954652402,0.666367386078506,0.000329641452561165,0.213702594741566,0.0689644493979668,4.75485383452658,18.9709855834154,15.2636213641053,0.770920685611298,0.0989637246527629,33.4617846096328,5.34240719101103,21.3364630070434,39.7603814676586,38.9031555252966
375,"9.5","47.5",58.7744480579836,1.03129323131798,0.00376734207531962,0.0306748596016393,0.618970756226956,0.000525086546413334,0.0363248513584357,1.18250247373137,0,0.00074237214654748,0.981670380973307,3.04284393939837,2.97857356824734,0.00109210971243952,11.9669713170388,0.0887414985504787,1.65847195973632,0.0155115651583777,0,7.5131611536347,0.502171134168706,0.000170291137339667,0.336652051344318,6.52004887238351,1.88185723751377,0,0.126921796547153,0.198621990261598,0.164815770425569,0.104326172665512,0.238128160117941,7.5131611536347,58.7744480579836,0.502171134168706,0.000170291137339667,0.0155115651583777,0.00161719625885285,1.65026398754494,6.58317313664846,13.4926704957002,0.198621990261598,0.0363248513584357,10.0853799887498,1.14648615139888,66.8070793983416,21.9247296101552,11.2681909915071
379,"13.5","47.5",0,0,0,0,0,0,0,0,0,0,0,0,0,0,0,0,0,0,0,0,0,0,0,0,0,0,0,0,0,0,0,0,0,0,0,0,0,0,0,0,0,0,0,0,0,0,0
387,"21.5","47.5",9.71167931326475,1.06566395737548,1.69166145047908,6.0595375950775,1.53703525376636,0,0.147621718098357,2.92373765576267,0,0,2.06697089899271,5.69010769311192,0,0,15.457137006811,0.0385261084860047,0.27914663663679,0,0,1.25382834793642,0.972506111629719,0,1.00922912823055,38.9485740091288,7.4764784243208,0,1.22592908949461,0.164370608374962,0,0.749685741418699,1.53057325160286,1.25382834793642,9.71167931326475,0.972506111629719,0,0,0,2.60269921114184,13.4457327540695,20.6611336555952,0.164370608374962,0.147621718098357,48.9734573808965,2.06697089899271,11.9380137728309,36.8739362291815,51.1880499979876
388,"22.5","47.5",7.87480214106256,2.72595243570008,0.172101461539484,0.476872683403555,1.60282186713567,0,0,6.10724744286687,0,0,1.48933391838595,6.84779343495895,3.59529677627733,0.277708151450051,33.2106494767029,0.0627231548435419,1.75532672480172,0,0,11.0006217120276,0.69384780638455,0,0.446650047401373,13.4697660464207,2.68744984229077,0,0.0262572816542911,1.73174815761114,0.133653541063013,1.95358970460093,1.65778619141926,11.0006217120276,7.87480214106256,0.69384780638455,0,0,0.277708151450051,4.32877430283575,11.2905700020514,42.92927281559,1.73174815761114,0,18.2496674515403,1.62298745944896,19.8469798109248,60.2803652780883,19.8726549109892
389,"23.5","47.5",2.04290658665062,0.687454472097932,0.0552958424420653,0.326273525442877,0.589767503567748,0,0,3.44219668050331,0,0,0.194902645454454,2.68412430978754,13.8364480032188,0,59.2066511755702,0.41319164548696,0.28536203595338,0.00657281907398522,0,1.91040538713534,0.220688942196393,0,0.0911675252628714,8.03563335723369,2.52297079299017,0,0,0.252045656121267,0,0.235088477128402,2.96085261668925,1.91040538713534,2.04290658665062,0.220688942196393,0,0.00657281907398522,0,1.27722197566568,5.49245713873109,65.8447889498912,0.252045656121267,0,22.7580098990873,0.194902645454454,4.18057373505634,72.8665137204092,22.9529125445417
390,"24.5","47.5",57.2881432621621,0.526760057573934,0.0944298985129786,0.265559304268032,0.0664028439099462,0,0,1.78365535153204,0,0,0.73522967192043,1.01892723814116,9.08093733408513,0,7.26287596830906,0.0839593645675387,0.30878863314365,0.375590864644442,0,13.1083202345589,1.01907930614888,0,0.0563224428145231,5.98879408907605,0.178389986162492,0,0.0658585159141228,0,0,0.120055881604419,0.571919750950183,13.1083202345589,57.2881432621621,1.01907930614888,0,0.375590864644442,0,0.59316290148388,1.5061058574473,9.7385069523957,0,0,15.6358609492384,0.73522967192043,71.7911336675143,11.8377757113269,16.3710906211588
391,"25.5","47.5",42.1631350731983,0.735397156202509,0.024105029912985,0.342305050370229,0.278573917038254,0,0,1.91980720721557,0,0,0,1.07459491438674,2.82077530923108,2.85688061670799,10.8803638804212,0,0.320345770672542,0.141631171099601,0,17.0975266912787,14.9172003117886,0,0,1.99099723909894,0.598455747306927,0,0.0669000165371065,0,0,0.263678337616256,1.50732655991655,17.0975266912787,42.1631350731983,14.9172003117886,0,0.141631171099601,2.85688061670799,1.01397107324076,1.99339643236621,14.5711759851696,0,0,5.24508264515034,0,77.1763738640732,17.5785434907765,5.24508264515034
411,"-4.5","48.5",0,0,0,0,0,0,0,0,0,0,0,0,0,0,0,0,0,0,0,0,0,0,0,0,0,0,0,0,0,0,0,0,0,0,0,0,0,0,0,0,0,0,0,0,0,0,0
412,"-3.5","48.5",0,0.500224437216869,0.0395241983729207,0.0625388505220524,0.824052982453295,0,11.6903774159241,0.0216525997970043,0,0.0144086961134725,0.258213931531485,13.078480996228,30.1121269343812,0.0799061007012884,1.57687949439879,0.0348265941086014,0.358263260108745,0,0,0,0.0417086345296221,0,0.463677625857091,36.6854456801961,3.02264469956852,0,0.427926144256146,0.386437331665831,0.119723251461967,0,0.200960140609034,0,0,0.0417086345296221,0,0,0.0799061007012884,1.32427741967016,16.4593889559053,1.8139009309183,0.386437331665831,11.6903774159241,67.8260660276941,0.377937182993452,0.12161473523091,19.9840046381596,79.8943806266117
414,"-1.5","48.5",0,5.10322905069992,0.0854768967722214,0.0573555625967192,0.359427767544353,0.0136612933160313,0.0798551006500171,0.0265538833728003,0,0.0520321658685023,3.24582597110554,7.760032661436,5.32875277960894,0.0273862002837378,1.22590621954524,0.0175502789563272,0.0908326140960008,0,0,0,0.0714840132983565,0,0.533638293179824,69.0382623457534,3.10746321399297,0.00206186653545642,2.33593972562518,0.972827316699047,0.0918282115129465,0.225856800084668,0.146759767465877,0,0,0.0714840132983565,0.00206186653545642,0,0.0410474935997691,5.46265681824427,10.958328489525,1.67710883633709,0.972827316699047,0.0798551006500171,77.3969758824926,3.33765418261849,0.114593373433582,19.0709214608054,80.8144851657611
415,"-0.5","48.5",0.339108048022196,6.72737049832194,0.128359244379269,0.138348695203058,4.25553025945098,0,0.730164495294793,0.114694709819508,0,0.0185069486330923,3.92859685536555,12.3291021575321,11.3854514197615,0.104628395238335,4.61554505961828,0.784022913793158,1.37920959956051,0,0,0,0.112966953432134,0,0,37.5183236866965,9.3660122113622,0.0169666548539116,0.698186594863156,3.29174831312964,0,1.49697064512428,0.520185640547641,0,0.339108048022196,0.112966953432134,0.0169666548539116,0,0.104628395238335,10.9829007577729,23.0743239684548,6.7659030037428,3.29174831312964,0.730164495294793,50.6526925546966,3.92859685536555,0.573670051546577,44.1148760431002,55.311453905357
417,"1.5","48.5",0,0.181917442763369,0.0357420299020337,0.0540876965263802,1.03309021812753,0.0270893940744363,0.126547238541325,0.0880156876212545,0,0.0126614545268139,0.481645104423149,1.89957162995452,61.5311242079188,0.0751219150258648,1.72126461836444,0.0297225665609345,0.850686179385065,0.131620673179964,0,0.00508485611688881,0.288080102210478,0,0.104151405429608,20.6287765265001,7.76399849981811,0,0.132189982338137,1.94134137222188,0.0398109970900668,0.0517638983977032,0.764894302971153,0.00508485611688881,0,0.288080102210478,0,0.131620673179964,0.102211309100301,1.2150076608909,10.5142563091577,2.63859996188136,1.94134137222188,0.126547238541325,82.515794415176,0.521456101513216,0.526996940607632,16.3092053041518,83.1637977552305
418,"2.5","48.5",0,0.842630721844583,0.0454707463524064,0.0552365464305167,3.2894595331249,0,0,0.642043999975726,0,0,3.38789684053553,9.66435801051655,23.3166092826064,0.520264421137675,3.92931809536204,0.0853464945593693,1.36850399155428,0,0,0,0.12616950323251,0,0.103337497409946,36.2528434711294,12.1768672057881,0,0.191143018504341,2.76281008882313,0,0,1.23969053111256,0,0,0.12616950323251,0,0,0.520264421137675,4.13209025496948,23.2097292078589,5.81105262645033,2.76281008882313,0,60.0499870569924,3.38789684053553,0.646433924370185,35.9156821781019,63.4378838975279
419,"3.5","48.5",0,0.832096570572912,0.0708142902269805,0,0.065504106261433,0,0,0,0,0.0952692767531299,0,0.601395699878397,59.2609388626949,0,3.97667088159532,0,0,0,0,0,1.41055800507604,0,1.15019146215551,27.8237334904117,1.73770434164633,0,0.198067422561826,0,0,2.77705559016554,0,0,0,1.41055800507604,0,0,0,0.897600676834345,2.33910004152473,6.84899574851399,0,0,88.5037455280509,0,1.41055800507604,10.0856964668731,88.5037455280509
422,"6.5","48.5",18.8841202181301,2.1319394544924,0.0389400164481215,0.0859013657817833,1.61915194872235,0.0168130941184106,0.367364568382766,10.5917160985915,0,0.00438319317091779,3.217014819169,8.09935253332688,11.7154719337831,0.014092289968958,9.54472664967003,0.297688502418339,1.29553210048423,0.102359163568138,0,0.194750420210015,0.553100303753432,0,0.665360368822741,18.557825301587,6.9129004435981,0,0.392897429546016,3.59880427405777,0.205755785533835,0.199144324642838,0.692893398021323,0.194750420210015,18.8841202181301,0.553100303753432,0,0.102359163568138,0.0309053840873686,3.75109140321475,16.3077850774092,21.0328636640966,3.59880427405777,0.367364568382766,31.7540849183871,3.42277060470284,19.7652354897491,44.6905444187783,35.5442200914727
423,"7.5","48.5",6.8516931078417,0.838746015501547,0.0745400901391493,0.0791057613029295,3.60670416584834,0.00786165860583981,0,5.24024273533272,0,0.00352012138254916,1.58392224151479,6.5890326498009,2.68784824875264,0.145304796346798,13.221953441129,0.0219629286986557,0.903100330711255,0.0144114293095984,0,0.037573745031275,0.841094335557434,0,1.05497093308606,36.3545406268417,12.7360414586382,0,0.400537045788148,6.27338866310748,0.11368033954056,0.0464066775086897,0.27181645269989,0.037573745031275,6.8516931078417,0.841094335557434,0,0.0144114293095984,0.153166454952638,4.44545018134989,20.2281744391504,18.7839394280528,6.27338866310748,0,40.6735056346093,1.69760258105535,7.89793907269265,49.7309527116606,42.3711082156646
424,"8.5","48.5",29.7711681775197,1.61576169682307,0.00380557828192481,0.134868275807293,0.17733717411222,0,0.0536001340214002,0.34018756088619,0,0.00249926965932765,0.0911937640936537,1.4159923092791,43.3783876331331,0.0950475947036962,1.26107374463433,0.0101821117143976,0.170299059651582,0.041801421715375,0,4.8675798617562,1.38277936661214,0,0.119235215825061,13.939171228778,0.419177435801891,0,0.211782336541841,0.15752989584112,0.0778688651793793,0.0339772537833161,0.227693033841066,4.8675798617562,29.7711681775197,1.38277936661214,0,0.041801421715375,0.0950475947036962,1.79309887093529,2.00546880473257,1.86543086280423,0.15752989584112,0.0536001340214002,57.7974323800816,0.169062629273033,36.1583764223071,5.82152843431321,58.0200951433761
425,"9.5","48.5",2.52958959217596,0.743656778812174,0.030512311353126,0.0671463893454828,6.8782945703855,0,0.514112522786512,0.352838967917126,0,0.012322889270652,0.792637926501076,19.4533997673009,4.08430980742412,0,20.826830235295,0.0171311749840469,0.0740587951517333,0,0,0.105698763907733,0.321552287213926,0,0.370223485637833,36.8448791107971,1.48385712483619,0,0.141030860957801,0.932125799891993,0.816697390157054,0.903734642058617,1.70335880583831,0.105698763907733,2.52958959217596,0.321552287213926,0,0,0,7.62195134919767,21.0113156872888,23.7990855403797,0.932125799891993,0.514112522786512,41.5552331404995,1.60933531665813,2.95684064329762,53.3644783767582,43.6786809799441
429,"13.5","48.5",89.2201697859065,0.0899680325037456,0.0014731995464599,0.0150266369445781,0.271219945933592,0,0.0385849695199931,0.171601189542248,0,0,0.0514477154825467,0.651350459928396,0.230546848742398,0.0107859302041418,4.21720263785681,0.00262646530702842,0.0625401036593017,0,0,3.61004634652404,0.684159328933078,0,0.00934338493775243,0.276279793477028,0.178915188817451,0,0.0086400097036053,0.0432107717408103,0.0236794109077562,0.040084671464571,0.0910971723922075,3.61004634652404,89.2201697859065,0.684159328933078,0,0,0.0107859302041418,0.361187978437338,0.892805752405149,4.51998567125584,0.0432107717408103,0.0385849695199931,0.54393633865885,0.0751271263903029,93.5251613915678,5.81719017383913,0.657648434569146
432,"16.5","48.5",30.4874479229923,0.0657902648202962,3.05650423412376,1.67543734508255,0.242452720839895,0,0,0,0,0,3.67268277078857,0.127747889021777,29.8988241622367,0,0.182191451090463,0.593705614950723,0.169017033648085,0.036108412885364,0,2.44430943723356,2.40149828742485,0,0.346686744536031,22.6097181155959,0.364547646198875,0,0.00889488347485839,0.475649433782189,0.95681492084331,0.119108067681106,0.0648626407457683,2.44430943723356,30.4874479229923,2.40149828742485,0,0.036108412885364,0,0.308242985660191,0.661312568868737,0.366162159517337,0.475649433782189,0,58.1897711000005,4.62949769163188,35.3693640605361,1.81136714782845,62.8192687916324
433,"17.5","48.5",20.805966523776,1.29153763821171,0.343454261915665,1.65563199138793,0.855832892822148,0,0.0601532389104771,0.461000215537996,0,0,1.27983746673098,1.14046109052868,18.7906509516354,0.00043672923752463,9.40716320556071,0.181045814475638,0.506098652349759,0.0237533613456188,0,1.12668847177474,6.08805745654364,0,0.0715970146729585,26.820259961161,3.34360371697018,0,0.069538017925805,0.984120381152943,0.5569479378319,3.44869995584562,0.687463051696821,1.12668847177474,20.805966523776,6.08805745654364,0,0.0237533613456188,0.00043672923752463,2.14737053103386,4.99016345984862,14.0043264286411,0.984120381152943,0.0601532389104771,47.9321780131744,1.83678540456288,28.0449025426775,22.1259808006766,49.8291166566478
438,"22.5","48.5",8.21044173079256,0.726080825894629,0.271550002120573,1.06726050182985,1.56101482026863,0,0,7.13684235138806,0,0,6.98982887634849,1.55178297312596,0,0,12.1900773409956,0,0.196663309585283,0,0,0.252383514810802,0.393594652636141,0,0.31995819220875,37.9703397104719,15.9358134509979,0,0,0.521107855855419,0.607668393855484,0,4.09759149681392,0.252383514810802,8.21044173079256,0.393594652636141,0,0,0,2.28709564616326,17.6842597337091,23.4245111891976,0.521107855855419,0,39.6291084066311,7.59749727020397,8.8564198982395,43.9169744249254,47.226605676835
444,"28.5","48.5",0,0.0784186993902701,0.252244621444291,0.32563783711531,0.470668524097545,0,0,1.57847063566648,0.675633264508757,0,1.26964941095556,0.749665908910366,52.2709534267976,0,0,0,0.139676065441993,0,0,1.76561171354925,5.42379680446009,0,0.158973417000161,27.9372872256402,4.04451768230643,0,0.0656314110333079,0.431790476417125,0,1.29339141097769,1.06798146428762,1.76561171354925,0,5.42379680446009,0,0,0,0.549087223487815,4.93385965665879,4.61547677544055,0.431790476417125,0,81.0107279390309,1.26964941095556,7.18940851800934,10.5302141320043,82.2803773499864
459,"-6.5","49.5",0,0.0858923271870715,0.351845470134044,0.00938373828691573,0.138834197302242,0,9.87725445284258,0.00427624904345846,0,0,2.28904035437681,2.26182930641577,6.70796775790821,0.371859997311087,0.0700274574375222,0.404983961616128,0.174989988494919,0,0,0,0.0204157667519618,0,2.11713130731165,72.9035235758011,0.426828256458023,0,1.50244682324952,0.130835708238972,0.126676103545938,0.0132732085802969,0.0106839917055102,0,0,0.0204157667519618,0,0,0.371859997311087,0.224726524489314,2.86364755136871,0.0982609067667878,0.130835708238972,9.87725445284258,83.9972826343076,2.41571645792275,0.392275764063049,3.31747069086379,96.2902535450729
468,"2.5","49.5",0,0,0,0,0,0,0,0,0,0,0,0,0,0,0,0,0,0,0,0,0,0,0,0,0,0,0,0,0,0,0,0,0,0,0,0,0,0,0,0,0,0,0,0,0,0,0
478,"12.5","49.5",63.7764461120974,0.300454669420922,0.011551143268504,0.0194173445269399,1.20625034151495,0,0.291180242804716,0.126138698887805,0,0.0030561673459216,0.872217008047418,2.95421189964781,9.82946306834584,0.053426321054229,3.18602803562464,0.00937450679370368,0.339275935352531,0.0045526495966238,0,3.87501206299277,2.73296782184492,0,0.129907765507534,7.42177883222845,0.664688290833872,0,0.153960840717668,0.158354506708911,0.181859196522417,0.82516156476993,0.873264973542681,3.87501206299277,63.7764461120974,2.73296782184492,0,0.0045526495966238,0.053426321054229,1.50670501093587,3.95817612583421,5.01364944017098,0.158354506708911,0.291180242804716,17.5754535013886,1.05407620456984,70.4424049675859,10.63688508365,18.9207099487632
479,"13.5","49.5",71.1030969619481,0.27053056732504,0.00388104023826605,0.0150757475174822,0.543303001164668,0,0.0619132252230366,0.473922148035816,0,0,0.053341987142222,1.07590382009886,0.396918322259344,0.00787524611570864,10.0921717902093,0.00645030600765118,0.103306306210381,0,0,12.5778089815805,1.55235768390368,0,0.0393349443047043,0.852229436158766,0.401617873917117,0,0,0.0304150546203153,0.0494650006080756,0.0854790000866064,0.203601555324397,12.5778089815805,71.1030969619481,1.55235768390368,0,0,0.00787524611570864,0.813833568489708,1.58082800022636,10.8551744936561,0.0304150546203153,0.0619132252230366,1.31388979648621,0.102806987750298,85.241138873548,13.2802511169925,1.47861000945955
480,"14.5","49.5",68.9725824227026,0.457776271363267,0.0153201937271729,0.0626165031698755,0.554601084030283,0,0.01388762787026,0.034997653265423,0,0,0.546977376389104,0.535653845340928,6.58581046846437,0,0.546799064679183,0.205140458182036,0.00237180278653208,0.0355565648897043,0,3.65495239692664,6.30190046385416,0,0.0372835319391439,8.09843323761889,0.549415449666582,0,0.0519561792085913,0.796826812838714,0.533571866978019,1.22127670173183,0.184292022389169,3.65495239692664,68.9725824227026,6.30190046385416,0,0.0355565648897043,0,1.01237735539355,1.08744109779404,1.98736544206561,0.796826812838714,0.01388762787026,15.0565605723101,1.08054924336712,78.9649918483731,4.88401070809191,16.1509974435475
481,"15.5","49.5",65.3529680377231,0.947701505038511,0.0259866008129111,0.158593938500385,3.15359178726999,0,0.169694293480896,0.187163101722788,0,0,0.223437996013494,1.38740444416958,7.27238195242195,0,3.77050756916081,0.0966752095069224,0.111990855043187,0,0,5.34872768069901,0.776766410521599,0,0.0595403312521492,7.83296139458781,0.0367359215187211,0,0.18192585708885,1.08807358656172,0.72519349583327,0.375829837252527,0.716148193819775,5.34872768069901,65.3529680377231,0.776766410521599,0,0,0,4.1012932923085,1.53613122073149,5.0496487019559,1.08807358656172,0.169694293480896,15.628065284171,0.948631491846764,71.4784621289437,11.7751468015576,16.7463910694986
484,"18.5","49.5",72.3216397097554,0.570877164802165,0.0873168406682429,0.350429552592578,0.815038019132494,0,0.0652285427112919,0.581449713224975,0,0,0.152594545357688,2.92816763410988,0.608105238473197,0,4.66980106634749,0.234593547661031,0.232192475935636,0.0222219811356617,0,8.56394385202189,1.15906557944519,0,0.119589758413374,2.27617169122953,1.13247044076151,0,0.107420217533188,0.738301354954733,0.141503713740212,0.892969743178071,1.22890761681462,8.56394385202189,72.3216397097554,1.15906557944519,0,0.0222219811356617,0,1.38591518393466,4.29283055080703,7.37312813956516,0.738301354954733,0.0652285427112919,3.78362684657114,0.2940982590979,82.0668711223581,13.7901752292616,4.14295364838033
485,"19.5","49.5",75.6420919170026,0.436269385062366,0.0132963079244663,0.0993958432410225,0.815702032253726,0,0.794113318840783,0.701347507958573,0,0,0.122773814226138,0.536591643989905,3.70638642402576,0.292038426754689,3.74330251098351,0.0155585475932782,0.159296188399637,0,0,7.24510045638316,1.55524389757961,0,0.0626509912216117,2.80654200730802,0.438933071137529,0,0.0206751924631848,0.100465573281657,0.0112290754757531,0.125194363171008,0.555801503726214,7.24510045638316,75.6420919170026,1.55524389757961,0,0,0.292038426754689,1.25197141731609,1.13482090352707,5.12564588583931,0.100465573281657,0.794113318840783,6.72450531377734,0.134002889701891,84.7344746977201,7.61290377996413,7.65262152232002
486,"20.5","49.5",26.7363343887142,0.222410640836761,0.243352336448608,0.0879341495993929,0.363224204484855,0,0.0169261400245652,0.357271663569317,0,0,0.0103166188526632,1.73964884996775,22.0128681555533,0.0251805917822533,1.23320440012909,0.00833610481431297,0.0987417166208716,0.0155545405318373,0,20.0338688210335,14.882747119366,0,0.0208329124200697,7.42400675905383,0.374367893353742,0,0.0209349420974681,3.60802645820005,0.0111800320789287,0.0655168446615583,0.387213715810267,20.0338688210335,26.7363343887142,14.882747119366,0,0.0155545405318373,0.0251805917822533,0.585634845321616,2.21275845994236,2.04320662417023,3.60802645820005,0.0169261400245652,29.818265359987,0.0214966509315919,61.6936854614278,8.44962638763426,29.8566881509431
487,"21.5","49.5",68.9943586578745,1.32860381150702,0.0295500690860788,0.140925383325669,0.50427879115652,0,0,0.820808754002768,0,0,0.329407431829738,1.16336275163816,2.66705297024954,0.00299783708175763,7.94495010712267,0.125428442190739,0.614164520662356,0.0110902654325072,0,0.449761560750711,0.971856367916324,0,0.0668987690514192,10.8468036363414,0.700843201050504,0,0.0276481419371791,0.50370056885913,0.0742042866325556,0.625735507737018,1.05556816656448,0.449761560750711,68.9943586578745,0.971856367916324,0,0.0110902654325072,0.00299783708175763,1.83288260266354,2.47837047335102,10.4470625354269,0.50370056885913,0,13.904307412182,0.403611718462294,70.4300646890558,15.2620161803006,14.3079191306443
488,"22.5","49.5",55.4627176627502,0.705396215295746,0.0786348388217809,0.405315465406606,1.86454724028107,0,0.143871026744309,3.19090774460999,0,0,0,1.73289156488128,2.35178813532433,0.195201330541712,16.8083034170696,0.0228701319902627,1.019204721231,0,0,6.3546348231175,0.866147334140684,0,0.270292718212223,3.92664626165759,1.97545614828802,0,0.0593190397405169,0.253580641301487,0.102360609226964,0.391862785569193,1.81805014379791,6.3546348231175,55.4627176627502,0.866147334140684,0,0,0.195201330541712,2.56994345557682,4.7275524344003,22.2091240910467,0.253580641301487,0.143871026744309,7.11486659115331,0.102360609226964,62.8787011505501,29.7602006223253,7.36109822712458
491,"25.5","49.5",0,0.584575538971586,0.969564898590812,1.70682267968289,2.71634987284108,0,0,0.802280227602925,0,0,0,0.261957022940633,28.1927613767882,0,1.60423602070928,0,0.390457945005689,0,0,2.63236556353972,27.9202162188075,0,0,27.7973750891869,3.93895547367629,0,0,0,0,0.482082071656569,0,2.63236556353972,0,27.9202162188075,0,0,0,3.30092541181267,4.59137044162261,2.88859831996877,0,0,58.6665240442488,0,30.5525817823472,10.7808941734041,58.6665240442488
497,"31.5","49.5",0,0.796754344831435,0.790209476870315,1.06254196060115,3.41131101319449,0,0,0.703651767129637,0,0,0,10.5998833880149,2.29557889974821,0.6037965950144,0,0,2.38131832978805,0,0,0,45.0071479438863,0,0,11.0474734550383,7.79248106124589,0,0,1.05164819640386,0,9.4538118715076,3.00239169672551,0,0,45.0071479438863,0,0,0.6037965950144,4.20806535802592,20.7736827790488,13.1598553353627,1.05164819640386,0,15.195803792258,0,45.6109445389007,39.1932516688414,15.195803792258
512,"-3.5","50.5",0,0.589916443209076,0.0247746760508083,0.0319833389920564,0.348578898592814,0,13.8500907088433,0.0193421407411896,0,0,0.588861157017811,8.00409603941012,26.8720720534426,0.0919695051986071,0.306908301221797,0.123691204831217,0.367249588659016,0.0136932773637862,0,0,0.095615275363516,0,1.00254535811166,43.9043457573607,2.81395094576444,0,0.197988495695416,0.214623385416111,0.121980001562924,0.0717986419180059,0.343924805233314,0,0,0.095615275363516,0,0.0136932773637862,0.0919695051986071,0.93849534180189,11.1852965738336,0.741973889114307,0.214623385416111,13.8500907088433,72.1574008844845,0.710841158580735,0.201278057925909,13.0803891901659,86.7183327519085
514,"-1.5","50.5",0,8.87143682534031,0,0,3.10425876776956,0,6.65635855033932,0,0,0,0.150881161717773,30.5826317610856,5.66460500338949,0.199677866552794,0.162584409635018,0.50311966494821,1.23861413137269,0,0,0,0.108505388412215,0,0.939245204964703,26.214353024191,11.4668456106712,0,0.436795318335616,1.39762972285213,0,0.913912071127093,1.38854551729109,0,0,0.108505388412215,0,0,0.199677866552794,11.9756955931099,43.2880915031295,2.4650419980532,1.39762972285213,6.65635855033932,33.758118215829,0.150881161717773,0.308183254965009,59.1264588171447,40.5653579278861
515,"-0.5","50.5",0,0,0,0,0,0,0,0,0,0,0,0,0,0,0,0,0,0,0,0,0,0,0,0,0,0,0,0,0,0,0,0,0,0,0,0,0,0,0,0,0,0,0,0,0,0,0
516,"0.5","50.5",0,4.45633309279639,0.154601333341965,0.0749514598064787,1.9812746284453,0,10.9712733754104,0.0167571530503663,0,0,1.65279218859296,9.93726773351933,28.2146879581917,2.13999320295425,1.0358835155129,0.404822155430442,0.666981607267461,0,0,0.00772472731373844,0.0522578685916701,0,0.80660850280974,32.4419693471908,3.15441916798968,0,0.153032425423934,1.23875985791449,0,0.13646440016875,0.301144298271849,0.00772472731373844,0,0.0522578685916701,0,0,2.13999320295425,6.43760772124169,13.7586685087765,1.49024936700387,1.23875985791449,10.9712733754104,62.2506731821951,1.65279218859296,2.19997579885966,22.9252854549365,74.8747387461984
522,"6.5","50.5",0.105277078563942,3.9420416632692,0.0229983502850292,0.153467503812097,5.00216143620408,0,0.276993865677411,4.46692281973517,0,0,1.57141486254228,14.1018169031195,3.59796925718835,0.00323229227666578,16.9517827186531,0.273451029047862,5.33713909078446,0.0593901535652374,0,0.0427012577253704,0.294653540158612,0,2.03587356079319,29.4809320045262,8.65868670425523,0,1.01254299733894,1.37723822285723,0.0476712538590686,0.233991928529544,0.949649505238178,0.0427012577253704,0.105277078563942,0.294653540158612,0,0.0593901535652374,0.00323229227666578,8.94420309947328,28.0976426981592,22.602346972156,1.37723822285723,0.276993865677411,36.5772347029917,1.61908611640135,0.505254322289828,61.0214309926457,38.4733146850704
526,"10.5","50.5",0,0,0,0,0,0,0,0,0,0,0,0,0,0,0,0,0,0,0,0,0,0,0,0,0,0,0,0,0,0,0,0,0,0,0,0,0,0,0,0,0,0,0,0,0,0,0
527,"11.5","50.5",81.5723105127532,0.281381034135618,0,0,0.507454923401805,0,5.56282754581932,0.756872393565894,0,0,0,1.33113229180281,0.959769238480438,0.0267011784698355,4.00090158868917,0.0287491492919328,0.0677944858182784,0,0,3.56579305875745,0.401417516752542,0,0,0.410567952016632,0.226249623631778,0,0,0,0,0.153668723144692,0.146408783468565,3.56579305875745,81.5723105127532,0.401417516752542,0,0,0.0267011784698355,0.788835957537423,1.62517640125287,5.05785148886832,0,5.56282754581932,1.399086339789,0,85.566222266733,7.47186384765861,6.96191388560832
529,"13.5","50.5",70.0836994058574,0.197936213783304,0.00721733992634182,0.100839840854881,0.736712047483503,0,0.475590184213524,0.434202816534628,0,0,0.205597690510004,0.901817049704055,2.18986789982163,0.0129192506274146,7.90209169289317,0.0357653221435966,0.577232178953444,0.00965468957336143,0,7.02997894841918,2.71505896524127,0,0.148590826168002,2.25622338038532,2.74699683916801,0,0.375003212824252,0.0838606543361044,8.68848197612431e-05,0.452638643746166,0.320418022014125,7.02997894841918,70.0836994058574,2.71505896524127,0,0.00965468957336143,0.0129192506274146,0.934648261266807,4.22604606782551,9.10935117518809,0.0838606543361044,0.475590184213524,5.11350782212402,0.205684575329765,79.8513112597186,14.3539061586165,5.79478258166731
530,"14.5","50.5",42.9822960819635,0.440266651440743,0.038599570436901,0.414271239441668,2.32582387082074,0,2.62888425491326,0.975850165031702,0,0,0.655319708858778,1.33009479028691,1.2179023535752,0.0245083522028131,6.02738851244611,0.10439964564333,0.241001866282259,0.00736305207303464,0,1.02371893790351,3.85960840001377,0,0.446038346242942,32.3380333749016,1.87669487329238,0,0.0844347983764874,0.238677210705064,0.0893221588096772,0.23529440466997,0.394207379672359,1.02371893790351,42.9822960819635,3.85960840001377,0,0.00736305207303464,0.0245083522028131,2.76609052226148,3.44779152986155,7.63274046182014,0.238677210705064,2.62888425491326,34.6436793286181,0.744641867668455,47.8974948241566,14.0852997246482,38.0172054511998
531,"15.5","50.5",86.3298861637234,0.458918401689514,0.00434725127559825,0.0901713580492366,0.333067412471695,0,0.0984187683741568,0.88941203753112,0,0.00030412561844127,0.0859115604575883,1.04867665198155,1.1323835290727,0.135640940223118,2.76254191321543,0.254006503160302,0.144045284140429,0.000962000829656532,0,1.30723745805382,1.43042292279255,0,0.0329585475116715,1.39408184322413,0.975907464815967,0,0.0197474267199952,0.0798648572090225,0.0146248108392341,0.322497131017312,0.653963636003097,1.30723745805382,86.3298861637234,1.43042292279255,0,0.000962000829656532,0.135640940223118,0.791985814161209,2.16862940093795,4.6287188433854,0.0798648572090225,0.0984187683741568,2.92769645901363,0.100536371296822,89.2041494856225,7.66919891569358,3.12665159868461
532,"16.5","50.5",73.6398244515274,0.324586674721427,0,0.0684021608401528,1.74314163439084,0,0.441030592773326,0.779356752988567,0,0,0,0.828192555279933,2.05316013659515,0.0139711048676032,9.64253785318203,0.0141485070223141,0.111436760664954,0,0,4.87815533707608,2.86521215266453,0,0.058738753951948,0.954852681574248,0.629816203851162,0,0.0263616077377236,0.101209467494465,0,0.306233988632697,0.519630622168227,4.87815533707608,73.6398244515274,2.86521215266453,0,0,0.0139711048676032,2.06772830911227,1.56944551979605,11.2477592169715,0.101209467494465,0.441030592773326,3.17566384772154,0,81.3971630461356,14.9861425133743,3.61669444049486
533,"17.5","50.5",61.320071150795,0.499042270117695,0.047793841164522,0.603808582718281,1.43472681754695,0,3.58886696358048,1.08694273680685,0,0,0,0.797663943138026,2.8820422417738,0.534673305566275,6.95671456924892,0,0.126717273249124,0.0436917782866855,0,3.71043555476753,3.18042576071723,0,0.339678144875722,10.1448316286374,0.833780341741521,0,0.200129852988772,1.04612548343497,0.0961509063608483,0.109267152647208,0.41641969985234,3.71043555476753,61.320071150795,3.18042576071723,0,0.0436917782866855,0.534673305566275,1.93376908766465,1.75816155812867,8.56934415855532,1.04612548343497,3.58886696358048,14.2182842921585,0.0961509063608483,68.7892975501327,13.3074002877836,17.9033021620998
536,"20.5","50.5",33.8894213948561,3.33845312099931,0.066209857283461,0.506896583332422,5.30095664009895,0,0,1.83995901443496,0,0,3.20101839386946,2.57956091118027,6.25353428699205,1.40639792535172,2.78577857757429,0.0796194679423934,0.165197998181421,0,0,2.41350894090258,11.4502834378036,0,0.34611954098784,17.6842989389467,2.14508477055802,0,0.930622697827554,0.974972889663507,0.268008879302103,1.28568058744901,1.08841514446448,2.41350894090258,33.8894213948561,11.4502834378036,0,0,1.40639792535172,8.63940976109826,4.88984367991971,6.99983332392274,0.974972889663507,0,25.8673013733124,3.46902727317156,49.159611698914,21.5040596546042,29.336328646484
537,"21.5","50.5",23.2879260180783,1.52588509967312,0.0298557239951064,0.369428786334252,6.98974866205318,0,0,9.25816028848286,0,0,0.112262485802188,4.11852211388633,13.6725585935486,0.298014626384979,7.05063632535248,0.0724892100999995,0.309343826353383,0,0,2.26236312821631,7.6497243680746,0,0.353347471846804,7.31437579978098,7.04744460749809,0,0.282998875453171,2.49220564559918,0.681522593156285,2.79852281745294,2.02266293287491,2.26236312821631,23.2879260180783,7.6497243680746,0,0,0.298014626384979,8.5156337617263,11.4753105477378,21.1299823641632,2.49220564559918,0,22.0950544610589,0.793785078958473,33.4980281407542,43.6131323192265,22.8888395400174
540,"24.5","50.5",37.2095570658474,0.352958316860753,0,0.188712588065959,3.23077280150785,0,0,2.60022739726233,0,0,6.08231967629027,1.04266552148999,17.6436375471599,0.0682678019622908,0.949685527397714,0,0.626980835970064,0.0521267298179833,0,2.08166238931773,13.4165590543624,0,0.077058113359556,6.3990149219953,5.91328870750409,0,0.0753661765226314,0.33226801662576,0,0.173044895523324,1.48382591515669,2.08166238931773,37.2095570658474,13.4165590543624,0,0.0521267298179833,0.0682678019622908,3.5837311183686,7.58293506496414,5.20678373534006,0.33226801662576,0,24.3837893471033,6.08231967629027,52.8281730413078,16.7057179352986,30.4661090233936
556,"-9.5","51.5",0,0.460404708006494,0,0,7.15859268147084,0,8.60298845273957,0,0,0,0,45.8993833788237,1.10380839898755,0.190310259875069,0,0,1.43690726344728,0,0,0,1.18054892332576,0,0,10.9782943682637,20.6862544382232,0,0,1.81306645279062,0,0,0.489440674046164,0,0,1.18054892332576,0,0,0.190310259875069,7.61899738947733,68.0225450804942,0.489440674046164,1.81306645279062,8.60298845273957,12.0821027672512,0,1.37085918320083,77.9440495968083,20.6850912199908
561,"-4.5","51.5",0,0,0,0,0,0,0,0,0,0,0,0,0,0,0,0,0,0,0,0,0,0,0,0,0,0,0,0,0,0,0,0,0,0,0,0,0,0,0,0,0,0,0,0,0,0,0
562,"-3.5","51.5",0,0.090858754552197,0.0166237136323591,0.0186463785953147,0.235522122865751,0,9.28209186103341,0.0247453011418434,0,0,0.148658705237744,3.9140454920479,17.8262475177524,0.0551199959568431,0.285936802221678,0.560857493754922,0.346729152333991,0.00692363766086771,0,0,0.050805656456704,0,1.03483028165427,61.7112096173812,2.64236732954522,0,0.259999504648206,1.15929633887663,0.00772656551513535,0.0258460744130499,0.294911702721936,0,0,0.050805656456704,0,0.00692363766086771,0.0551199959568431,0.326380877417948,6.90314197392711,0.631439880498507,1.15929633887663,9.28209186103341,81.4284145074187,0.156385270752879,0.112849290074415,9.02025907072019,90.866891639205
565,"-0.5","51.5",0,0,0,0,0,0,0,0,0,0,0,0,0,0,0,0,0,0,0,0,0,0,0,0,0,0,0,0,0,0,0,0,0,0,0,0,0,0,0,0,0,0,0,0,0,0,0
566,"0.5","51.5",0,0,0,0,0,0,0,0,0,0,0,0,0,0,0,0,0,0,0,0,0,0,0,0,0,0,0,0,0,0,0,0,0,0,0,0,0,0,0,0,0,0,0,0,0,0,0
575,"9.5","51.5",0.684008851215425,3.55368744710326,0.00651996660508827,0.0741681226966978,5.96025196999951,0,0.431344288548974,1.12745590070493,0,0,1.70157483656079,3.9461265824492,1.00652634941166,0.0121924854259642,18.3075636897898,0,0.200087880224517,0,0,0.0838269687300969,0.196390679519328,0,0.364661301701527,59.8799300704154,1.66768203544545,0,0.154330191030753,0.0504935332256213,0,0.170016892771495,0.421159956424505,0.0838269687300969,0.684008851215425,0.196390679519328,0,0,0.0121924854259642,9.51393941710277,5.81389649811917,20.0261964396907,0.0504935332256213,0.431344288548974,61.4861360018611,1.70157483656079,0.976418984890814,35.4045258881383,63.6190551269709
576,"10.5","51.5",8.75581369697944,1.40448107222129,0.0422508432443943,0.22862242509149,2.26780914293791,0,5.84959961760192,4.3166576420281,0,0.0146355712009654,1.38958567350054,4.78418108362793,19.4348734167367,0.27629836906813,25.779513904009,0.0875680346567893,1.02498931161116,6.15389189499422e-05,0,3.9495198136826,2.01732040514762,0,0.289850643685103,7.7790692833268,7.30140888425669,0,0.0470306021106349,0.131700493916339,1.11249580776208,0.624490862155755,1.09017186052115,3.9495198136826,8.75581369697944,2.01732040514762,0,6.15389189499422e-05,0.27629836906813,3.6722902151592,13.1105792794958,31.825469839915,0.131700493916339,5.84959961760192,27.9092652488519,2.50208148126262,14.9990138237967,48.7400398284863,36.2609463477165
580,"14.5","51.5",9.98838820072151,5.67406782245507,0.0559163817984738,0.587569138373905,6.26729160110586,0,9.75777774870087,6.46739483843758,0,0,1.0170018190899,5.57300064084508,1.49448527658399,0,9.94866497184274,0,0.326504040187246,0,0,0.463984878853756,14.9238489316039,0,0.225614406144334,7.71528024036485,14.6140457830209,0,0.571127104453153,0.504672488512773,1.50893502982763,0.289778941290226,2.02464971578631,0.463984878853756,9.98838820072151,14.9238489316039,0,0,0,11.9413594235609,20.5135504640532,18.7304884673569,0.504672488512773,9.75777774870087,10.6499925477187,2.52593684891753,25.3762220111792,51.6900708434838,22.9337071453371
586,"20.5","51.5",37.1337907899496,3.66361766951162,0,0.605340855572124,15.9025995945367,0,0,2.38149353427983,0,0,0,2.09037472447817,1.7143731683609,0,4.0889879256219,0.434891525520975,0,0,0,3.5215399562197,11.3623542932341,0,0,9.90050504728418,3.63721446467864,0,0,0,0,1.22626121746733,2.33665523328421,3.5215399562197,37.1337907899496,11.3623542932341,0,0,0,19.5662172640483,5.72758918915681,10.0333979106533,0,0,12.6551105967382,0,52.0176850394034,35.3272043638584,12.6551105967382
605,"-10.5","52.5",0,0.0657357966885434,0,0,0.124055393597082,0,68.3877052229105,0,0,0,0,0.758988182118901,2.49479079110789,0.566696275394052,0,0.0617758838567802,0.290259975631142,0,0,0,0.0316955622689015,0,0.931417382201734,25.758714918189,0.48117715024884,0,0.0469874657866211,0,0,0,0,0,0,0.0316955622689015,0,0,0.566696275394052,0.189791190285625,1.53042530799888,0,0,68.3877052229105,29.293686441142,0,0.598391837662953,1.72021649828451,97.6813916640525
606,"-9.5","52.5",0,1.37007881607275,0,0.0281798163244615,4.55507878841035,0,5.5334467079081,0.00909475234850263,0,0,0.200360656075585,23.7863022376633,14.2286522967799,0.512305486924058,0.0134526413410041,0.0345397079379938,2.00343472201232,0,0,0,1.74007242577981,0,1.84574461799807,32.4622467607138,7.72975561090709,0,0.159008262836985,2.19867583683685,0.203643075596721,0,1.38592677953277,0,0,1.74007242577981,0,0,0.512305486924058,5.9251576044831,33.5194925705827,1.40847417322228,2.19867583683685,5.5334467079081,48.7583714625912,0.404003731672306,2.25237791270387,43.0518001851249,54.6958219021716
607,"-8.5","52.5",0,0.271367497470767,0.00913188858648258,0.0337302181726429,0.575030967389589,0,37.8088053337246,0,0,0,0.248501198384708,8.46405639715384,9.40217689643699,0.140301076412099,0.023227706892862,0.0333678817203233,0.71145306514827,0,0,0.0240847239150433,0.0867943931575962,0,0.382105593909068,38.4158315461457,1.90229344466982,0,0.446869658429288,0.593479460436713,0,0,0.427391051843504,0.0240847239150433,0,0.0867943931575962,0,0,0.140301076412099,0.846398464860356,11.0778029069719,0.450618758736366,0.593479460436713,37.8088053337246,48.7232136834005,0.248501198384708,0.251180193484739,12.9682995910054,86.7805202155098
608,"-7.5","52.5",0,0,0,0,0,0,0,0,0,0,0,0,0,0,0,0,0,0,0,0,0,0,0,0,0,0,0,0,0,0,0,0,0,0,0,0,0,0,0,0,0,0,0,0,0,0,0
609,"-6.5","52.5",0,0.503010769038229,0.0122112443461324,0.0414388169764753,1.02343043228828,0,36.8937696763681,0.00371684018350731,0,0,0.953427294819235,18.2196663245624,4.93253799201667,0.187421755098674,0.0382877267588379,0.0591639960869858,1.2233879042126,0,0,0.00574709005862943,0.414472094081743,0,0.887630743531763,28.2650740479293,2.37159504406306,0,0.434051177822465,0.272871443639095,0,0.0185107038290517,3.23857688230015,0.00574709005862943,0,0.414472094081743,0,0,0.187421755098674,1.52644120132651,21.8146492728381,3.29909215307155,0.272871443639095,36.8937696763681,34.6321080187098,0.953427294819235,0.607640939239046,26.9130540708752,72.4793049898971
612,"-3.5","52.5",0,0,0,0,0,0,0,0,0,0,0,0,0,0,0,0,0,0,0,0,0,0,0,0,0,0,0,0,0,0,0,0,0,0,0,0,0,0,0,0,0,0,0,0,0,0,0
613,"-2.5","52.5",0,1.47250979538866,0.0587108869200892,0.0289962840768998,0.508620145003569,0,1.16669233242396,0,0,0,0.725805913908649,9.79054049128343,32.2261876049775,0,0.0203172832135826,0.284497049690583,0.678583829840933,0,0,0,0.280639441564558,0,2.1576287972047,44.5588241115275,3.92077931799157,0,0.377426567435954,0.554406433568011,0,0.580476284796002,0.608357429183842,0,0,0.280639441564558,0,0,0,1.98112994039223,14.3899036391159,1.20915099719343,0.554406433568011,1.16669233242396,79.6922713018332,0.725805913908649,0.280639441564558,18.1345910102696,81.5847695481658
615,"-0.5","52.5",0,0.198589266998752,0.153753104682577,0.357654739111685,0.450083211604233,0,0.380503005868463,0.0809678849437743,0,0,0.733471450931517,4.64083244405983,28.5088043727681,0,0.605752498560455,0.243023976487831,1.35080386800518,0,0,0,0.103651252084523,0,1.06582444573445,54.6050511754906,4.37502996199655,0,0.356559637375325,1.7896437032962,0,0,0,0,0,0.103651252084523,0,0,0,0.648672478602985,10.3666662740616,0.686720383504229,1.7896437032962,0.380503005868463,85.2906714516506,0.733471450931517,0.103651252084523,13.491702839465,86.4046459084505
616,"0.5","52.5",0,0.308148663081054,0.200397089174635,0.288660123689743,0.779691927687831,0,2.41846352617752,0.120778424018515,0,0,5.12650086659881,9.11096810429007,25.0782162612759,0.0775055986590125,0.463093611869762,0.156571118794533,1.36913403619554,0,0,0,0.29454452356458,0,1.38519310918156,41.38222865661,7.53568760975746,0,0.25063783139649,2.1623095149043,0.238237636854542,0.653275993503498,0.599755772702952,0,0,0.29454452356458,0,0,0.0775055986590125,1.08784059076889,18.0157897502431,1.83690380209473,2.1623095149043,2.41846352617752,68.7419041901229,5.36473850345335,0.372050122223593,23.102843658011,76.5251062197537
622,"6.5","52.5",1.83941141158666,12.3933947613058,0,0,7.49998786921736,0,0,2.21245999790604,0,0,0,20.5500674804442,0,0,21.8609015355866,0,5.59671314228791,0,0,0.222219197780549,0.986497450964689,0,0,0,20.9457366490566,0,0,1.13802354658946,0,0.427454238438232,4.32713271883584,0.222219197780549,1.83941141158666,0.986497450964689,0,0,0,19.8933826305232,47.0925172717887,28.8279484907667,1.13802354658946,0,0,0,3.0481280603319,96.951871939668,0
624,"8.5","52.5",0,0,0,0,0,0,0,0,0,0,0,0,0,0,0,0,0,0,0,0,0,0,0,0,0,0,0,0,0,0,0,0,0,0,0,0,0,0,0,0,0,0,0,0,0,0,0
627,"11.5","52.5",1.07567470887192,3.30848462396735,0.0426554200329558,0.198908976955785,6.12559322619368,0,4.31819367967282,10.1490011642313,0,0,1.22852781713566,4.82574643800345,2.79737681120217,0.0247789234410793,20.5800201543297,0.0311693856662662,1.47377112424678,0,0,1.06409159900637,4.1204856518305,0,0.685729573275208,13.1258165063127,16.4154359465694,0,0.708115128446408,0.336912264175375,3.41770896496387,0.242906855432183,3.70289505603706,1.06409159900637,1.07567470887192,4.1204856518305,0,0,0.0247789234410793,9.43407785016103,22.7149535088196,34.6748232300302,0.336912264175375,4.31819367967282,17.5897718018915,4.64623678209953,6.28503088314987,67.1607668531863,26.5542022636638
628,"12.5","52.5",0.888568564177833,1.54414521878143,0.0515664108107282,0.159818843281488,5.1864130830495,0,3.37227540914437,1.58538897948057,0,0,0.501672505301356,0.956608490661069,30.6924834384989,0,3.00319260813839,0.0931328179442521,0.223931490856394,0.0514739877157845,0,0.433519050510902,22.2351806960868,0,0.242648909452832,20.2126157381167,7.84452567434773,0,0.144044057060055,0.0988936025609457,0.232605046317671,0,0.2452953777043,0.433519050510902,0.888568564177833,22.2351806960868,0,0.0514739877157845,0,6.73055830183093,9.02506565586519,4.83387696532326,0.0988936025609457,3.37227540914437,51.596310215165,0.734277551619027,23.6087422984913,20.6883945255803,55.7028631759284
629,"13.5","52.5",6.29157178331221,2.98661770746563,0.0311550989980269,0.520282589434261,11.6329582526432,0,4.92230384128402,3.56281740531169,0,0,1.07921388175636,6.1768584912245,9.10807406812737,0,6.37198630449694,0.0894325965177693,0.894898119827259,0.0260926059937804,0,0.371665541659923,14.4383100761151,0,0.696973944010894,13.6685970561146,14.4972115933932,0,0.479169607884601,0.332982994809905,0.520828815550819,0.186242136031441,1.11375548803846,0.371665541659923,6.29157178331221,14.4383100761151,0,0.0260926059937804,0,14.6195759601088,21.568968204445,11.2348013338785,0.332982994809905,4.92230384128402,24.5936849610875,1.60004269730718,21.127640007081,47.7563284932422,31.1160314996787
630,"14.5","52.5",5.35514096252246,4.00468145161196,0.0673217879643112,0.601829062609635,6.69486679940512,0,4.42175941950102,7.14680565512409,0,0,0.747961665238076,5.79358340008364,3.50703955650927,0.0612329371041154,11.1060960196885,0.0141611228209872,0.743851929493324,0.0147516424037945,0,0.205479868103251,16.7832403663069,0,0.523414368000801,15.0864335999419,12.0799575060521,0,0.364084988494127,0.482568579111812,1.50602936540301,0.62310228529473,2.06460566120579,0.205479868103251,5.35514096252246,16.7832403663069,0,0.0147516424037945,0.0612329371041154,10.6995482510171,18.6173928356291,20.9406096213131,0.482568579111812,4.42175941950102,20.164284486341,2.25399103064109,22.4198457764405,50.7401192870711,26.8400349364831
633,"17.5","52.5",1.36771243657335,2.94562649966879,0.0680624670944568,0.732672801949293,10.6013701135399,0,0.694223441401032,13.5215014201186,0,0.000608952380401434,1.39636856815619,5.69876531862283,5.07833469406425,0.0711722558021011,1.88107846857119,0.159152857056299,1.656771406252,0.0503377498106543,0,0.196565720929755,7.69455010356366,0,0.93934009883889,24.9604951449566,9.92476719077379,0,0.924462021776497,1.55825357290444,3.18112875833331,1.56056950121202,3.13610843564978,0.196565720929755,1.36771243657335,7.69455010356366,0,0.0503377498106543,0.0711722558021011,13.5469966132087,17.2803039156486,20.099866777932,1.55825357290444,0.694223441401032,32.8625200857363,4.5774973264895,9.38033826667952,52.4854208796938,38.1342408536268
634,"18.5","52.5",0.108497007703594,0.952873951426975,0.225548268982601,0.533144181458545,5.07586711519057,0,0.38401524271296,1.76092674173298,0,0,0.811023135573366,2.04950340066729,21.4304938497481,0,0.514904073380396,0.0739678789000282,0.593457063900086,0.0137637599096295,0,0.336701885029768,12.2143251828649,0,0.385964370325377,47.4699596581954,3.4228713415995,0,0.16248854033961,0.410720144653217,0.279089677162728,0.45272831414102,0.337165214406536,0.336701885029768,0.108497007703594,12.2143251828649,0,0.0137637599096295,0,6.02874106661754,6.06583180616688,3.06572434366093,0.410720144653217,0.38401524271296,70.2815667479497,1.09011281273609,12.6732878355079,15.5710173610986,71.7556948033987
635,"19.5","52.5",3.42016641599331,3.18489565669842,0.0202888321869862,0.233961958373504,12.9427648554169,0,2.10128861412423,22.2911770820367,0,0,0.125238386857471,5.26645419070691,0.463920569835328,0.0593955489468488,2.0220468149578,0.120145160260498,1.38809199085648,0.0199332801965066,0,0.38774473683465,18.6096588512506,0,0.227116886684018,8.03742387239706,13.9764064572128,0,0.169116445148799,0.237296223752114,0.174203771192723,1.19874833310247,3.32251506497692,0.38774473683465,3.42016641599331,18.6096588512506,0,0.0199332801965066,0.0593955489468488,16.1276605121153,20.6309526387762,28.8344872950739,0.237296223752114,2.10128861412423,9.27197372488619,0.299442158050194,22.4968988332219,65.8303966697175,11.6727044970606
636,"20.5","52.5",0.946026148119025,3.04908367854241,0.051515142097795,0.590286597156992,19.9410252011258,0,1.05236128900019,10.5391217197426,0,0,0.330171140316935,3.13494820481844,2.7524332679767,0,1.03625461533008,0.0750379402497793,2.24455771327613,0.00931833332260561,0,0.379783681095987,18.0507191466834,0,0.45671983884826,16.7251773337837,11.4047368646439,0,0.960446932863084,0.865092109888427,0.874782111831478,1.20933923539429,3.32106175389197,0.379783681095987,0.946026148119025,18.0507191466834,0,0.00931833332260561,0,22.9901088796682,16.7842427827385,16.1057773243589,0.865092109888427,1.05236128900019,21.6116170529763,1.20495325214841,19.385847309221,56.745221096654,23.8689315941249
641,"25.5","52.5",2.07048022266469,4.67557015192959,0.0764638671989363,0.278916701710259,11.1283031840502,0,0,6.18397553757622,0,0,1.53787762187908,6.8880571733314,1.44387100274844,0.376931132451357,0.989178214671632,0,1.20162311450997,0,0,4.29403955497123,40.2986369290273,0,0,6.02214530729662,6.73929743252171,0,0.132044733091697,0.379047175353037,0.427830616612976,2.10772243526028,2.74798789114333,4.29403955497123,2.07048022266469,40.2986369290273,0,0,0.376931132451357,15.8038733359798,14.8289777203631,12.0288640786515,0.379047175353037,0,7.95344161204595,1.96570823849206,47.0400878391146,43.0407623103474,9.91914985053801
656,"-9.5","53.5",0,1.04359840433087,0,0.00364951840574062,10.328398100389,0,5.14287038350402,0,0,0,0,14.5846435602019,21.1573056101248,0.0499962705774481,0.0485990998025433,0.809320573409101,1.8681196915617,0.0085629443759169,0,0,0.115278188451327,0,2.0991529290694,26.496783091369,5.14956403507342,0,0.388817382622169,10.3378118585562,0,0,0.367528358174812,0,0,0.115278188451327,0,0.0085629443759169,0.0499962705774481,11.3719965047199,21.602327286837,0.416127457977355,10.3378118585562,5.14287038350402,50.9550291050002,0,0.173837403404692,43.7282631080904,56.0978994885042
658,"-7.5","53.5",0,0.48216263203414,0.012176714245196,0.0463491891456673,0.989783911688109,0,17.5748630496113,1.7675527237452e-06,0,0,0.963556587852759,38.9851335024873,18.4817248221044,0.31801289990663,0.181512839928863,0.0102894256724556,4.9398325722818,5.4012214990682e-06,0,6.14485846021206e-07,0.104219342564485,0,0.753805852151559,7.93477512839035,2.86642614858782,0,0.0924462718167448,0.488717262879711,3.89748619034369e-06,0,4.7742001659047,6.14485846021206e-07,0,0.104219342564485,0,5.4012214990682e-06,0.31801289990663,1.47194654372225,46.7913922233569,4.95571477338629,0.488717262879711,17.5748630496113,27.3315674035264,0.963560485338949,0.42223825817846,53.7077708033452,45.8699909384766
659,"-6.5","53.5",0,0.924887165692773,0.00658074828423131,0.123393760462443,2.22264902117059,0,1.78301314645412,0,0,0,0.594824204677655,19.7431492204959,12.5119984697788,0.37819841026051,0,0.379174920994162,2.24331937245031,0,0,0,0.25420097852199,0,1.09376870031914,46.9030254684173,4.24830920208426,0,0.427887511111685,5.32003728912406,0.0397258808011377,0,0.80185652890631,0,0,0.25420097852199,0,0,0.37819841026051,3.14753618686336,26.2347777950305,0.80185652890631,5.32003728912406,1.78301314645412,61.4458295793678,0.634550085478793,0.6323993887825,35.5042077999242,63.8633928113007
662,"-3.5","53.5",0,0,0,0,0,0,0,0,0,0,0,0,0,0,0,0,0,0,0,0,0,0,0,0,0,0,0,0,0,0,0,0,0,0,0,0,0,0,0,0,0,0,0,0,0,0,0
663,"-2.5","53.5",0,0.799625779885809,0.0196961562003315,0.0169865660280151,2.1386776007692,0,39.9181083472467,0.023561495055117,0,0,1.73975019559373,12.0942907295914,12.6912406480431,0.837936420292932,0.175685467105914,0.0684711120127427,1.27798389403745,0,0,0,0.0566741983064214,0,0.892890583077855,22.5726605044113,3.57283868786296,0,0.247759539868401,0.124082225518163,0,0.0277354384391796,0.703344410654856,0,0,0.0566741983064214,0,0,0.837936420292932,2.93830338065501,16.9451133114918,0.930326811255067,0.124082225518163,39.9181083472467,36.5097051096418,1.73975019559373,0.894610618599353,20.93782572892,78.1675636524822
665,"-0.5","53.5",0,0,0,0,0,0,0,0,0,0,0,0,0,0,0,0,0,0,0,0,0,0,0,0,0,0,0,0,0,0,0,0,0,0,0,0,0,0,0,0,0,0,0,0,0,0,0
666,"0.5","53.5",0,0,0,0,0,0,0,0,0,0,0,0,0,0,0,0,0,0,0,0,0,0,0,0,0,0,0,0,0,0,0,0,0,0,0,0,0,0,0,0,0,0,0,0,0,0,0
674,"8.5","53.5",0.29700691240774,1.26271882451563,0.0824878987977616,0.0716606817909804,3.44349824195604,0,51.766263010277,1.4584998861285,0,0,0.84888414460818,4.76681235686627,16.3376126931773,0.0852123580026504,4.22221559653042,0.0135030029354674,0.358139178470184,0,0,0.0409452152192145,0.487370261594979,0,0.167137893225844,9.14585772354719,3.90245508144396,0,0.3609461725788,0.230151317567232,0.26452077674653,0.0492866465986824,0.336814125012025,0.0409452152192145,0.29700691240774,0.487370261594979,0,0,0.0852123580026504,4.70621706647167,9.02740661678041,6.06681625426963,0.230151317567232,51.766263010277,26.1792060660533,1.11340492135471,0.910534747224584,20.0305912550889,79.0588739976851
676,"10.5","53.5",0,0,0,0,0,0,0,0,0,0,0,0,0,0,0,0,0,0,0,0,0,0,0,0,0,0,0,0,0,0,0,0,0,0,0,0,0,0,0,0,0,0,0,0,0,0,0
677,"11.5","53.5",1.365063172174,1.71520005559102,0.0383861147866379,0.169430104568281,2.68281902902597,0,1.83877285148101,5.46136904871032,0,0,0.310644266064671,7.30592483174871,35.2065944688192,0,17.4759998265559,0.018007084570978,0.508695029861944,0,0,0.170237628417146,2.07720912101097,0,0.573251825422172,13.1664463515053,6.38399914179519,0,0.307597700860358,0.268682543507864,1.66398228814083,0.656258045675188,0.635429469689196,0.170237628417146,1.365063172174,2.07720912101097,0,0,0,4.39801908461699,14.1986190034058,24.2290563906306,0.268682543507864,1.83877285148101,49.4797136505329,1.9746265542055,3.61250992160212,43.0943770221613,53.2931130562194
678,"12.5","53.5",2.17521130774675,1.76692526827971,0.0680562069222445,0.190673053517822,5.31386513867057,0,1.01441995971907,9.22652544695522,0,0,0.759939646229929,18.5208697928956,2.71006660037941,0,28.5695323496229,0.00183140234671565,1.92284931338983,0,0,0.165137344197274,1.4791213021966,0,0.715343963646108,11.563781122493,9.7150945297068,0,0.34175078700144,0.246761582374262,0.630550624662467,1.20844168396256,1.6932515730865,0.165137344197274,2.17521130774675,1.4791213021966,0,0,0,7.08079040695028,30.1588136359922,40.6977510536272,0.246761582374262,1.01441995971907,15.5915031363067,1.3904902708924,3.81946995414062,78.184116678944,17.9964133669182
679,"13.5","53.5",3.97678828741117,2.35601364996518,0.0103438792046849,0.100734798919711,4.37588489921779,0,0.553251702845208,5.90808231847422,0,0,1.34589528772336,4.23983226067618,13.6518254465609,0,26.5714667101468,0.0234339672110048,1.08540428110524,0,0,0.24842491251398,6.22575832304723,0,0.258986892974299,19.0430053313348,6.4605246133996,0,0.11012481883596,0.489600159234213,0.631387277655918,1.06929798273756,1.26393219880969,0.24842491251398,3.97678828741117,6.22575832304723,0,0,0,6.73189854918297,11.785761155181,34.8127792101683,0.489600159234213,0.553251702845208,33.1984551350414,1.97728256537928,10.4509715229724,53.8200390737665,35.7289894032658
680,"14.5","53.5",0.416577993501634,1.81625076965427,0.0225088075268485,0.192933030563004,3.43114674022312,0,8.83665764147083,3.07600500004731,0,0,3.55726379300786,3.66812845937934,14.2120845773228,0.27137664509005,18.308999531621,0.0883698153595624,0.537722817860821,0.0237972938086676,0,0.0627276530470897,11.5477359122937,0,0.0679074235095465,23.5596497445018,3.97127464427785,0,0.219894746219771,0.216500977427136,0.429754194508825,0.635021499835354,0.829710287941808,0.0627276530470897,0.416577993501634,11.5477359122937,0,0.0237972938086676,0.27137664509005,5.24739750987739,8.17712592151801,22.8497363194455,0.216500977427136,8.83665764147083,38.3633481450033,3.98701798751669,12.3222154977411,36.490760728268,51.1870237739909
681,"15.5","53.5",3.04595149648822,2.99318607858838,0.0181983335958643,0.339606320164564,10.3257891953658,0,7.54355666437001,4.68442947464526,0,0,0.728311917275966,5.68125003321028,12.9870058177326,0.193517900775508,4.70404927577854,0.0163240184405567,0.752065315571654,0,0,0.18300819169987,26.772714139883,0,0.23691243573913,8.12807433075334,8.75459904367164,0,0.419150223177693,0.244727639424599,0,0.549508659583448,0.698063494064012,0.18300819169987,3.04595149648822,26.772714139883,0,0,0.193517900775508,13.3189752739542,15.1879143924536,10.6360509040713,0.244727639424599,7.54355666437001,22.1452714796037,0.728311917275966,30.1951917288466,39.3876682099036,30.4171400612497
683,"17.5","53.5",0.598330023746271,3.19383945668421,0.0132959798491941,0.168692950242627,16.3716312941097,0,2.52624223377774,12.9208533930712,0,0,0.81495155108283,8.12152291487189,3.28038278640362,0.22581407981503,3.30230799707727,0.0186294802236878,0.995434325702849,0.267706217512109,0,0.269155514543108,21.5878307106316,0,0.336810083217571,9.18758784632111,10.6335056518508,0,0.219633487179651,0.707037657858931,0.228337545586671,1.85697701648299,2.15348980215804,0.269155514543108,0.598330023746271,21.5878307106316,0,0.267706217512109,0.22581407981503,19.5654707507939,19.7504628924255,20.2336282087895,0.707037657858931,2.52624223377774,13.2250326134375,1.0432890966695,22.9488365462481,60.2565995098679,16.7945639438847
684,"18.5","53.5",0.440899189201583,2.3779655092203,0.0425818331048018,0.307754725851093,8.90657608555024,0,11.3578447626476,5.54651318089218,0,0,1.25971787453848,4.57996998826147,16.5716495057939,0.385919568109961,1.27539742596156,0.0157906271597791,0.491777929069142,0.0025689901518096,0,0.730221067585832,31.5504585968944,0,0.278757028401554,8.43952222028178,2.77914445513806,0,0.0895716701117708,0.29160393887899,0.138230689053718,1.12278733262776,1.01677580551236,0.730221067585832,0.440899189201583,31.5504585968944,0,0.0025689901518096,0.385919568109961,11.2845415947705,7.85089237246867,8.96147374499386,0.29160393887899,11.3578447626476,25.7456276107047,1.3979485635922,33.1100674119436,28.3885116511121,38.5014209369445
685,"19.5","53.5",0,3.13214373190536,0.0349297082601381,0.15672555735903,9.21463372555117,0,0.402675687320242,24.9498195724868,0,0,0,5.25744641509059,3.33284238158728,0.068292789486903,1.53988765433516,0,1.61930101733224,0,0,0.365455285596465,20.8173616097882,0,0.0869695848249084,8.21212362823105,12.8691455229177,0,0.218347323640776,0.476748522869391,0.401525737445178,4.69602505448652,2.14759948948486,0.365455285596465,0,20.8173616097882,0,0,0.068292789486903,12.3467774574565,19.7458929553405,33.3333317707933,0.476748522869391,0.402675687320242,12.0419381839032,0.401525737445178,21.2511096848716,65.9027507064598,12.8461396086686
686,"20.5","53.5",1.2165857253057,2.82713590994488,0.0970728865049601,0.486823648685019,11.1339475047917,0,2.06379525151425,14.1661812533732,0,0,4.25463728110283,5.74445254351308,4.40270120279876,0.0166327358868072,3.23706792813901,0.238065497908591,1.53838479488607,0.150324336150768,0,0.89918908485662,8.13103516329154,0,0.993647495507845,18.1503159791668,5.57671481448583,0,1.24960875938157,1.30518864659796,3.21405658041909,6.20076548989606,2.70566948589399,0.89918908485662,1.2165857253057,8.13103516329154,0,0.150324336150768,0.0166327358868072,13.9610834147366,12.859552152885,26.3096841573023,1.30518864659796,2.06379525151425,25.6182354699535,7.46869386152192,10.4137670454914,54.4355083715218,35.1507245829897
687,"21.5","53.5",4.14415939940308,1.58022003097999,0.100386390149797,0.661606908425007,8.78989804663447,0,1.75375539670739,7.27714606459843,0,0,0.769915889919727,3.39437241969555,7.45131754409331,0,2.63333044714447,0.229556721870705,3.11325889357364,0.959101334788606,0,4.93227166677513,16.6556007584152,0,0.804790766106751,15.8237007290537,6.31094012964666,0,0.545387426817104,3.20335425011487,5.09969350645004,1.10786829977217,2.65836697886423,4.93227166677513,4.14415939940308,16.6556007584152,0,0.959101334788606,0,10.3701180776145,12.8185714429159,13.6767117903793,3.20335425011487,1.75375539670739,25.6167464865164,5.86960939636977,26.691133159382,40.0687555610245,33.2401112795935
690,"24.5","53.5",0,1.68075210297296,0.0186039804406379,0.193030793316156,8.8136277678985,0,2.2298678451475,3.08810536126096,0,0,1.26093641759851,3.33288830317505,6.74766368866214,0.0378180009688947,0.20551337959197,0.092217766831285,0.660889786055256,0.0726884979116825,0,10.4725801038294,38.0631397882247,0,0,12.0009399027972,4.73045301879281,0,0.18056415754433,1.02152761347119,0,2.25904484776834,2.83714687574056,10.4725801038294,0,38.0631397882247,0,0.0726884979116825,0.0378180009688947,10.4943798708715,8.72423110802312,8.38981046436183,1.02152761347119,2.2298678451475,19.2330202895917,1.26093641759851,48.6462263909347,28.6299490567276,22.7238245523378
706,"-9.5","54.5",0,0.345158214913523,0.0121071611843775,0.00201131166679562,1.50540506807557,0,25.2356431028429,0,0,0,0.172366070080493,10.0403673087289,37.6296285362019,2.04098109691979,0,0.104111796867843,0.742589047507801,0,0,0,0.157857455888981,0,0.980686413618625,17.5762182881795,1.96594897082385,0,0.19905370546036,0.683498861907759,0,0.0635630204553081,0.54280456866483,0,0,0.157857455888981,0,0,2.04098109691979,1.85056328298909,12.7489053270606,0.606367589120138,0.683498861907759,25.2356431028429,56.5038172131794,0.172366070080493,2.19883855280877,15.8893350610775,81.9118263861028
707,"-8.5","54.5",0,0,0,0,0,0,0,0,0,0,0,0,0,0,0,0,0,0,0,0,0,0,0,0,0,0,0,0,0,0,0,0,0,0,0,0,0,0,0,0,0,0,0,0,0,0,0
709,"-6.5","54.5",0,0.894803846307882,0.0138464911150969,0.00590385749039129,2.16194717753107,0,0,0,0,0,0.0575863635497091,39.6830296257889,14.1844183533881,19.7511035295824,0,0.078526528174784,2.67529720102351,0,0,0,0.0617475639860136,0,0.618541836993841,11.1970965510601,5.43250370876953,0,0.067416038170266,0.55128459813455,0,0,2.56494672893538,0,0,0.0617475639860136,0,0,19.7511035295824,3.05675102383895,47.7908305355819,2.56494672893538,0.55128459813455,0,26.1657496563926,0.0575863635497091,19.8128510935684,53.9638128864908,26.2233360199423
710,"-5.5","54.5",0,1.62504243404036,0,0,2.00577981067483,0,0,0,0,0,4.78113220478377,22.694337879837,9.0935799910657,10.2421056460027,0,0.627316655303107,1.80546893768351,0,0,0,0.0520599934556783,0,1.91991565926565,37.6329180685922,1.70246104271125,0,0.213185980651226,5.08982670771126,0,0,0.514868988232004,0,0,0.0520599934556783,0,0,10.2421056460027,3.63082224471519,26.2022678602318,0.514868988232004,5.08982670771126,0,49.4869163548779,4.78113220478377,10.2941656394584,35.4377858008902,54.2680485596617
713,"-2.5","54.5",0,0.536736016748401,0.0317180791391656,0.0222477558390882,1.36803654748925,0,16.3344612800658,0.00810370294654775,0,0,1.18796469820379,5.22544631670099,33.1812572976275,0.104867495505411,0.0512723982485492,0.568226936114327,0.219595807287213,0,0,0,0.117583610624471,0,0.899147896415625,28.9431096300212,1.57283613377796,0,6.51761554177912,2.67197875214228,0,0.0873499761746956,0.350444127148624,0,0,0.117583610624471,0,0,0.104867495505411,1.90477256423765,7.01787825776616,0.497170204518417,2.67197875214228,16.3344612800658,70.163323136936,1.18796469820379,0.222451106129882,12.0917997786645,87.6857491152056
714,"-1.5","54.5",0,1.35940638490754,0.194888455719171,0.0676226817398179,0.705095888924328,0,2.48741878818096,0,0,0,2.14334791930762,9.58445585677129,15.2396357852242,0,0.168056516079481,0.176021387146609,0.694364014507239,0,0,0,0.149188152757746,0,2.04001082072383,60.1538358638016,2.74527304637627,0,0.489124498233651,0.340720074800505,0,0.530711210546297,0.730822654256909,0,0,0.149188152757746,0,0,0,2.06450227383187,13.0240929176548,1.42959038088269,0.340720074800505,2.48741878818096,78.3611394925889,2.14334791930762,0.149188152757746,16.8589056471699,82.9919062000775
715,"-0.5","54.5",0,0.493239252184136,0.0267648361540745,0.044038468608445,0.658110799997197,0,57.5844675624151,0,0,0,0.17106564142539,4.5382472019302,7.22284826931464,0.005196908083995,0.0279030870165758,0.0258242784092702,0.099914680598412,0,0,0,0.0359218902210049,0,0.89570418129885,26.9227010653248,0.745418123214535,0,0.0799934944309699,0.201097252937224,0,0.0308636326694847,0.190679373770119,0,0,0.0359218902210049,0,0,0.005196908083995,1.15135005218133,5.38358000574315,0.24944609345618,0.201097252937224,57.5844675624151,35.217874593541,0.17106564142539,0.0411187983049999,6.98547340431788,92.9734077973815
724,"8.5","54.5",0.38147599466775,2.74713584783924,0.210901106037599,0.248184142600678,4.01228280347116,0,0,1.93939793697509,0,0,1.32031844121463,7.533437046568,37.1557597933882,0,13.9539977345777,0,1.94485875548571,0,0,0.233754111657137,1.68673589102218,0,0.512855866723257,17.7011108886199,5.9434166634394,0,0.445543525479365,0.619532272280877,0,0,1.40930117795214,0.233754111657137,0.38147599466775,1.68673589102218,0,0,0,6.7594186513104,15.4217124654931,17.3026968495049,0.619532272280877,0,56.274355322849,1.32031844121463,2.30196599734707,40.1033602385893,57.5946737640636
725,"9.5","54.5",0.531816452371969,1.93948505248228,0.0586465829629472,0.171802997600627,1.8067629186574,0,36.807635914741,0.823573728946563,0,0,0.898083224308043,10.0125544574805,16.2145120375401,0.217618653253566,7.45129854412767,0.0340000797923875,0.728480651472278,0.00265789819184039,0,0.0384248455512081,0.677737546726244,0,0.403559081794648,15.4375058342303,4.24783274647755,0,0.188094308009444,0.235417952428979,0.155591347282973,0.0627353492682137,0.854171794298041,0.0384248455512081,0.531816452371969,0.677737546726244,0,0.00265789819184039,0.217618653253566,3.74624797113968,14.9888678554303,9.19177941664049,0.235417952428979,36.807635914741,32.5081209219305,1.05367457159102,1.46825539609483,28.1623131956395,70.3694314082625
726,"10.5","54.5",0.191415848327106,1.88152287153621,0.0646124865736405,0.215293052143358,2.91943415500131,0,1.40008262476589,2.58844620816948,0,0,5.16230370393834,5.88855266543541,24.8881681273122,0.00871425804410132,10.7101206531526,0.511333517329784,2.49442939000902,0.0163129566336327,0,0.052883798917643,1.03405572765509,0,0.931869583412739,26.3641238431007,7.98361857994183,0,0.415636403352836,1.24430619408464,0.190845281610733,0.126144775799123,2.7157732937479,0.052883798917643,0.191415848327106,1.03405572765509,0,0.0163129566336327,0.00871425804410132,4.80095702653752,16.3666006353863,16.1404849308691,1.24430619408464,1.40008262476589,53.3910370132253,5.35314898554907,1.30338258957757,38.5523487868775,60.1442686235402
727,"11.5","54.5",0,0,0,0,0,0,0,0,0,0,0,0,0,0,0,0,0,0,0,0,0,0,0,0,0,0,0,0,0,0,0,0,0,0,0,0,0,0,0,0,0,0,0,0,0,0,0
728,"12.5","54.5",0,1.87985742763793,0.0385749784071667,0.427361812178139,2.52759232812666,0,38.225883391337,0.913487762683678,0,0,0.558634259003369,12.0955599193598,9.58313912330787,0,4.66726087537387,0.031651383128753,0.343376206222922,0,0,0,2.47609784011918,0,0.790748006605651,21.125411930292,3.27928869746647,0,0.133619105392932,0.0758216495974472,0,0.107784835295097,0.71884846846415,0,0,2.47609784011918,0,0,0,4.40744975576459,15.7182248230492,6.40738194181679,0.0758216495974472,38.225883391337,32.1305063393125,0.558634259003369,2.47609784011918,26.608878170228,70.9150239896529
729,"13.5","54.5",0.399122308836235,6.04675227705252,0,0,4.01109639333692,0,8.64477905293477,1.6247825953222,0,0,0.0397090677752546,8.11336259107688,4.7295910884776,0,50.0408427796913,0,1.33392853354434,0.0168674903758058,0,0.160699164568826,2.13748992584199,0,0.0886606112917454,8.37834004170495,2.94873029481732,0,0.141424601846076,0.306652369925428,0.0552344175821211,0.146007073359376,0.63592732063836,0.160699164568826,0.399122308836235,2.13748992584199,0,0.0168674903758058,0,10.0578486703894,12.3960214194385,52.4475597690112,0.306652369925428,8.64477905293477,13.3380163433204,0.0949434853573757,2.71417888962286,75.2080822287646,22.0777388816125
732,"16.5","54.5",0.454847077307167,3.51240311320944,0.00788104918932072,0.0903541187744027,7.05947859807202,0,12.1372118463767,21.7417900970388,0,0,0.297479058451343,4.10073685282178,6.48974338047919,4.71887837872465,14.0621840770543,0.0352063283443685,1.01985928165458,0.00383173799858417,0,0.318547958844553,6.95289794616032,0,0.147724750087318,5.39810444765167,9.89642311406763,0,0.0927384333680703,0.100950538031799,0.055171554700249,0.222827100150726,1.08272916144105,0.318547958844553,0.454847077307167,6.95289794616032,0,0.00383173799858417,4.71887837872465,10.5718817112815,15.017019248544,37.1095304356849,0.100950538031799,12.1372118463767,12.2617525078943,0.352650613151592,12.4490030990353,62.7993819335421,24.7516149674226
733,"17.5","54.5",1.7581910638728,1.03203048487492,0.0230879125340563,0.197968335081849,4.43991090536833,0,2.57424355329135,2.94884951685356,0,0,0.213323516650928,0.99971417440734,53.6304009292427,0.304050454858269,3.56857882719738,0.0202466006619021,0.126964318368131,0.0262546531679522,0,1.20206987687343,14.444048241934,0,0.0523444804387092,6.13714339623928,5.1146427369047,0,0.0697092505051524,0.20559196730677,0.148364099926397,0.0884094788464721,0.673861224593582,1.20206987687343,1.7581910638728,14.444048241934,0,0.0262546531679522,0.304050454858269,5.47194139024325,6.24132122968017,7.27969904749099,0.20559196730677,2.57424355329135,60.1309009047037,0.361687616577325,17.7346142907065,19.1985536347212,63.0668320745723
734,"18.5","54.5",0,1.10589154074494,0.00507116690337038,0.0896107341663977,4.12628910076344,0,0.0791075948358553,8.47956444095151,0,0,0.700069607351448,3.33316842109322,53.2569162747125,0.0922480665283542,0.58813954472063,0.0458657763966094,0.519527812066178,0,0,0.322203597189044,7.44761653425113,0,0.118980205054615,12.0976841642553,5.28091971936956,0,0.116420105156341,0.278735767329353,0.253402930658542,0.930135957771338,0.732430937726579,0.322203597189044,0,7.44761653425113,0,0,0.0922480665283542,5.23218064150838,9.13361595252896,10.7302708811701,0.278735767329353,0.0791075948358553,65.7305484266451,0.95347253800999,7.86206819796853,25.3748032425367,66.763128559491
735,"19.5","54.5",13.5107306894678,4.45719876210313,0.0463926679422919,0.242330673423342,6.63438046810885,0,0.210749403342938,10.0623937112386,0,0,2.21319200274597,3.81518372259647,6.41201324485744,0.25466582355889,3.21742476142055,0.0887947667672584,0.918605992736882,0,0,1.96556924920217,13.4784426225528,0,0.220107524205312,16.8983265723847,8.65888122757508,0,0.127850180807955,1.3677170589466,0.0488650818126273,2.79056409411634,2.35961969808597,1.96556924920217,13.5107306894678,13.4784426225528,0,0,0.25466582355889,11.091579230212,13.3926709429084,18.4300022648615,1.3677170589466,0.210749403342938,24.0358156303883,2.2620570845586,29.2094083847817,44.2819694969285,26.5086221182898
738,"22.5","54.5",0,4.09175567181694,0,0,14.0556917972538,0,14.6086204285873,8.78586375435243,0,0,0,6.34092171376768,3.4977278013172,0.232273639581144,0,0.144613729260617,0.43775900955829,0,0,23.2029789436407,10.3885183761645,0,0,6.73312601753561,3.52487050890787,0,0.264657836055998,0.773300179321244,0,1.78410777830946,1.13321281456927,23.2029789436407,0,10.3885183761645,0,0,0.232273639581144,18.1474474690707,10.3035512322338,11.7031843472312,0.773300179321244,14.6086204285873,10.6401253841694,0,33.8237709593863,40.927483227857,25.2487458127567
739,"23.5","54.5",0,6.5701012067901,0.222717457406105,0.875068541971483,22.828625065579,0,3.1078758919792,5.55051580438157,0,0,9.14042184805478,28.4049536183816,17.7725636199364,0,1.46415749280534,0.23513362238332,3.34414121644631,0.483724613884833,0,0,0,0,0,0,0,0,0,0,0,0,0,0,0,0,0,0.483724613884833,0,29.3987262723691,31.7490948348279,7.01467329718691,0,3.1078758919792,19.1054832416973,9.14042184805478,0.483724613884833,68.1624944043839,31.3537809817313
740,"24.5","54.5",0,1.07386662174132,0.00748364140037937,0.506142639235313,3.96810045762485,0,0,1.60492652545357,0,0,0,0.0234490799642983,18.2395433216778,0.475444710771729,0.0128644311252254,0.00374651761309685,0,0,0,23.5632929970976,35.6108275489602,0,0,11.9994287093106,0.733983156789442,0,0,0.0300587377401169,0,2.10302377108175,0.043817132419097,23.5632929970976,0,35.6108275489602,0,0,0.475444710771729,5.04196707936617,0.75743223675374,3.76463186007964,0.0300587377401169,0,30.7563448292372,0,59.6495652568295,9.59408991393967,30.7563448292372
741,"25.5","54.5",0,1.25663459614979,0.281113351232605,0.591396652483066,6.54200445187149,0,5.66785720048608,0.138082491632384,0,0,3.49105220797574,1.53166674995429,78.5008360660343,0,0.233877646065178,0.181426926380921,1.25657428272597,0.327477377008241,0,0,0,0,0,0,0,0,0,0,0,0,0,0,0,0,0,0.327477377008241,0,7.79863904802128,2.78824103268026,0.371960137697562,0,5.66785720048608,79.5547729961309,3.49105220797574,0.327477377008241,10.9588402183991,88.7136824045927
745,"29.5","54.5",0,1.32480050718203,0,0.605757430374233,9.15992038505997,0,0,0.598544664679643,0,0,1.07438321063354,2.37072168177384,2.81964272428037,0.358494766612659,0,0.0829479024576044,0.629983980957082,0,0,11.3015853516254,22.9653379096581,0,0.582974064379149,25.4428698948736,2.76674649353035,0,2.46526401257839,2.04025268959705,11.706468692304,0.750241255336107,0.953062382106761,11.3015853516254,0,22.9653379096581,0,0,0.358494766612659,10.484720892242,5.76745215626127,2.30184830212251,2.04025268959705,0,31.9994560289433,12.7808519029375,34.6254180278962,20.5942740402228,44.7803079318809
759,"-6.5","55.5",0,0.8095434880603,0,0.00710958311132661,1.24257375553235,0,3.54869222046084,0,0,0,0.102441615216692,31.5415985966012,27.3690520620132,8.00596012628463,0.0269411104721085,0.281943217081905,1.23218631282383,0,0,0,0.04548608491758,0,1.30756180263747,18.07696463229,3.93337539572338,0,0.199941570587549,0.976954474502902,0.0474979920177654,0,1.24417595967185,0,0,0.04548608491758,0,0,8.00596012628463,2.05211724359265,36.7071603051484,1.27111707014396,0.976954474502902,3.54869222046084,47.2425728677214,0.149939607234457,8.05144621120221,41.0073490933879,50.9412046954168
761,"-4.5","55.5",0,0.324664372270953,0.00464742457046148,0,0.899544316848551,0,29.1072980240723,0,0,0,0,28.8893759004479,18.599947237901,0.20280498319525,0,0.0202189720432673,0.29839048859258,0,0,0,0.136183145058931,0,0.852332759384395,18.9974866708998,1.10016937416949,0,0.0384271574271689,0.285682284036418,0,0,0.242826889089237,0,0,0.136183145058931,0,0,0.20280498319525,1.2242086891195,30.28793576321,0.242826889089237,0.285682284036418,29.1072980240723,38.5130602222261,0,0.338988128254181,32.0406536254551,67.6203582462984
762,"-3.5","55.5",0,0.925724243908203,0.0159475801629676,0.0978033069150932,3.15953932968654,0,3.53491283693278,0,0,0,0,19.7293819654454,40.3630260493494,0,0,0.999295798716966,0.440286366649606,1.15194945056631,0,0,0.304171300893549,0,0.0571412356372549,15.1450357122875,7.85784228728306,0,0.713972809909109,2.04186644222907,0,0.131463978036092,3.33063930538626,0,0,0.304171300893549,0,1.15194945056631,0,4.08526357359474,28.0275106193781,3.46210328342235,2.04186644222907,3.53491283693278,57.3922224929783,0,1.45612075145986,37.6167439186242,60.9271353299111
774,"8.5","55.5",0,0,0,0,0,0,0,0,0,0,0,0,0,0,0,0,0,0,0,0,0,0,0,0,0,0,0,0,0,0,0,0,0,0,0,0,0,0,0,0,0,0,0,0,0,0,0
775,"9.5","55.5",0,0,0,0,0,0,0,0,0,0,0,0,0,0,0,0,0,0,0,0,0,0,0,0,0,0,0,0,0,0,0,0,0,0,0,0,0,0,0,0,0,0,0,0,0,0,0
776,"10.5","55.5",0,3.15958440463465,0.0670734985054986,0.36950662797808,4.21108842909194,0,4.37689319469991,0.698975353075572,0,0,3.41200610389873,11.0309340489077,4.76642967617518,0.115664192540548,18.8083926214127,0.303261076339315,3.4279040407972,0.00740989569088989,0,0.0544393881127607,1.29588617190831,0,1.16422281383217,30.5785246268143,5.13543670225696,0,0.834562927995701,0.726230830045701,0.843923758587301,1.01588802548623,3.59576159121431,0.0544393881127607,0,1.29588617190831,0,0.00740989569088989,0.115664192540548,7.37067283372659,19.5942747919619,24.1190175911888,0.726230830045701,4.37689319469991,38.0835812476402,4.25592986248603,1.47339964825251,51.810196046923,46.7164043048262
777,"11.5","55.5",0.306261388697175,2.51053158468701,0.0217789830404278,0.430899852649451,2.35800414299009,0,1.48292381025988,1.1962272199514,0,0,0.30645975646204,15.4689135771533,2.10437978592323,0,45.3961098776224,0.138115112905997,2.03102037824712,0,0,0,1.02339750636112,0,0.994544432730099,16.7100907375966,4.64004965008769,0,0.304290758604276,0.333748124958092,0.521007188304304,0.486134007281463,1.23511212348676,0,0.306261388697175,1.02339750636112,0,0,0,4.8685357276771,22.1399836054881,48.313583228342,0.333748124958092,1.48292381025988,20.7040996634501,0.827466944766344,1.3296588950583,75.6558506864653,23.0144904184763
778,"12.5","55.5",0,1.08977987628452,0.121986245306739,1.0552239108135,2.87409761919273,0,1.81085633578137,0.864033985188442,0,0,6.97899761455694,4.27553229874188,10.9368300460322,0,4.82081688281584,0.535494179858583,1.21781162642043,0,0,0,1.24455524563172,0,3.01126087309536,52.4751983721796,3.78584740393849,0,0.632654998044184,0.645378344153769,0,0.291329197554938,1.33231494440872,0,0,1.24455524563172,0,0,0,3.96387749547725,9.2791913291008,7.30849500996794,0.645378344153769,1.81085633578137,68.7686486253302,6.97899761455694,1.24455524563172,21.1969421786998,77.5585025756685
779,"13.5","55.5",0,5.10787957270827,0.0286452456256912,0.293940175624515,8.99063698567663,0,21.1781681729172,0.649225393207472,0,0,1.11466318986028,15.1117583068889,2.66212877423856,0.0629216832596716,3.41990995448879,0.143237044837583,1.02265506225127,0.36279758684833,0,0.114351966371925,2.26186149742278,0,0.809736378201335,11.0879880099215,8.9814276839846,0,0.0751092900648935,0.206112120803886,0.00128018825288864,14.00107210017,2.31249361637341,0.114351966371925,0,2.26186149742278,0,0.36279758684833,0.0629216832596716,14.0985165583849,25.1158410531248,20.3827010642397,0.206112120803886,21.1781681729172,15.1007849185141,1.11594337811317,2.80193273390271,59.8031707965532,37.3948964695445
786,"20.5","55.5",0,3.3163005897221,0.09780001986627,0,19.3143745174599,0,1.0631530359187,0.328493659452019,0,0,0,3.84762767444318,20.9416216784462,0,0,0.133847897198151,0,0,0,6.88246397931575,34.4267478526545,0,0,8.63841894235906,0.21157023255577,0,0.133556035663471,0,0,0.664023884944924,0,6.88246397931575,0,34.4267478526545,0,0,0,22.630675107182,4.05919790699895,0.992517544396943,0,1.0631530359187,29.9452445735332,0,41.3092118319703,27.6823905585779,31.0083976094519
787,"21.5","55.5",0,1.28976603599043,0.117014983225093,0.367372316522156,7.71080286837339,0,0.655247530816004,0.273442587886634,0,0,0,3.85686730422514,53.2984934574796,0.732139826504687,0,0.135091225443354,0.361913026049272,0.0844070895426563,0,5.2895179540144,10.9943804379537,0,0,10.462290195368,1.16289902530707,0,0.0854712896744251,0.532765368295881,0,1.41795898525295,1.17215849207081,5.2895179540144,0,10.9943804379537,0,0.0844070895426563,0.732139826504687,9.00056890436382,5.38167935558148,2.86356006521039,0.532765368295881,0.655247530816004,64.4657334677126,0,17.1004453080154,17.7785736934516,65.1209809985286
788,"22.5","55.5",0,1.43406172392686,0.0203352907873954,0.0397569208342947,13.3245246288708,0,2.15610199005825,0.57786803939567,0,0,1.03071905660054,2.80680482139344,1.6296366927669,0.0421926352099053,0,0.0500562882721048,1.76489758622276,0.257703740479716,0,36.2684227954683,27.3679260358263,0,0,1.64695158262755,2.59307815554384,0,0.211317035688509,1.51887320579264,0,1.30686339565578,3.95190837857839,36.2684227954683,0,27.3679260358263,0,0.257703740479716,0.0421926352099053,14.7585863527977,7.16478056316004,5.83663981362984,1.51887320579264,2.15610199005825,3.59805381097675,1.03071905660054,63.9362452069842,29.2788799353802,6.78487485763554
791,"25.5","55.5",0,4.16276457878421,0.0400875783420307,0.276984597361379,35.9282883038742,0,0.781025491814149,0.811874327065641,0,0,1.23641781424347,6.33908102432718,3.81266761598576,0,0.0951236659722632,0.596894685795909,0.80585292797929,0.0268820772391528,0,15.6479973520549,13.1704961292103,0,0.0305532373205912,4.35242608371398,3.85636293201222,0,0.0748471817595247,2.03362450280488,0,0.963362355621529,4.95638553671738,15.6479973520549,0,13.1704961292103,0,0.0268820772391528,0,40.0910528826584,11.0012968843187,6.82674588537681,2.03362450280488,0.781025491814149,9.18446098027917,1.23641781424347,28.8453755585044,59.9527201551588,11.2019042863368
792,"26.5","55.5",0,0,0,0,0,0,0,0,0,0,0,0,0,0,0,0,0,0,0,0,0,0,0,0,0,0,0,0,0,0,0,0,0,0,0,0,0,0,0,0,0,0,0,0,0,0,0
794,"28.5","55.5",0,4.35025745549766,0,0.0544859488415629,14.2422881505815,0,0,0.887639879781411,0,0,0,17.6862814221534,1.33886615259987,0.259730363490736,0.641106094585194,0,1.30195215003399,0,0,20.3671288817511,17.7080717119657,0,0.107122216353786,2.2551526757854,3.90574071693861,0,0,0,0,9.1086374389131,5.78553874072695,20.3671288817511,0,17.7080717119657,0,0,0.259730363490736,18.5925456060792,22.893974289126,16.4229221540067,0,0,3.75562699358062,0,38.3349309572075,57.9094420492118,3.75562699358062
797,"31.5","55.5",0,1.98319156190316,0,1.28676701121829,12.5857180838974,0,0.874512789882636,0,0,0,0,3.29147309295173,0,0.667418319124966,0,0,0,0,0,41.3443793467568,22.6520081201394,0,0,4.98960320904463,2.01637013123028,0,0,0,0,4.84586410286585,3.46269423098485,41.3443793467568,0,22.6520081201394,0,0,0.667418319124966,14.5689096458006,5.30784322418201,8.3085583338507,0,0.874512789882636,6.27637022026292,0,64.6638057860212,28.1853112038333,7.15088301014556
808,"-7.5","56.5",0,0.105030526420606,0.0355985057679886,0,0.566036683357897,0,0,0,0,0,0,1.12345818872971,37.4740984720907,14.9766270828581,0,0,0,0,0,0,0.277716109519654,0,0,42.8468530265205,0.320154583827842,0,0.0496783078648696,2.05339736339805,0,0,0.171351149644037,0,0,0.277716109519654,0,0,14.9766270828581,0.671067209778503,1.44361277255755,0.171351149644037,2.05339736339805,0,80.4062283122441,0,15.2543431923778,4.33942849537814,80.4062283122441
809,"-6.5","56.5",0,0,0,0,0,0,0,0,0,0,0,0,0,0,0,0,0,0,0,0,0,0,0,0,0,0,0,0,0,0,0,0,0,0,0,0,0,0,0,0,0,0,0,0,0,0,0
810,"-5.5","56.5",0,2.78861364665258,0.000757361473575789,0.00918436177480728,1.51303378337013,0,7.77546025036364,0,0,0,0.192601956328235,8.32561239940113,51.2437524633278,2.26501684560066,0.195830088515179,0.737823044428219,0,0,0,0,0.15129387421428,0,0.258469220775356,22.9036268278213,1.07110624723119,0,0.0411766693755373,0.431523891391976,0,0,0.0951170679507366,0,0,0.15129387421428,0,0,2.26501684560066,4.30164743002271,9.39671864663232,0.290947156465916,0.431523891391976,7.77546025036364,75.1947899489766,0.192601956328235,2.41631071981494,14.4208371245129,83.1628521556685
811,"-4.5","56.5",0,3.67341257576077,0,0,3.3690055922299,0,4.45755230508549,0,0,0,0,18.9746138711601,4.77856393908206,0,0,0.322287360940894,0.110248438838144,0,0,0,0.34541447490829,0,0.636153234302909,57.3004570674408,3.59061329001734,0,0,2.04491266758668,0,0,0.396765182646656,0,0,0.34541447490829,0,0,0,7.04241816799067,22.6754756000156,0.396765182646656,2.04491266758668,4.45755230508549,63.0374616017667,0,0.34541447490829,32.1595716182396,67.4950139068522
812,"-3.5","56.5",0,1.23418477452674,0.00564161130578355,0.0261132439722999,4.31154021988052,0,4.16288828668197,0,0,0,0.592880683597403,12.5038747280882,24.980224939727,9.93033428255729,0.00934331806279168,0.164819300854727,0.0458439050512825,0.00643124258162851,0,0.00703925154436747,0.210795595504559,0,1.17600652138713,38.6191730747998,0.612340983589401,0,0.656627835629816,0.219435728168177,0,0.00546162818348309,0.518998844308323,0.00703925154436747,0,0.210795595504559,0,0.00643124258162851,9.93033428255729,5.54572499440726,13.1620596167289,0.533803790554598,0.219435728168177,4.16288828668197,65.6286065276766,0.592880683597403,10.1546003721878,19.4610241298589,70.3843754979559
813,"-2.5","56.5",0,0.0897271419225215,0.0243276013336025,0.0790506518067109,0.126562389997937,0,3.36976356004374,0,0,0,6.53606955852865,1.25115483330671,37.4828977519272,0.776887532362076,0.0968557144916355,0.0605276052603955,0.314264655906082,0,0,0.0402280680336402,1.68330840726065,0,1.57475852737426,44.048454824077,0.182550871822818,0,0.965357444804446,0.555147717032064,0,0,0.742105142707888,0.0402280680336402,0,1.68330840726065,0,0,0.776887532362076,0.216289531920459,1.74797036103561,0.838960857199524,0.555147717032064,3.36976356004374,84.2353744065836,6.53606955852865,2.50042400765637,3.35836846718766,94.141207525156
824,"8.5","56.5",0,0.671539424208953,0.0298134532251164,0.0978665844368984,2.1711773853026,0,51.824456438485,0.144606925645389,0,0,0.566233557511838,4.91370867983635,6.9495918872223,0.098568668216701,0.608519811705338,0.0527062271604865,0.453104921567509,0.0148924254471112,0,0.0935754705666694,0.673408623394296,0,0.342414085642707,25.6006710043058,2.05977036474396,0,0.880300842453146,0.426814562875834,0.434882839918905,0.340938681571857,0.550437134557502,0.0935754705666694,0,0.673408623394296,0,0.0148924254471112,0.098568668216701,2.84271680951155,7.42658396614782,1.64450255348009,0.426814562875834,51.824456438485,33.9533640844465,1.00111639743074,0.880445187624778,12.3406178920153,86.7789369203622
825,"9.5","56.5",0.0687083643876342,1.03550782877242,0.0270254068972919,0.142700967165011,4.81473896344053,0,35.575063956806,0.481537287050053,0,0.0173876538587442,0.263942996214352,6.85357964952512,6.38652241891284,0.0535562298758158,3.78645858871821,0.211435645427057,0.675060158090455,0.0325389913368344,0,0.122259381159422,1.02204805253958,0,0.659189699084238,29.5061230347966,4.25980100986372,0,0.564369621189824,0.893965415667254,0.341878262355467,0.927718365632095,1.276882051246,0.122259381159422,0.0687083643876342,1.02204805253958,0,0.0325389913368344,0.0535562298758158,5.85024679221295,11.7884408174793,6.4899839465051,0.893965415667254,35.575063956806,37.4973667934729,0.605821258569819,1.29911101929929,25.0226369718646,73.6782520088487
826,"10.5","56.5",0,0,0,0,0,0,0,0,0,0,0,0,0,0,0,0,0,0,0,0,0,0,0,0,0,0,0,0,0,0,0,0,0,0,0,0,0,0,0,0,0,0,0,0,0,0,0
828,"12.5","56.5",0,3.78206124107711,0.0357989014658121,0.097594388318082,9.18768149176888,0,23.1542314765641,0.809384446529793,0,0,0.395490409766882,13.5811408392271,8.93069950107508,0.336339182076409,1.7395447811105,0.947003740365078,0.395435357969797,0.0798616050828415,0,0.0166495283481774,1.38931894313123,0,0.220002008260298,12.4450988666124,14.7932405011538,0,0.121084166968813,0.131621216868919,0.318857909798429,6.22945917749899,0.862400318960948,0.0166495283481774,0,1.38931894313123,0,0.0798616050828415,0.336339182076409,12.969742732846,28.7698166983507,9.64078872410023,0.131621216868919,23.1542314765641,22.7972815730656,0.714348319565311,1.82216925863866,51.5119693721658,46.665861369195
829,"13.5","56.5",0,2.00208136026591,0.0117940611996786,0.123629337688857,21.5953679071253,0,23.1266755265444,0.699799615921661,0,0,0.0515073726518563,8.66677614319198,3.00635091785584,1.43550214735305,6.17673531064851,0.179533136592125,0.331588291528111,0.0113756685449432,0,0.100336354888856,2.31802310572881,0,0.251704431346089,10.7292223223366,5.37419751838535,0,0.141946573502163,0.281688380543788,10.1440976764429,2.63497730081408,0.605089538898825,0.100336354888856,0,2.31802310572881,0,0.0113756685449432,1.43550214735305,23.5974492673912,14.3725619531054,10.1166017662831,0.281688380543788,23.1266755265444,14.4441807805214,10.1956050490948,3.86523727651566,48.3683013673235,47.7664613561605
830,"14.5","56.5",0,7.46028598383263,0.00385589457719335,0.070371360857368,33.2597244637621,0,1.02258479341616,0.292114851868223,0,0,0.18783478084935,6.79555818803418,2.72583985614618,0.111731190161871,1.43393774168473,0.195868401573553,0.400396833755833,0.0791280002131569,0,0.0989988045576078,3.39877128521858,0,0.205240379992807,9.0851982621297,26.6760976351654,0,0.146060085417673,0.366392581715367,0.813136197633894,4.89959358135733,0.271278846079145,0.0989988045576078,0,3.39877128521858,0,0.0791280002131569,0.111731190161871,40.7200104475947,33.8720526569554,6.89692502098943,0.366392581715367,1.02258479341616,12.4324342406945,1.00097097848324,3.68862928015122,81.8553807072549,14.4559900125939
831,"15.5","56.5",0,1.68735897995749,0.00437367305257954,0.171072403220782,17.622003975337,0,43.712385620767,0.607153802258828,0,0,0.260414754594666,8.03670594684554,2.71096435008089,0.355122641935135,0.812948001112601,0.27111295896414,0.0659163141758848,0.112809642723956,0,0.316641720169234,14.6238974905678,0,0.0416477419197764,2.82966139916123,3.28899172769394,0,0.0501922172885276,0.711105169478927,0.0249341878432547,1.28053954573389,0.40204573511797,0.316641720169234,0,14.6238974905678,0,0.112809642723956,0.355122641935135,19.3093629552945,11.3916139887154,3.10268708422329,0.711105169478927,43.712385620767,6.07902474368793,0.285348942437921,15.4084714953961,34.5147691977121,50.0767593068928
832,"16.5","56.5",0,1.25271965532608,0.129629692264819,0.36652861478014,11.4873868037733,0,2.97888659682354,0.796778843877056,0,0,0.935921342732595,15.3790760807113,17.6187394094835,2.31782278249428,0.186975563982788,0.190625804072835,0.662883669724813,1.46837298395422,0,1.4017779882922,14.7978223622024,0,0.382536175072,20.0872174849679,4.06087329283998,0,0.40120410467475,0.46813427887342,0.330032648225823,1.47032565288648,0.827728167963491,1.4017779882922,0,14.7978223622024,0,1.46837298395422,2.31782278249428,12.7401064590994,20.1028330432761,3.28180822870982,0.46813427887342,2.97888659682354,39.1764812853159,1.26595399095842,19.9857961169431,36.5928820099587,43.4213218730979
837,"21.5","56.5",0,0.94621294577797,0.379363124642639,3.5429700564876,2.88986661892168,0,0,0.040938810737924,0,0,0.134062532228954,5.24808269304378,41.800148870123,0.0176809809162938,0,0,0,0.0154884866792613,0,32.1035177066876,12.5595834333933,0,0,0.260195212264389,0.0286768943150359,0,0.0332116337799546,0,0,0,0,32.1035177066876,0,12.5595834333933,0,0.0154884866792613,0.0176809809162938,3.83607956469965,5.27675958735882,0.040938810737924,0,0,46.0158888972976,0.134062532228954,44.6962706076765,9.15377796279639,46.1499514295265
838,"22.5","56.5",0,2.37382203659209,0,0,12.2603937452897,0,0,0,0,0,0,1.91475652992897,0,1.06492154653815,0,0,0,0,0,56.8504162970677,9.99116700857251,0,0,1.97688363231353,2.17878271101218,0,0.176369927797507,1.50341858245492,0,3.57613582879628,6.13293215363646,56.8504162970677,0,9.99116700857251,0,0,1.06492154653815,14.6342157818818,4.09353924094115,9.70906798243274,1.50341858245492,0,2.15325356011104,0,67.9065048521784,29.9402415877106,2.15325356011104
842,"26.5","56.5",0,1.3797184710581,0.437086096399742,0.0992458911467098,7.18570717523478,0,0,0,0,0,0,6.16892087842923,24.6414336611097,0,0,0.0432525480960204,0,0,0,26.7210173892917,28.2569370105447,0,0,4.20792224011289,0.0843214043483013,0,0.0713948627904312,0.703042371437705,0,0,0,26.7210173892917,0,28.2569370105447,0,0,0,8.56542564629288,6.25324228277753,0,0.703042371437705,0,29.5003352996555,0,54.9779543998364,15.5217103005081,29.5003352996555
843,"27.5","56.5",0,1.81439094410411,0.106533313862944,0.158989292848692,12.2197922747513,0,0.0722252235056423,0.243562789639653,0,0,0.167123075315667,3.51749852871896,18.5818588396883,0,0,0.272611704254767,0.791122611754038,0.806185109671891,0,24.3095405883584,15.567179823025,0,0,11.1468666778875,1.44551498465832,0,0.0415479789340908,1.55346482136758,0.496520662781731,0.876068934361715,5.81140182050167,24.3095405883584,0,15.567179823025,0,0.806185109671891,0,14.0341832188554,5.75413612513132,6.93103354450304,1.55346482136758,0.0722252235056423,30.3084078074763,0.663643738097398,40.6829055210553,28.2728177098573,31.0442767690793
844,"28.5","56.5",0,0.69492794574794,0,0.422303775997148,5.82018799708344,0,0,0.220927730659108,0,0,0.339283799800812,1.32573413545031,44.6342012586615,3.60250418491516,0.0467892141647164,0.0263246692265442,0.199685392413296,0,0,19.3963158087374,17.5660604533726,0,0.184670152939985,2.79242721624501,0.662871513643778,0,0,0.176371869441186,0.15731203750163,1.50473571202027,0.226365131978183,19.3963158087374,0,17.5660604533726,0,0,3.60250418491516,6.51511594283138,2.18829104150738,1.99881778882228,0.176371869441186,0,48.0599270730702,0.496595837302442,40.5648804470252,10.8785966426022,48.5565229103726
858,"-7.5","57.5",0,0.130026939016866,0,0.00377384617410479,0.561390793909655,0,58.3762635175683,0,0,0,0.0166841220625627,3.64990523889187,22.4673281902924,0.85133354811449,0,0.00628631312533118,0.160227102423518,0.012338879857662,0,0,0.151361267629186,0,0.291298391492326,12.4903839320683,0.388354841053387,0,0.0457419229574842,0.0885835712110479,0,0,0.3087175821505,0,0,0.151361267629186,0,0.012338879857662,0.85133354811449,0.691417732926521,4.19848718236877,0.3087175821505,0.0885835712110479,58.3762635175683,35.3048125961099,0.0166841220625627,1.01503369560134,5.28720606865684,93.6977602357408
859,"-6.5","57.5",0,0.185268551857657,0,0,3.00121407223676,0,8.06937825296819,0,0,0,0,8.69495386436427,31.2857949580045,0.0315818393163332,0,1.05341958541958,0.0817556277134613,0.0761796171897126,0,0,0.230754496732144,0,2.87277209160492,39.9875525030041,0.268728538391005,0,0.318406465039577,3.75494883021014,0,0,0.0872907059476268,0,0,0.230754496732144,0,0.0761796171897126,0.0315818393163332,3.18648262409442,9.04543803046874,0.0872907059476268,3.75494883021014,8.06937825296819,75.5179456030727,0,0.33851595323819,16.0741601907209,83.5873238560409
860,"-5.5","57.5",0,0.573957883655283,0.00762975047466265,0.00638677795758497,6.55095367394376,0,35.0462161645167,2.1983380012696e-06,0,0,0.19950904963294,4.09653949707697,16.5904283768263,0.357328377457849,0.0101449534759508,0.249320954053059,0.0683819459504496,8.36704833008371e-06,0,0,1.08204580498397,0,0.209537860584096,23.7384700650417,0.601145507020808,0,0.108273695387909,10.2270410353008,0,0,0.276678061272885,0,0,1.08204580498397,0,8.36704833008371e-06,0.357328377457849,7.12491155759904,4.76606695004823,0.286825213086837,10.2270410353008,35.0462161645167,40.9100474803253,0.19950904963294,1.43938254949015,22.4048447560349,76.1557726944749
861,"-4.5","57.5",0,0.207754670981101,0.020473460746997,0.0302120462926242,3.29437981600574,0,67.5149349938104,0,0,0,0,4.57314546714736,15.6528723631274,0,0,0.0126498497597315,0.0377428127077753,0.00538970328889388,0,0,2.06547053878482,0,0.0365654315830025,5.57530405315013,0.529136587454215,0,0.0700181910780188,0.11583160348196,0,0,0.258118410599149,0,0,2.06547053878482,0,0.00538970328889388,0,3.50213448698684,5.14002486730935,0.258118410599149,0.11583160348196,67.5149349938104,21.3980953957379,0,2.07086024207371,9.0161093683773,88.9130303895483
862,"-3.5","57.5",0,0,0,0,0,0,0,0,0,0,0,0,0,0,0,0,0,0,0,0,0,0,0,0,0,0,0,0,0,0,0,0,0,0,0,0,0,0,0,0,0,0,0,0,0,0,0
863,"-2.5","57.5",0,0.67115804929066,0,0.010742682850893,8.08777076948773,0,54.5620438746189,0.00627008953001066,0,0,0.341720437861199,7.66297499299702,4.18896588247052,0.0653027371326699,0.00948306574393114,0.090446269447194,0.0420519210582329,0.0834156318597078,0,0,1.77656007588657,0,0.345015093123799,15.6523640426903,4.57469305575603,0,0.0690999529630605,0.417020278684287,0,0,1.34290109654572,0,0,1.77656007588657,0,0.0834156318597078,0.0653027371326699,8.75892881877839,12.2797199698113,1.35865425181966,0.417020278684287,54.5620438746189,20.3566339235458,0.341720437861199,1.92527844487895,22.8143233190936,75.2603982360259
864,"-1.5","57.5",0,0,0,0,0,0,0,0,0,0,0,0,0,0,0,0,0,0,0,0,0,0,0,0,0,0,0,0,0,0,0,0,0,0,0,0,0,0,0,0,0,0,0,0,0,0,0
874,"8.5","57.5",0,0,0,0,0,0,0,0,0,0,0,0,0,0,0,0,0,0,0,0,0,0,0,0,0,0,0,0,0,0,0,0,0,0,0,0,0,0,0,0,0,0,0,0,0,0,0
876,"10.5","57.5",0,0,0,0,0,0,0,0,0,0,0,0,0,0,0,0,0,0,0,0,0,0,0,0,0,0,0,0,0,0,0,0,0,0,0,0,0,0,0,0,0,0,0,0,0,0,0
878,"12.5","57.5",0,1.54623862271519,0.0182863017902778,0.10661384492754,6.08023141637759,0,31.6046805078086,0.395416345969826,0,0,0.370820577099844,14.2617652374144,3.53579882883597,0.199605480525564,2.29485122905193,0.197152826362327,0.345248345061099,0.00960616709013227,0,0.0819590853439104,1.7938602235498,0,0.210635166983158,7.5933446702733,8.632871379247,0,0.0850611588420106,0.392929725399119,0.696748019041307,18.2384837489335,1.30779109135562,0.0819590853439104,0,1.7938602235498,0,0.00960616709013227,0.199605480525564,7.62647003909278,23.2398849617225,22.2365424153109,0.392929725399119,31.6046805078086,11.7468927980146,1.06756859614115,2.08503095650941,53.4958271415253,44.4191419019643
880,"14.5","57.5",0,0.855697415686687,0.0571788139886646,0.1753479807729,19.0856054682208,0,38.6528460900196,0.124813862125665,0,0,0.587914776862422,7.72633331319408,4.34789863488626,0.779345711960761,0.142987115141173,2.2663309289462,0.209348707806359,0.0600738482372485,0,1.67787071132789,5.36562795243932,0,0.261544851459931,10.7815461735703,2.19371050830475,0,0.215560939899624,0.48944642429289,1.46124628755838,1.90087529339268,0.580848189906019,1.67787071132789,0,5.36562795243932,0,0.0600738482372485,0.779345711960761,19.9413028839075,10.1293925293052,2.74952446056554,0.48944642429289,38.6528460900196,18.1054083235239,2.0491610644208,7.88291822396522,33.3096662980711,58.8074154779643
882,"16.5","57.5",0,1.25238879215864,0.0106041593308452,0.0601901083649286,14.8848491444533,0,26.0138987426495,0.556357866502413,0,0,0.218589732877428,5.38446946866628,2.59050270986925,0.616846203640807,0.661114679978155,0.0174601581469136,0.0824764076082264,0.839020655159221,0,0.698747926639503,31.4576776259026,0,0.0813215983633686,4.99709026648565,5.85350393249451,0,0.114817289132431,0.320560676610619,0,2.08026441610436,1.2072474388656,0.698747926639503,0,31.4576776259026,0,0.839020655159221,0.616846203640807,16.1372379366119,11.320449808769,4.50498440145053,0.320560676610619,26.0138987426495,7.87198628969339,0.218589732877428,33.6122924113421,32.2832328234421,34.1044747652203
887,"21.5","57.5",0,0.91086519077782,0.651289566491912,0,1.52725081881541,0,0,0,0,0,0,2.0199144131654,29.8285892319257,0,0,0,0,0,0,10.3646259333726,6.23812857261898,0,0,45.9360274171656,0.515650186056707,0,0,0.664791060108801,0,0.309798703735928,1.03306890576508,10.3646259333726,0,6.23812857261898,0,0,0,2.43811600959323,2.53556459922211,1.34286760950101,0.664791060108801,0,76.4159062155832,0,16.6027545059916,6.98133927842515,76.4159062155832
890,"24.5","57.5",0,2.48646514958407,0.0598778553295973,0.0853083819779987,10.9020869593833,0,16.2013588569906,1.01537695657863,0,0,0.433922692690978,4.29349511975851,5.34640427977004,8.64410956717315,0.178904378944728,0.00669024240721471,0.0187838359654627,0,0,24.3740652234337,13.3405162552711,0,0,5.96857871091609,1.57457918154909,0,0.229091666404846,1.09719656462362,0,2.08479383794952,1.65839428329823,24.3740652234337,0,13.3405162552711,0,0,8.64410956717315,13.3885521089674,5.88685813727306,4.93746945677111,1.09719656462362,16.2013588569906,11.6959511368058,0.433922692690978,46.3586910458779,25.3100762676352,28.3312326864874
891,"25.5","57.5",0,2.23110929897535,0.0234045587627318,0.0627487481613642,9.06133743008391,0,0.154720082248537,0.13055048357603,0,0,0.509919589522721,3.04248722435232,12.3382206687541,1.73544803480766,0.0312131630479216,0.39027483685376,0.368019957940839,0.0109000755762725,0,37.2605725712484,13.1576367199266,0,0.10498644662591,13.7032304322049,1.16653359147224,0,0.10835036121018,0.619553246676525,0.730390724855124,1.41395678288939,1.6444349702269,37.2605725712484,0,13.1576367199266,0,0.0109000755762725,1.73544803480766,11.2924467290593,4.5770407737654,3.22015539974024,0.619553246676525,0.154720082248537,26.731216052573,1.24031031437785,52.1645574015589,19.7091961492414,28.1262464491993
892,"26.5","57.5",0,1.45274912912806,0.0433236108580138,0.214553018399966,22.7917975669693,0,0.296205955539802,0.453589403440108,0,0,8.41091456493441,2.37704975083092,13.9515683278332,0.0188384209707318,0.0573291484566284,0.743987629353991,1.26919356423596,0,0,17.991223327306,13.9949005893022,0,0,5.48686679129568,1.97331001454656,0,0.0907783005927475,3.77823103893818,0.285351035120643,2.31649333517114,2.00174547677579,17.991223327306,0,13.9949005893022,0,0,0.0188384209707318,24.2445466960974,5.61955332961344,4.82915736384367,3.77823103893818,0.296205955539802,20.5310776783336,8.69626560005505,32.0049623375789,38.4714884284926,29.5235492339285
893,"27.5","57.5",0,2.56598462340705,0.119895857331562,0.160934984039164,23.8090763658694,0,0.0388755880632897,0.4720071124906,0,0,0.0623745409744941,4.72920675092789,1.0989589459275,0.815548317778527,0.0038473110923177,0.018067862813962,0.169785027589582,0.00840098558967304,0,37.9814736672641,13.1848631173037,0,0.00352964480449874,3.01572996054667,1.16904312410088,0,0.0212298867417055,2.27263457500695,0.0986359338230496,3.03454137064875,5.14535444586569,37.9814736672641,0,13.1848631173037,0,0.00840098558967304,0.815548317778527,26.3750609892765,6.06803490261835,8.65575024009736,2.27263457500695,0.0388755880632897,4.43834714220506,0.161010474797544,51.990286087936,43.3714807069991,4.6382332050659
896,"30.5","57.5",0,3.07807523725181,0.0412834899388853,0.133349162445932,18.6135260081543,0,0.0554368330228529,0.235355851553002,0.15397233777218,0,0.312108633463631,3.97170887600534,1.61219496667144,0.687623730415433,0.0573763523666867,0,1.47893250542457,0,0,43.9530620551701,11.3119857477153,0,0.00842040912968887,2.37393851936184,2.37976428482898,0,0.00438586789664241,1.02162987881749,0,2.40625975984863,6.10960949273646,43.9530620551701,0,11.3119857477153,0,0,0.687623730415433,21.6916012454061,7.83040566625889,8.96257379427696,1.02162987881749,0.0554368330228529,4.17357241544443,0.312108633463631,55.9526715333008,39.5062105847595,4.54111788193091
897,"31.5","57.5",0,1.20415523582265,0.130015845154364,0.19984420227566,4.26945318074077,0,0,0.0301837924701832,0,0,0,0.828127027128971,11.3890114818142,0,0,0,0,0,0,46.9466720645677,8.24728166590979,0,0,7.87555672613805,0.093836617823301,0,0.0227283780393936,0.310435862792341,0,17.8454701661983,0.607227753124294,46.9466720645677,0,8.24728166590979,0,0,0,5.47360841656342,0.921963644952272,18.4828817117928,0.310435862792341,0,19.6171566334217,0,55.1939537304775,25.1888896361008,19.6171566334217
909,"-6.5","58.5",0,0.117419838504248,0.0049688606274547,0,1.17496653927916,0,55.6550822256336,0,0,0,0.0584674350941746,1.3672907240494,13.1012569428392,0.714380695566934,0,0.156254894145377,0.0302093440968803,0,0,0,0.114175477548374,0,0.682825098366296,25.7933826386927,0.370709254178962,0,0.0538401498947093,0.254396179941534,0,0,0.350373701544967,0,0,0.114175477548374,0,0,0.714380695566934,1.29238637778341,1.76820932232524,0.350373701544967,0.254396179941534,55.6550822256336,39.7925285845657,0.0584674350941746,0.828556173115308,3.66536558159515,95.5060782452935
910,"-5.5","58.5",0,0.469137959689038,0,0.0276005110893292,5.80327469810375,0,66.7228804417399,0.137322324017737,0,0,0,9.87540160910567,5.73337135487469,0.273271725687731,0.192683803374517,0.0748229819101359,0.186201864284946,0.0115070985668522,0,0,0.220886856973989,0,0.190650966421083,9.33516059092002,0.370118812736381,0,0.01769298120674,0.241257239347693,0,0,0.116756179947861,0,0,0.220886856973989,0,0.0115070985668522,0.273271725687731,6.27241265779279,10.431722286127,0.446762307340115,0.241257239347693,66.7228804417399,15.379299386422,0,0.505665681228572,17.3921544906076,82.1021798281619
911,"-4.5","58.5",0,0.406208585977988,0.00360691165323108,0.015789523334559,1.92769057800413,0,50.4503159462469,0,0,0,0.656944869255692,3.16339845905113,27.9129642273507,1.09388852258966,0.00560993662709568,0.106005914229731,0.0362114189971981,0.00726435291326967,0,0,0.291388579038351,0,0.407915591935531,12.8323196670707,0.0938133210142583,0,0.16607485413398,0.337376969185794,0,0,0.0852117713864752,0,0,0.291388579038351,0,0.00726435291326967,1.09388852258966,2.33389916398212,3.29342319906259,0.0908217080135709,0.337376969185794,50.4503159462469,41.4446766897084,0.656944869255692,1.39254145454128,6.05552104024407,92.551937505211
912,"-3.5","58.5",0,0.105933704919996,0,0.00432974099086481,0.934219274092864,0,39.6603896924195,0,0,0,0.0659070125899005,1.36347488192512,36.5687820526998,1.01419184851785,0,0.261172400443411,0.0238653207536855,0,0,0,0.371418140261791,0,0.185758875592601,19.0273948465357,0.0835005059949028,0,0.0424510118853891,0.213709509775631,0,0.0288278689331146,0.044673311672985,0,0,0.371418140261791,0,0,1.01419184851785,1.04015297901286,1.47084070867371,0.0735011806060996,0.213709509775631,39.6603896924195,56.0898889281478,0.0659070125899005,1.38560998877964,2.7982043780683,95.8161856331572
913,"-2.5","58.5",0,0.0586877197004772,0,0.038928909088175,0.519814162384057,0,9.52310248724717,0,0,0,1.01553816583257,0.80658036073761,49.6642409281612,0.785721582864663,0,3.29650971601165,0,0,0,0,0.769617333855657,0,0.466721988124828,30.5066967359603,0.158845724189354,0,0.362558617384631,1.04434628511849,0,0,0.982089283339187,0,0,0.769617333855657,0,0,0.785721582864663,0.578501882084534,0.965426084926964,0.982089283339187,1.04434628511849,9.52310248724717,84.3356568947308,1.01553816583257,1.55533891672032,3.57036353546918,94.8742975478105
923,"7.5","58.5",0,2.37606436043667,0.0413543081605464,0.101976081258197,17.7338295683289,0,8.48007580655418,0.336675460990691,0,0,0.376856527825695,13.2629118146973,7.78200489083103,0.139179710593906,0.620329640858301,0.363250650147274,1.72081756820086,1.70036483762384,0,0.414998738951401,10.5258862946767,0,0.378184451498934,21.2262621166401,8.04201017526512,0,0.445943936809665,1.34357463957165,0.052670438679639,1.48515556772167,1.0496224136788,0.414998738951401,0,10.5258862946767,0,1.70036483762384,0.139179710593906,20.1098939287656,23.0257395581633,3.49178308324946,1.34357463957165,8.48007580655418,30.3389764353457,0.429526966505334,12.7804295818458,47.97099120975,39.2485792084053
927,"11.5","58.5",0,2.65997364550749,0.0646911496038515,0,27.3397758611106,0,7.02019093496004,0,0,0,2.09345581078465,8.8130323444094,0.469575939340049,0.23812136504671,1.3510738885756,0.905768671727186,0.849290615306017,1.15359794998442,0,14.7423786291123,9.14282551490645,0,0.468638163928879,13.1070384068291,3.58650867224919,0,0.360496956725985,1.75031466910783,0,1.33651179666559,2.54673901411867,14.7423786291123,0,9.14282551490645,0,1.15359794998442,0.23812136504671,29.9997495066181,13.2488316319646,5.23432469935986,1.75031466910783,7.02019093496004,15.3762092881551,2.09345581078465,25.2769234590499,50.2332205070504,24.4898560338997
929,"13.5","58.5",0,3.27651220136103,0.0532729214680692,0.0574684226540366,24.3652543296017,0,2.0892943913691,0.0775124868791557,0,0,0.900130596450962,11.1573599412466,5.18673165289979,0.0139870698749644,0.249031538974563,0,0.166486880763654,2.12657313735178,0,10.7968005129632,13.5543971629837,0,0,15.5608846836532,4.48361432808329,0,0.233268871118611,0.352918382776152,0,3.65220830219869,1.64629218532773,10.7968005129632,0,13.5543971629837,0,2.12657313735178,0.0139870698749644,27.6417665309627,15.8074611500935,5.62504451338014,0.352918382776152,2.0892943913691,21.0916265517937,0.900130596450962,26.4917578831736,49.4271905772126,24.0810515396138
932,"16.5","58.5",0,1.10636411980594,0.0351645637567508,0.168044278319563,13.8886104923518,0,6.04227768270959,0.798781795300592,0,0,0.528176637095311,10.9359422810484,1.51665828750471,0.552112996765425,0.26562953248134,0.167855425523324,0.197589187340388,0.734925561562671,0,23.5649012662877,29.1536897083507,0,0.183196729230816,4.82670384440763,3.12951410871829,0,0.093260552359285,0.274246341239668,0.301407913206501,0.895238715124982,0.639707979508599,23.5649012662877,0,29.1536897083507,0,0.734925561562671,0.552112996765425,14.9949746121577,14.2630455771071,2.59935802241551,0.274246341239668,6.04227768270959,6.99088368110208,0.829584550301812,54.0056295329665,32.13162455292,13.8627459141135
938,"22.5","58.5",0,1.52379841551917,0.0138770325379411,0.153008362928861,8.89406482831495,0,27.6671437861473,0.0859366839296248,0,0,0.196809595730354,4.12092075105785,13.167913548835,4.27744792755244,0,0.0603840906984326,0.0760406453516271,0,0,17.8644859623209,14.3138644150062,0,0.102036974371684,5.09848784474546,0.557596079609936,0,0,0.245794518783648,0,0.601513397325354,0.978875139239155,17.8644859623209,0,14.3138644150062,0,0,4.27744792755244,10.4178632438341,4.75455747601941,1.66632522049413,0.245794518783648,27.6671437861473,18.5957078541174,0.196809595730354,36.4557983048795,17.0845404591313,46.459661235995
939,"23.5","58.5",0,3.86503375304141,0.0827808370662959,0.32612401514884,13.8279804444306,0,0,0,0,0,3.70234250174298,5.50575785336289,0.675674784592457,1.40327968117949,0,0,1.10955022565008,0,0,37.459134396549,20.5728597555839,0,0,6.5033698017024,2.15026764180635,0,0.229095904181081,0.326669609582258,0,0.469770878700896,1.79030791567901,37.459134396549,0,20.5728597555839,0,0,1.40327968117949,17.693014197472,8.76557572081932,2.26007879437991,0.326669609582258,0,7.81704534269107,3.70234250174298,59.4352738333124,29.0453383222535,11.5193878444341
941,"25.5","58.5",0,0.901492630397395,0,0.00853691248661741,5.05892255106475,0,2.78998113133835,0.146886166674467,0,0,0.823620549146567,1.29711256163373,2.19654635694076,0.246873298537304,0,0,0.482252838629582,0,0,19.4119227837942,3.76051085529866,0,0,1.44654138374849,0.318855324224263,0,0.034106772116557,0.250558357484465,59.5095089760349,0.234749978797023,1.08102057165191,19.4119227837942,0,3.76051085529866,0,0,0.246873298537304,5.96041518146215,2.09822072448758,1.4626567171234,0.250558357484465,2.78998113133835,3.68573142529242,60.3331295251815,23.4193069376302,9.77185098055758,66.8088420818122
942,"26.5","58.5",0,2.31385847463857,0.0731879457358446,0.335545831504463,29.7037328845264,0,0,0.895123572130144,0,0,1.52669336865051,1.63257203289285,0.991634375746371,0.116385180348411,0.0346893932211018,0.0944251891427747,1.11292832092553,0,0,26.5236883608984,14.0958298622472,0,0,11.4842357789563,3.73371369342713,0,0.0136607751532824,0.731236961629081,1.30385595586102,0.601908819182279,2.68109322317858,26.5236883608984,0,14.0958298622472,0,0,0.116385180348411,32.017591359165,6.47921404724551,4.2128150077121,0.731236961629081,0,12.992689896239,2.83054932451153,40.735903403494,43.4408573757517,15.8232392207506
943,"27.5","58.5",0,1.84791115724421,0.051852251339475,0.177852738462958,9.47886571071556,0,0,0.136911836101516,0,0,0.39276714916706,4.00872984081069,4.43186215165847,0.285017427603163,0.0704605318557114,0.03509086056299,0.281353776676215,0,0,53.1635016106287,13.0745680157763,0,0.074560121346902,3.28517607376902,1.50679872812229,0,0,0.457823064242939,0.0706818079720764,3.56840245407945,3.59981269185993,53.1635016106287,0,13.0745680157763,0,0,0.285017427603163,11.3267768679598,5.7968823456092,7.37558751389661,0.457823064242939,0,8.05639419713981,0.463448957139136,66.5230870540082,24.9570697917085,8.51984315427895
946,"30.5","58.5",0,1.94630511612968,0.0855233414074812,0.0408348812134243,17.268073892919,0,0,0.39833498860614,0,0,0,2.44420453069458,2.9717092083233,0.243421365287511,0.21904207834182,0,0,0,0,52.9579445096705,13.1066141638152,0,0,2.57424310171006,0.630477886425766,0,0.038902370516691,0.117407443475291,0,1.77056455057278,3.18639657089082,52.9579445096705,0,13.1066141638152,0,0,0.243421365287511,19.2143790090487,3.07468241712035,5.57433818841156,0.117407443475291,0,5.71121290317096,0,66.3079800387732,27.9808070580559,5.71121290317096
947,"31.5","58.5",0,1.20210196820318,0,0.545426935990595,18.0667476076593,0,0.294542619627979,0,0,0,0.651626002538773,1.93177314989302,4.2227629604592,0,0,0,0.978443798748889,0,0,33.9524325993889,8.26681276345304,0,0,8.12881869888396,2.38907060285303,0,0.252923506112768,16.9138094812009,0,0.382163699089191,1.82054360589733,33.9524325993889,0,8.26681276345304,0,0,0,19.2688495758625,5.29928755149494,2.20270730498652,16.9138094812009,0.294542619627979,13.1499321014465,0.651626002538773,42.2192453628419,43.6846539135448,14.0961007236133
971,"5.5","59.5",0,1.45722092455235,0,0.0153697467497039,12.4198015094014,0,13.9602109785773,0,0,0,0.231527569538778,4.64570610189739,16.170831889365,0.430725118794688,0.0646044766858411,0.649050049716164,0.901814531589253,1.31061310225711,0,0.403627543126788,10.061629142288,0,0.400886443177711,30.7994041383353,2.10291743344193,0,0.39528094978432,0.799644711955117,0,0.370480978802545,2.40865265995469,0.403627543126788,0,10.061629142288,0,1.31061310225711,0.430725118794688,13.8770224339538,7.65043806692857,2.84373811544308,0.799644711955117,13.9602109785773,48.4308232171282,0.231527569538778,12.2065949064666,25.1708433282805,62.6225617652443
972,"6.5","59.5",0,0.270301056639709,0.00976413655430948,0.0607446851288349,4.84438638193062,0,2.29002922603323,0.022729127543553,0,0,0,0.431942335990835,63.0685973380913,0.233551578881309,0.0124399899750797,0.0356611695702313,0.0317001458377394,1.72567214375795,0,0.0978953182364452,3.89559074573588,0,0.395643419691768,19.98480145156,0.28863035973694,0,0.5505856441993,1.10508059061155,0,0.0359931858911097,0.608259968425188,0.0978953182364452,0,3.89559074573588,0,1.72567214375795,0.233551578881309,5.11468743857033,0.752272841565514,0.67942227183493,1.10508059061155,2.29002922603323,84.1057978447957,0,5.95270978661158,7.65146314258232,86.395827070829
973,"7.5","59.5",0,0.54142012052038,0.00477779166736541,0.125151705689407,11.6653508320257,0,3.61265094189251,0.028638876116603,0,0,0,1.5123921033919,23.4707891433,1.10433831675808,0.145346947720378,0.0835486886155927,0.190367035825377,6.43039953746569,0,1.46927285205628,15.9187709170235,0,0.0532704968384637,30.7937411223199,0.714800285425378,0,0.453002760722721,1.03410856554209,0,0.143361066120202,0.504499892961446,1.46927285205628,0,15.9187709170235,0,6.43039953746569,1.10433831675808,12.2067709525461,2.41755942464266,0.821846782918629,1.03410856554209,3.61265094189251,54.9842817091534,0,24.9227816233035,16.4802857256495,58.596932651046
977,"11.5","59.5",0,1.31215731890205,0.0417518508319235,0.155402365364227,19.999306569156,0,17.5363446126194,0.320684191187803,0,0,0.803769686152498,2.86207171770009,5.81700944148365,0.438804617946888,0.224330508002925,0.300681648320545,0.906970155625685,2.6657925924265,0,6.85120642792322,14.3518836888121,0,0,15.6768404447984,5.18337473679983,0,0.757948074412869,0.961296286774837,0,1.04324645946734,1.78912660529123,6.85120642792322,0,14.3518836888121,0,2.6657925924265,0.438804617946888,21.3114638880581,8.9524166101256,3.3773877639493,0.961296286774837,17.5363446126194,22.7496338252116,0.803769686152498,24.3076873271087,34.6025645489078,41.0897481239835
980,"14.5","59.5",0,1.14120338150816,0.0031286736320815,0.12013597961965,15.7704932572198,0,2.28463772648698,0.176488379059232,0,0,0.314129344933963,2.76328576676877,1.98729122972582,0.150402897654468,0.111916616238995,0.0568047200755046,0.515020995504318,0.972976033375887,0,31.5075672766349,31.3267131708454,0,0.0920355806471943,5.51883465924857,2.31434876180872,0,0.116124431315507,0.896706763454029,0.228933714348425,1.05730922265125,0.573511417243183,31.5075672766349,0,31.3267131708454,0,0.972976033375887,0.150402897654468,16.911696638728,5.59265552408181,1.91922563519266,0.896706763454029,2.28463772648698,7.89435527426433,0.543063059282388,63.9576593785107,25.3202845614565,10.7220560600337
988,"22.5","59.5",0,1.98297110337648,0,0,21.2318651764139,0,5.38110587590068,0,0,0,0,0,5.01496321434548,0,3.6888113884281,0,0,0,0,29.6078092817133,21.2510223713919,0,0,4.82690209380752,1.06397469813928,0,0,5.95057479648334,0,0,0,29.6078092817133,0,21.2510223713919,0,0,0,23.2148362797904,1.06397469813928,3.6888113884281,5.95057479648334,5.38110587590068,9.841865308153,0,50.8588316531052,33.9181971628411,15.2229711840537
990,"24.5","59.5",0,2.71862168145996,0.0146637949318337,0.411583204700029,12.6261124921273,0,15.7138119490764,0.280295992207912,0,0,1.17933020765811,2.50622550310418,3.087317008726,0.773088972861146,0.0547517009342176,0.267934215486089,0.679447940067025,0.0592861133805215,0,21.1247639302942,12.7576937062111,0,0.0421362403252083,5.17487822865767,1.07971676971408,0,0.0732660497958698,0.577677495416861,16.8371117275041,0.897571263805494,1.06271381155432,21.1247639302942,0,12.7576937062111,0,0.0592861133805215,0.773088972861146,15.3447341735873,4.26539021288528,2.29533276850194,0.577677495416861,15.7138119490764,9.0717787426227,18.0164419351622,34.714832722747,22.4831346503913,42.8020326268613
991,"25.5","59.5",0,4.64726757872907,0.0932147152802063,0.813157071537221,24.3918566990058,0,2.04595169727506,0.594277262360692,0,0,1.35230133086298,8.51762939887623,2.00887563147373,0,0,0.655929942391944,0,0.0604438306602135,0,14.095518536093,14.4943654035677,0,0,11.8429496211725,1.59826160649783,0,0.129060087252987,2.44797807504744,3.76204129638573,2.44899191439806,3.9999283011316,14.095518536093,0,14.4943654035677,0,0.0604438306602135,0,29.0391242777349,10.1158910053741,7.04319747789035,2.44797807504744,2.04595169727506,15.5431870691086,5.11434262724871,28.6503277703209,48.6461908360467,22.7034813936324
992,"26.5","59.5",0,4.04385163984512,0.163277338946562,0.570755759540482,24.4898957441945,0,2.22472862393377,0.285105135331569,0,0,0.30087226520741,4.20115044195654,10.3824988242247,0.744659061082705,0,0.196248911475196,0.367561501594935,0,0,14.6062148604613,16.9570292752314,0,0.0337821625340301,14.3439690898624,0.977211319843168,0,0.0975444460062177,1.3271279803198,0.0697510890518422,1.4832032974221,2.13356123193088,14.6062148604613,0,16.9570292752314,0,0,0.744659061082705,28.5337473840396,5.54592326339464,3.90186966468455,1.3271279803198,2.22472862393377,25.7880765325896,0.370623354259252,32.3079031967754,39.3086682924386,28.3834285107826
993,"27.5","59.5",0,3.36680671176148,0.0336248293327511,0.244173454686534,19.6851839066784,0,0,0.24897816481703,0,0,0.933634169694094,2.63889041831662,3.06106780385991,4.43359223275566,0.0179804464132069,0.0138015393086774,0.323870750040885,0,0,27.4438146763196,26.8123944684615,0,0.0223408875278007,5.55043532282038,1.26463837228084,0,0,0.654881418430296,0,1.28225765649299,1.9676327700021,27.4438146763196,0,26.8123944684615,0,0,4.43359223275566,23.0519906184399,4.22739954063834,3.51684903772533,0.654881418430296,0,8.92544383753605,0.933634169694094,58.6898013775368,31.4511206152339,9.85907800723015
1013,"-2.5","60.5",0,0,0,0,0,0,0,0,0,0,0,0,0,0,0,0,0,0,0,0,0,0,0,0,0,0,0,0,0,0,0,0,0,0,0,0,0,0,0,0,0,0,0,0,0,0,0
1014,"-1.5","60.5",0,0.0578561978554635,0.00631895407180343,0.0119337104562826,0.552547645604434,0,55.3928654527797,0,0,0,0.00474762123102073,0.581245610407739,22.1195016150127,0.476117475940147,0,0.109194066382391,0.045269598588649,0.0073051776444749,0,0.00139145334471077,0.168260518912049,0,0.571737980830964,19.3172543058164,0.140098205406749,0,0.159405525359075,0.25766908397684,0,0,0.0192798003722738,0.00139145334471077,0,0.168260518912049,0,0.0073051776444749,0.476117475940147,0.610403843459898,0.766613414403137,0.0192798003722738,0.25766908397684,55.3928654527797,42.2953461579296,0.00474762123102073,0.653074625841382,1.65396614221215,97.6929592319403
1021,"5.5","60.5",0,1.0852034530168,0.0315208344563567,0.0968211293670385,7.13897077968843,0,25.6246265785002,0,0,0,0,7.08810535905368,15.0641165285213,0.988507902671277,0.118486175868577,0.23127379623375,0.408871892914094,3.44349221593684,0,0.163880263992453,9.87394284971013,0,0.292057251106503,25.5021603926101,1.04266773374778,0,0.264512328715337,1.02321747820634,0,0.0770583377159877,0.440506717966985,0.163880263992453,0,9.87394284971013,0,3.44349221593684,0.988507902671277,8.22417423270523,8.53964498571555,0.63605123155155,1.02321747820634,25.6246265785002,41.4824622610104,0,14.4698232323107,18.4230879281787,67.1070888395106
1022,"6.5","60.5",0,0.5871712787182,0.0429471320865006,0.0523663493815389,5.75986442744707,0,0.557825413709226,0,0,0,0,0.361664976526005,7.40933854701491,0.638589116631956,0,0.879275063813929,0,0.950388364676671,0,0.105879225377477,3.92092146872396,0,0.098198043370097,62.5376670824008,0.241840833491792,0,8.72025257828981,6.5360650666743,0,0.206416311711506,0.393328719954209,0.105879225377477,0,3.92092146872396,0,0.950388364676671,0.638589116631956,6.34703570616527,0.603505810017797,0.599745031665715,6.5360650666743,0.557825413709226,79.7400447963576,0,5.61577817541006,14.0863516145231,80.2978702100668
1026,"10.5","60.5",0,1.75384609827181,0.048092593515477,0.241299597416064,25.5984916234768,0,0.343566080178011,0.193246112821894,0,0,1.2597866481828,4.51349397663695,2.41811935179272,0.043700960960509,0.139699443480988,0.466302082767004,1.57553114660596,5.20255834807744,0,25.9749045342819,8.88192434603104,0,0,11.8034450859382,0.80618725179184,0,0.368722079965698,4.82416440422699,0.116822320758806,0.492628566009937,2.93346734681114,25.9749045342819,0,8.88192434603104,0,5.20255834807744,0.043700960960509,27.3523377217486,6.89521237503475,3.75904146912396,4.82416440422699,0.343566080178011,15.3459807913952,1.37660896894161,40.1030881893509,42.8307559701343,17.0661558405148
1030,"14.5","60.5",0,2.18052148727854,0,0.0664372566956081,32.9474757083963,0,0.206563487932705,0.0374746275469909,0,0,0,0.476878856043426,9.69577591040296,0.387622032481022,0.0328002439591025,0.123785911013905,0.129559690490606,0.366950543609801,0,24.9945396693096,18.9552075047873,0,0.0580631725329168,6.21268485045253,0.474902627488892,0,0.00272540738000818,0.920219487763767,0,1.53612509200941,0.193686432426271,24.9945396693096,0,18.9552075047873,0,0.366950543609801,0.387622032481022,35.1279971956748,1.08134117402292,1.80008639594177,0.920219487763767,0.206563487932705,16.1594725084779,0,44.7043197501877,38.9296442534033,16.3660359964106
1031,"15.5","60.5",0,1.43324171197345,0,0.0820735045025396,21.2118534031516,0,0.694821391006201,0.19483277949068,0,0,0,4.6291575571727,3.03393686962138,0,0.185647668421332,0.116649919971607,0.71591045976025,0.0653062275364652,0,34.3533235849562,20.8842978072209,0,0.0782861254238825,7.41272460164225,1.73298490701449,0,0,0.379396203040458,0,2.00113961663441,0.794415661459197,34.3533235849562,0,20.8842978072209,0,0.0653062275364652,0,22.6450951151251,7.07805292394744,3.17603572600562,0.379396203040458,0.694821391006201,10.7236710211617,0,55.3029276197136,33.2785799681186,11.4184924121679
1036,"20.5","60.5",0,2.27758108359429,0.0412956655903178,0.144359968108669,8.88567411914641,0,0.332165623631627,0.194213942220032,0,0,0.644137071641104,1.36396952319576,8.7310874487694,0.00845016885440365,0.0450022708701585,1.08020981459803,1.36001814107366,19.8092234507303,0,17.1057873442488,10.903986800411,0,0.273623032145928,20.5315138282286,1.53830268812257,0,0,2.03930473709333,1.27997162463592,0.120824079032784,1.28929757405692,17.1057873442488,0,10.903986800411,0,19.8092234507303,0.00845016885440365,11.1632552027407,4.26229035239199,1.64933786617989,2.03930473709333,0.332165623631627,30.8020897574409,1.92410869627702,47.8274477642445,19.1141881584059,33.0583640773496
1037,"21.5","60.5",0,2.77945295648135,0.0132481221504772,0.223416160735659,25.4906338363886,0,1.34501932740047,1.41374048412507,0,0,0.235237229456931,3.10143542095413,31.0253643785868,4.00593380591197,0.096459386181167,0.43686857404506,0.911896069538938,0.168850691110056,0,4.09844431889681,17.1326055886506,0,0.0357652561107519,3.79770705332791,1.62170183123049,0,0.0620242712209326,0.248044467940219,0.0545349466786124,0.304102377937835,1.39751344495427,4.09844431889681,0,17.1326055886506,0,0.168850691110056,4.00593380591197,28.27008679287,5.63503332172356,3.21181569319834,0.248044467940219,1.34501932740047,35.5943938161776,0.289772176135543,25.4058344045694,37.3649802757321,37.2291853197136
1038,"22.5","60.5",0,4.93577225789741,0,0.244698291496301,33.988924738695,0,0,0.610175943407088,0,0,0.260296619968163,3.37998744977103,1.33879759382661,0.115126830795201,0.0704400671328835,0.156903676759251,0.586785112360351,0.110830917236592,0,19.0578336834988,17.5370649412211,0,0.0957890154047244,8.16108699903473,2.93507302388474,0,0.262027974778598,0.222118802503338,0,1.66555641113843,4.26470964918959,19.0578336834988,0,17.5370649412211,0,0.110830917236592,0.115126830795201,38.9246969965924,6.90184558601612,6.61088207086799,0.222118802503338,0,10.2593035513002,0.260296619968163,36.8208563727517,52.6595434559799,10.5196001712684
1039,"23.5","60.5",0,2.15436643586609,0.0339082462163272,0.0448948179866839,13.4732537665157,0,0.290251303469888,0.0850600254014803,0,0,2.15221900881719,1.55031651862841,4.8132726764041,0.295355370940051,0,0.430420086631088,0,1.31182415127449,0,19.4704004273925,28.1791087377561,0,0,20.4387130192895,0.18020894637952,0,0.328009581885419,0.940455332369233,1.74631805539991,0.587921549454693,1.49372194192163,19.4704004273925,0,28.1791087377561,0,1.31182415127449,0.295355370940051,15.6276202023818,1.73052546500793,2.1667035167778,0.940455332369233,0.290251303469888,26.0892184284131,3.8985370642171,49.2566886873631,20.4653045165368,30.2780067961001
1040,"24.5","60.5",0.61062880324286,1.722433629078,0.0124265913053648,0.0882503712722904,18.4602825071252,0,2.24635176789059,0.28642025837403,0,0,0.222027003167332,1.20624948279056,1.69559806431671,1.0371682915494,0.0817096395482085,0.0757815399149071,0.109721408590877,0.106005468586354,0,37.5770285591332,29.3618155663478,0,0,3.4762789104717,0.431100654181602,0,0.026439531754138,0.169523023794657,0,0.395486694557239,0.601272233006649,37.5770285591332,0.61062880324286,29.3618155663478,0,0.106005468586354,1.0371682915494,20.1827161362032,1.74707154556304,1.36488882548613,0.169523023794657,2.24635176789059,5.37477500903511,0.222027003167332,68.6926466888596,23.464199531047,7.84315378009303
1045,"29.5","60.5",0,3.31222913962324,0.12275754651553,0.309490708494337,13.4458194966559,0,5.36544051436677,0,0,0,0,1.06873928720035,15.2263172428412,0,0,0.859105783757891,0,0,0,21.2948268822063,35.546960375695,0,0,3.44831302264345,0,0,0,0,0,0,0,21.2948268822063,0,35.546960375695,0,0,0,16.7580486362791,1.06873928720035,0,0,5.36544051436677,19.9659843042524,0,56.8417872579013,17.8267879234795,25.3314248186192
1074,"8.5","61.5",0,0.626683751138803,0,0.20954741791633,11.4215789240066,0,0.407885077777484,0,0,0,0,0.321605861087204,30.1675251888753,0.881997685768546,0,0.0951639452963081,0,4.89666853154289,0,0.8005788083846,16.2402159159653,0,0,29.4286246563775,0.475701151167636,0,0.5367271278837,2.24368991764708,0,0.144490746094915,1.1013152930699,0.8005788083846,0,16.2402159159653,0,4.89666853154289,0.881997685768546,12.0482626751454,0.79730701225484,1.24580603916481,2.24368991764708,0.407885077777484,60.4375883363491,0,22.8194609416613,16.3350656442121,60.8454734141266
1075,"9.5","61.5",0,0.419846053525592,0,0.251459502700727,12.0666779403594,0,0.632162336747927,0,0,0,0.65291134678515,0.578896538302263,11.1502457048791,0.214426302578038,0.179624179769927,0.34067208966491,0.248603245091039,20.31280726126,0,5.82983957130405,16.7383099609251,0,0,26.3240470532641,0.267807889452607,0,0.472149648844058,2.74473125925385,0,0.148974140085927,0.425807975206231,5.82983957130405,0,16.7383099609251,0,20.31280726126,0.214426302578038,12.486523993885,1.09530767284591,0.754406295062085,2.74473125925385,0.632162336747927,38.5385739993529,0.65291134678515,43.0953830960672,17.0809692210468,39.823647682886
1076,"10.5","61.5",0,1.57034890090646,0,0.216607667255641,23.4307743480397,0,0.499098706749364,0.05536643580652,0,0,0.274640536736051,1.07667777280446,4.89178723690015,0.0763488991137924,0.0598530907163295,0.710097230307891,0.566029984414565,9.34169888379918,0,21.662925144529,13.8599358686414,0,0.0508291930552217,17.7138074907924,0.770267327298718,0,0.464270566688204,1.61165941888459,0.127339597233506,0.108199477147055,0.861436222191669,21.662925144529,0,13.8599358686414,0,9.34169888379918,0.0763488991137924,25.0011232489462,2.41297508451774,1.08485522586157,1.61165941888459,0.499098706749364,24.0473993849995,0.401980133969557,44.9409087960834,30.1106129782101,24.9484782257184
1079,"13.5","61.5",0,0.616672750352904,0,0.0161797699981196,9.93519520172122,0,0,0.145426586134349,0,0,0,1.229190467971,42.6165368934603,0.817634486394123,0.14230981836249,0,0,0,0,10.348331698697,23.5149454886102,0,0,9.51703405103376,0.0209780170279825,0,0.0172671467774077,0.391067748922261,0,0.276324778172439,0.394905096364549,10.348331698697,0,23.5149454886102,0,0,0.817634486394123,10.5518679520741,1.25016848499898,0.958966279033827,0.391067748922261,0,52.1670178612696,0,34.6809116737013,13.1520704650292,52.1670178612696
1082,"16.5","61.5",0,1.55698026879526,0,0.0925719356413155,19.4576619847215,0,1.08472094766078,0.189937437203883,0,0,0,1.23606195257916,2.11583807064767,0.0501725345075968,0.144121893140164,0.169566620020907,0.392447570926501,0.397108167358385,0,37.5464369314012,32.0961991194956,0,0.0347184138605026,1.16371093885622,0.812288449393797,0,0.0425253698217463,1.27097233630004,0,0.14595905766776,0,37.5464369314012,0,32.0961991194956,0,0.397108167358385,0.0501725345075968,21.0146422535168,2.44079797289946,0.480018388011807,1.27097233630004,1.08472094766078,3.61893134884836,0,70.0899167527628,25.2064309507281,4.70365229650914
1087,"21.5","61.5",0,2.54729759515121,0.0153162500763755,0.0967947625538954,14.8203304619307,0,26.2890870659276,0.0797753204831412,0,0,0.34758441194007,0.958193487124612,0.225186798671189,17.1707201439792,0.0238926942716378,0.213288062282358,0.0335737478907036,0.0151495941880471,0,23.1135388692925,10.2803548851307,0,0,1.30045376232611,0.20304645220268,0,0.0533149564058554,0.0296539702181849,0,1.91708067574283,0.266366032210331,23.1135388692925,0,10.2803548851307,0,0.0151495941880471,17.1707201439792,17.3676280570819,1.194813687218,2.28711472270794,0.0296539702181849,26.2890870659276,1.90435459231578,0.34758441194007,50.5797634925904,20.879210437226,28.5410260701835
1088,"22.5","61.5",0,2.29605502407343,0,0.0890103777104692,28.7896978673697,0,1.03532667812036,0,0,0,0,1.02457451351308,0,2.63383222921593,0,0.122584441063611,0,0,0,39.838438288144,21.8486176386206,0,0,1.49483656870376,0.109833612811729,0,0,0,0,0.367272099205563,0.349920661447819,39.838438288144,0,21.8486176386206,0,0,2.63383222921593,31.0857528914431,1.13440812632481,0.717192760653382,0,1.03532667812036,1.70643138747784,0,64.3208881559805,32.9373537784213,2.7417580655982
1090,"24.5","61.5",0,2.13150843268766,0.0125944505108467,0.134786962658459,23.3638947865948,0,0.546692695050113,0.167043429831793,0,0,0,0.85788628268207,2.28549460216677,0.0463588569073366,0,0.484935909248035,0.964511642693723,1.02312849002617,0,34.325230895187,27.4392479479662,0,0.0304124041657415,3.4316701451534,0.533379639701381,0,0.0438647820122944,1.14398494763586,0,0.227674926329601,0.805697770790693,34.325230895187,0,27.4392479479662,0,1.02312849002617,0.0463588569073366,25.4954032192825,2.35577756507717,1.20041612695209,1.14398494763586,0.546692695050113,6.42375925591555,0,62.8339661900867,30.1955818589476,6.97045195096566
1091,"25.5","61.5",0,1.73102852665627,0.0102924446270175,0.257243623578498,32.0674957821291,0,0.662534902424995,0.351620565332117,0,0,1.99676280260136,0.909681946645392,1.31305149028311,0.0700399409011123,0,0.103465695154991,1.78250285282366,0.474277263093513,0,17.6406846177661,32.3434964111259,0,0,5.50283157389148,0.380748506535269,0,0.0900555015019266,0.642780494295356,0.271056559435151,0.300146416249951,1.0982020829538,17.6406846177661,0,32.3434964111259,0,0.474277263093513,0.0700399409011123,33.7985243087854,3.07293330600432,1.74996906453587,0.642780494295356,0.662534902424995,7.27694032903702,2.26781936203651,50.5284982328866,39.2642071736209,10.2072945934985
1092,"26.5","61.5",0,1.12261284862368,0,0,16.4817095079103,0,0,0.0446154831127106,0,0,0.720097371974657,1.37322359376921,1.1037992705509,0.16036449623467,0,0.074310084402691,0.658035875925024,0.127087346995172,0,51.464780478975,22.8580559394584,0,0.0521781291211007,1.97304119610974,0.501818733897603,0,0.0298316597000175,0.498179444862745,0.11129324462432,0.111899716265714,0.533065577486274,51.464780478975,0,22.8580559394584,0,0.127087346995172,0.16036449623467,17.604322356534,2.53307820359184,0.689580776864699,0.498179444862745,0,3.23316033988445,0.831390616598977,74.6102882616632,21.3251607818533,4.06455095648343
1093,"27.5","61.5",0,1.52907950066989,0.0159222086593503,0.121061411994326,21.4681998627961,0,0.392374146696696,0.100095987241266,0,0,0,0.990937135814332,2.03972609967172,0.0199637021883196,0.0497361892749448,0.0458695729836477,0.326196283831454,1.15321330817709,0,46.6209468639475,21.0801071601481,0,0.0129573354520525,1.73670909736472,0.499324997342349,0,0.0147726852037631,0.94665520514393,0.0837039912197033,0.222493134530121,0.529954119648517,46.6209468639475,0,21.0801071601481,0,1.15321330817709,0.0199637021883196,22.997279363466,1.81645841698814,0.902279430694849,0.94665520514393,0.392374146696696,3.98701841132958,0.0837039912197033,68.874231034461,26.6626724162929,4.46309654924598
1094,"28.5","61.5",0,1.46216895539778,0,0.187738689335237,26.4880846074906,0,1.17697758588759,0,0,0,0.246907366860191,1.03728458406364,1.20785166706021,1.64680275352502,0,0,0,0.0627758765736942,0,12.5763718372191,49.3283365807495,0,0,2.32511445909091,0.341677112520991,0,0.0435699939625963,0.117686747558818,0,1.61110652321315,0.139544659490903,12.5763718372191,0,49.3283365807495,0,0.0627758765736942,1.64680275352502,27.9502535628884,1.37896169658463,1.75065118270405,0.117686747558818,1.17697758588759,3.76427480944895,0.246907366860191,63.6142870480673,31.1975531897359,5.18815976219673
1095,"29.5","61.5",0,1.1719452125174,0.0262377221933361,0.100886321222134,11.6052205923847,0,0.335842881331904,0.0192050671121192,0,0,0.216479582639381,0.670959064867057,2.53537368663776,0.341748676431527,0,0.0739410533379049,0.30888222945922,1.09968982757383,0,28.5079324459873,43.6583425012215,0,0.0217681334745623,6.03652458680398,0.283107859589203,0,0.267290009724231,1.29589422663982,0.652422802315428,0.188041904084649,0.58226361245109,28.5079324459873,0,43.6583425012215,0,1.09968982757383,0.341748676431527,12.7771658049021,1.26294915391548,0.789510583647858,1.29589422663982,0.335842881331904,9.06202151339391,0.868902384954809,73.6077134512141,16.1255197691053,10.2667667796806
1120,"4.5","62.5",0,0.431670570714214,0,0.0370561391358116,11.3611942231423,0,22.4139864090794,0,0,0,0.933765730686261,3.58296329390325,15.9383373019262,0.806891611864379,0,1.22094312124173,0,1.0249377391435,0,0,1.34327142433193,0,0.744694086368688,37.9425401420105,0.247975050986948,0,0.431992972474243,0.740534012355306,0,0.0757294417880934,0.721516728847189,0,0,1.34327142433193,0,1.0249377391435,0.806891611864379,11.7928647938565,3.8309383448902,0.797246170635282,0.740534012355306,22.4139864090794,56.3155637631572,0.933765730686261,3.17510077533981,17.1615833217373,79.6633159029228
1125,"9.5","62.5",0,0.370885402408472,0.0981638529085751,0.123131736386945,14.354951699651,0,0,0,0,0,0,0.425200888317892,23.9735311479468,0.535199421379956,0,0.259578861134189,0,11.1062823693614,0,1.0309150912753,21.231612332421,0,0.117765842849536,24.0925174238649,0.149594848786463,0,0.615775445551782,1.51489363575583,0,0,0,1.0309150912753,0,21.231612332421,0,11.1062823693614,0.535199421379956,14.7258371020595,0.574795737104355,0,1.51489363575583,0,49.2804643106427,0,33.9040092144377,16.8155264749197,49.2804643106427
1126,"10.5","62.5",0,0.048956880908944,0.0106852715158469,0.013246667409755,1.48268288731252,0,0,0,0,0,0,0.0609915300490764,90.0056854737237,0.0561371093366591,0,0.0385968087025842,0,0.810625133367618,0,0.269493378878179,3.56638230896764,0,0,3.36498528646081,0.0157814942737351,0,0,0.204921183757105,0,0,0.0508285853357738,0.269493378878179,0,3.56638230896764,0,0.810625133367618,0.0561371093366591,1.53163976822146,0.0767730243228115,0.0508285853357738,0.204921183757105,0,93.4331995078127,0,4.7026379305501,1.86416256163715,93.4331995078127
1128,"12.5","62.5",1.27432526098667,1.25861173110125,0,0.0288148297408898,45.987571718771,0,0,0.219629311032354,0,0,0,0.331679753789674,11.8688542025106,0.844614682693665,0,0.0424075065629724,0,5.8338773807171,0,1.82030182935352,14.7473458696811,0,0.054511695364147,14.2025275625988,0.0340283290593024,0,0.0326143208152887,0.982752562155754,0.100326185874241,0.11536875049687,0.219836516694823,1.82030182935352,1.27432526098667,14.7473458696811,0,5.8338773807171,0.844614682693665,47.2461834498722,0.365708082848976,0.554834578224047,0.982752562155754,0,26.2297301175927,0.100326185874241,24.5204650234321,49.149478673101,26.3300563034669
1138,"22.5","62.5",0,0.936454656518504,0,0.0483635478594732,20.5583774719118,0,1.5225010283484,0,0,0,0,1.22473953653303,22.7051526219783,0.387318550001878,0,0,0.824673253962529,0.216208140061569,0,11.2916939447906,36.3031842260401,0,0.0952525394005542,1.72529284726217,0.380299393004598,0,0.0512589153336991,0.728391605022742,0,0.208030099329289,0.792807622640754,11.2916939447906,0,36.3031842260401,0,0.216208140061569,0.387318550001878,21.4948321284303,2.42971218350016,1.00083772197004,0.728391605022742,1.5225010283484,24.6253204718342,0,48.1984048608942,25.6537736389232,26.1478215001826
1174,"8.5","63.5",0,0.994701766198829,0,0,8.3060107812019,0,24.711413020052,0,0,0,0.23118835229396,2.43340605729511,16.8694495303321,1.19136655031607,0,0.211033092213979,0,6.09625016796006,0,0.810967535789765,18.2807513416428,0,0.226378396343967,18.596558893774,0.069221000318244,0,0.334024079362844,0.177620466345822,0,0,0.459658968565449,0.810967535789765,0,18.2807513416428,0,6.09625016796006,1.19136655031607,9.30071254740073,2.50262705761335,0.459658968565449,0.177620466345822,24.711413020052,36.2374439920269,0.23118835229396,26.3793355957087,12.4406190399254,61.1800453643729
1175,"9.5","63.5",0,1.09671012058794,0,0.0373793763885133,7.02035153713813,0,0.851061446821605,0,0,0,0,0.688422314139736,40.0101829528033,0.351823613933726,0,0.630848078223504,0,5.85792851763464,0,1.38399477428418,12.1076770141308,0,0.107233381734599,28.7278997451562,0.0453933755812638,0,0.33241622693218,0.459935437201248,0,0,0.290742087308504,1.38399477428418,0,12.1076770141308,0,5.85792851763464,0.351823613933726,8.11706165772607,0.733815689721,0.290742087308504,0.459935437201248,0.851061446821605,69.8459597612383,0,19.7014239199833,9.60155487195682,70.6970212080599
1178,"12.5","63.5",0,0.751187857509155,0,0,21.9260805868403,0,12.1181799332154,0,0,0,0,0.326792663309489,38.4209528846376,4.62422927111562,0,0.104428621033966,0,1.20617416873176,0,0.864280897632475,13.5915013004159,0,0,4.1936272027433,0.0420174749996173,0,0.0401397999268709,0.549938513804884,0,0.426936424549127,0.813532399534556,0.864280897632475,0,13.5915013004159,0,1.20617416873176,4.62422927111562,22.6772684443495,0.368810138309106,1.24046882408368,0.549938513804884,12.1181799332154,42.7591485083417,0,20.2861856378958,24.8364859205471,54.8773284415571
1180,"14.5","63.5",0,0.663911244272203,0.011608603331802,0.0716339484454435,14.7670627306007,0,0.785236510714218,0.130855850442099,0,0,0,0.461753101938496,4.62154652552174,0.299641833807126,0.0900985697609125,0.0211126818239747,0.0503037457225806,1.53253775467005,0,44.8523513899599,27.2311967756584,0,0,2.60758810427067,0.388821902137766,0,0.0973460619789948,0.933045111016799,0,0,0.382347553926084,44.8523513899599,0,27.2311967756584,0,1.53253775467005,0.299641833807126,15.4309739748729,0.900878749798843,0.603301974129095,0.933045111016799,0.785236510714218,7.43083592537263,0,73.9157277540955,17.8681998098176,8.21607243608684
1186,"20.5","63.5",0,5.79332678147756,0.0446470439359662,0.0705238325631727,22.4110838313124,0,0,0.0693623235446797,0,0,0,0.259769876899616,5.81133493138518,0.166365580329153,0.068354800976066,0.640137127942872,0.244665177012743,0.331160284534333,0,40.3976870664188,16.7892642520994,0,0.0271204017014318,4.8056056642106,0.156287273820418,0,0.0466226303274917,0.864400828430808,0,0.116246207275631,0.886034083801662,40.3976870664188,0,16.7892642520994,0,0.331160284534333,0.166365580329153,28.20441061279,0.660722327732777,1.13999741559804,0.864400828430808,0,11.4459916320667,0,57.6844771833817,30.8695311845516,11.4459916320667
1195,"29.5","63.5",0,2.18606297777571,0.0841226850489406,0.158874472698567,19.6805338058653,0,1.21718311210825,0.0858262126282253,0,0,0,2.43834842276128,3.96905804129542,0.154823408749994,0,0.0736148734849183,0.36813179434855,0.50003623686758,0,30.0512186059454,31.6065650830906,0,0,2.93862951134373,0.582975301313376,0,0,0.975455820558087,0,0.651736916237296,2.27680271787885,30.0512186059454,0,31.6065650830906,0,0.50003623686758,0.154823408749994,21.866596783641,3.38945551842321,3.01436584674437,0.975455820558087,1.21718311210825,7.22429958387158,0,62.3126433346536,29.2458739693667,8.44148269597983
1227,"11.5","64.5",0,1.32006554869788,0,0,14.6083903245646,0,0,0,0,0,0,0,15.8823889587261,2.56233042583801,0,0.568097656723497,0,0,0,13.8538820399916,34.5077240761977,0,0.274101319663704,16.0913677608146,0.177347787703477,0,0.154304101078713,0,0,0,0,13.8538820399916,0,34.5077240761977,0,0,2.56233042583801,15.9284558732625,0.177347787703477,0,0,0,32.9702597970066,0,50.9239365420273,16.105803660966,32.9702597970066
1235,"19.5","64.5",0,0.503019169746779,0,0.0595885071819461,11.9050879571406,0,1.6549242817699,0,0,0,0,6.3103469439332,9.7090647843363,0,0.129315960712521,0.0863799625650068,0,0.766231656621315,0,40.4281251192415,25.3305717341439,0,0,2.57792409790998,0.355150928146358,0,0,0.184268896550692,0,0,0,40.4281251192415,0,25.3305717341439,0,0.766231656621315,0,12.4081071268874,6.66549787207956,0.129315960712521,0.184268896550692,1.6549242817699,12.4329573519932,0,66.5249285100067,19.3871898562301,14.0878816337631
1243,"27.5","64.5",0,0.235753652653188,0.083848748229058,0.18798420833423,9.32791964501427,0,0,0,0,0,9.00188722214118,0,25.9285456995585,0.697534524749915,0,0,0,0.164817327020222,0,19.7920915855191,15.7336357442873,0,0,18.3320419942171,0.0339567949753119,0,0.203870896637479,0.16341985473505,0,0.112692101928014,0,19.7920915855191,0,15.7336357442873,0,0.164817327020222,0.697534524749915,9.56367329766746,0.0339567949753119,0.112692101928014,0.16341985473505,0,44.7362915469764,9.00188722214118,36.3880791815765,9.87374204930583,53.7381787691175
1285,"19.5","65.5",0,0.72411517679626,0,0.595741284273374,20.5616040810942,0,0,0,0,0,0.303795377493885,1.37148353307629,17.5504788238981,0,0,0.52188692853071,0,1.47359047342752,0,7.12237574612441,40.4011416030736,0,0,6.41481108911464,0.235665186473582,0,0.0896215778708823,1.72157896287845,0,0,0.912110155874108,7.12237574612441,0,40.4011416030736,0,1.47359047342752,0,21.2857192578905,1.60714871954987,0.912110155874108,1.72157896287845,0,25.1725397036877,0.303795377493885,48.9971078226255,25.5265570961929,25.4763350811816
1295,"29.5","65.5",0,0.0889032730629308,0,0.145000344687041,4.56038852551172,0,0,0,0,0,0,0.161162652954742,58.3811693215802,0.481452607467857,0,0,0,0.180389296146854,0,8.42872225990203,10.6348063310561,0,0,16.7094693057505,0,0,0,0.22853608188828,0,0,0,8.42872225990203,0,10.6348063310561,0,0.180389296146854,0.481452607467857,4.64929179857465,0.161162652954742,0,0.22853608188828,0,75.2356389720177,0,19.7253704945728,5.03899053341767,75.2356389720177
1330,"14.5","66.5",0,0.858601936114256,0.0358303016531123,0.0448258975253045,17.0800461719087,0,0,0,0,0,0,0.309587308791124,51.3524383099036,0.451814497201164,0,1.0157601028802,0,1.42417745122465,0,2.63937904822837,10.2067498736101,0,0,13.2788208017773,0,0,0.299807601623726,0.828345439527102,0,0,0.173815258031248,2.63937904822837,0,10.2067498736101,0,1.42417745122465,0.451814497201164,17.938648108023,0.309587308791124,0.173815258031248,0.828345439527102,0,66.0274830153632,0,14.7221208702643,19.2503961143724,66.0274830153632
1336,"20.5","66.5",0,0.630375580408421,0.0253335155145571,0.0314422586942886,23.3087699453544,0,0,0.0487179664227315,0,0,0,0.0723846763356988,14.1325528773453,0.555367000257206,0,0,0.0550414984233076,0.454845439077512,0,9.07676343769504,44.3936793180492,0,0,4.16579078173622,0.0187397669221654,0,0.0884363075956131,2.57661268253677,0,0.0633519977448224,0.301794949886753,9.07676343769504,0,44.3936793180492,0,0.454845439077512,0.555367000257206,23.9391455257628,0.146165941681172,0.413864914054307,2.57661268253677,0,18.443555740886,0,54.480655195079,27.0757890640351,18.443555740886
1344,"28.5","66.5",0,0.579425522683435,0,0,25.3545959122594,0,3.59348483600807,0,0,0,0,1.86927619224183,22.6805082892389,0.304723020482123,0,0,0,0,0,18.2127411484956,24.8322255601305,0,0,1.14894680149434,0,0,0,0.619965283243229,0,0,0.804107433722468,18.2127411484956,0,24.8322255601305,0,0,0.304723020482123,25.9340214349428,1.86927619224183,0.804107433722468,0.619965283243229,3.59348483600807,23.8294550907332,0,43.3496897291082,29.2273703441504,27.4229399267413
1386,"20.5","67.5",0,0.141079367507541,0,0.119657157495494,24.0890655966363,0,0,0,0,0,0,0,18.1423477595523,0.173169407518973,0,0,0,5.21077821862277,0,3.99592678566389,44.2101783453837,0,0,1.97683128889462,0.217872502176113,0,0.0665258312933735,1.65656773925488,0,0,0,3.99592678566389,0,44.2101783453837,0,5.21077821862277,0.173169407518973,24.2301449641438,0.217872502176113,0,1.65656773925488,0,20.3053620372358,0,53.5900527571893,26.1045852055748,20.3053620372358
1387,"21.5","67.5",0,0.141495773768872,0,0.0264796289995623,4.34963151391863,0,0,0,0,0,0,0.121919954495564,76.0093989868574,0.107531905969934,0,0.0406187982918645,0,0,0,0,15.3232770310773,0,0,3.87964640662085,0,0,0,0,0,0,0,0,0,15.3232770310773,0,0,0.107531905969934,4.4911272876875,0.121919954495564,0,0,0,79.9561438207697,0,15.4308089370472,4.61304724218307,79.9561438207697
1430,"14.5","68.5",0,0.151578610283438,0,0,29.6010437332946,0,0,0,0,0,0,0.187986613281374,26.2403535513227,0.792990315664908,0,2.54272827975964,0,7.30191375873876,0,0,2.14378507195767,0,0,27.4336110080747,0,0,1.57591507003279,2.02809398758939,0,0,0,0,0,2.14378507195767,0,7.30191375873876,0.792990315664908,29.752622343578,0.187986613281374,0,2.02809398758939,0,57.7926079091898,0,10.2386891463613,31.9687029444488,57.7926079091898
1432,"16.5","68.5",0,0.258216746256287,0,0.0982656004465052,42.6913244759616,0,0,0,0,0,0,0,17.2935986504655,0.844564142359548,0,0.280131792156726,0,10.8059418725674,0,0.456888843179917,4.15665650944858,0,0,20.9405954626402,0,0,0.658903734969708,1.51491216954811,0,0,0,0.456888843179917,0,4.15665650944858,0,10.8059418725674,0.844564142359548,42.9495412222179,0,0,1.51491216954811,0,39.2714952406786,0,16.2640513675554,44.464453391766,39.2714952406786
1433,"17.5","68.5",0,1.46814267754725,0,0.109749029451983,45.0303050558431,0,0,0,0,0,0,0,25.0796341029474,1.62187907008571,0.0614615507624379,0.826617396962372,0,3.46990572101486,0,0.445326654449904,7.1451825882931,0,0,12.3185598751012,0,0,0.380870248505109,2.04236602903518,0,0,0,0.445326654449904,0,7.1451825882931,0,3.46990572101486,1.62187907008571,46.4984477333903,0,0.0614615507624379,2.04236602903518,0,38.7154306529681,0,12.6822940338436,48.602275313188,38.7154306529681
1434,"18.5","68.5",0,0.127499506542633,0,0.115663304204019,50.1875800302637,0,0,0,0,0,0,0.0163776978615163,10.2009584311,3.30359585068976,0,0.0217898486534027,0,1.49936223579449,0,0.568148127241689,19.2979377842851,0,0,11.7457659695993,0,0,0.538134139384618,2.37718707437528,0,0,0,0.568148127241689,0,19.2979377842851,0,1.49936223579449,3.30359585068976,50.3150795368063,0.0163776978615163,0,2.37718707437528,0,22.6223116929413,0,24.669043998011,52.7086443090431,22.6223116929413
1435,"19.5","68.5",0,0.582306620507972,0,0.215619807154731,56.962550329883,0,0,0,0,0,0,0,9.71931737268655,2.49676898975552,0,0.279940349587177,0,7.0492465280374,0,1.20975386282888,12.2281081769399,0,0,6.86021817888792,0.412410114520598,0,0.348346392593317,1.635413276617,0,0,0,1.20975386282888,0,12.2281081769399,0,7.0492465280374,2.49676898975552,57.544856950391,0.412410114520598,0,1.635413276617,0,17.4234421009097,0,22.9838775575617,59.5926803415286,17.4234421009097
1436,"20.5","68.5",0,0.090474893913743,0.0549754007535965,0.0693485186265974,41.8653285773699,0,0,0,0,0,0,0,20.058011431267,3.4619559576007,0,0,0,3.37371072995315,0,3.43046854030388,12.9632600125861,0,0,11.9696183216086,0,0,0.535959342293816,2.12688827372301,0,0,0,3.43046854030388,0,12.9632600125861,0,3.37371072995315,3.4619559576007,41.9558034712836,0,0,2.12688827372301,0,32.6879130145496,0,23.2293952404438,44.0826917450067,32.6879130145496
1438,"22.5","68.5",0,0.192930955874575,0.0234787475636334,0.235931694778017,27.8083451791094,0,0,0,0,0,0,0.0678936567896035,16.9301921464675,2.82935676617291,0,0.0412800134765607,0,5.21613407350017,0,7.96653175832147,26.6727384282707,0,0,9.28832666635573,0,0,0.0981652531628458,2.62869466015681,0,0,0,7.96653175832147,0,26.6727384282707,0,5.21613407350017,2.82935676617291,28.001276134984,0.0678936567896035,0,2.62869466015681,0,26.6173745218043,0,42.6847610262652,30.6978644519304,26.6173745218043
1442,"26.5","68.5",0,0,0,0,0,0,0,0,0,0,0,0,0,0,0,0,0,0,0,0,0,0,0,0,0,0,0,0,0,0,0,0,0,0,0,0,0,0,0,0,0,0,0,0,0,0,0
1485,"19.5","69.5",0,0.548775855625355,0,0.144425370382079,39.5267776017008,0,0,0,0,0,0,1.82868574591878,25.6049772375323,2.08894284844217,0,0.508522659999138,0,2.74543895068786,0,0.516011996521257,5.90857602778734,0,0,19.4773344994374,0.175237177241235,0,0.481913349300239,0.444380679424011,0,0,0,0.516011996521257,0,5.90857602778734,0,2.74543895068786,2.08894284844217,40.0755534573262,2.00392292316001,0,0.444380679424011,0,46.2171731166512,0,11.2589698234386,42.5238570599102,46.2171731166512
1486,"20.5","69.5",0,0.248526409542741,0,0.0936262049491355,26.7057284586194,0,0.352440159095183,0,0,0,0,0.240322094933234,25.4432419450205,3.03075646000854,0,0,0.0728932542829659,2.44399905153222,0,2.62938585944443,24.7693554106185,0,0,12.3649401024983,0.0754002450530105,0,0.354716399287628,1.08995940148128,0,0.0847085436278658,0,2.62938585944443,0,24.7693554106185,0,2.44399905153222,3.03075646000854,26.9542548681621,0.38861559426921,0.0847085436278658,1.08995940148128,0.352440159095183,38.2565246517556,0,32.8734967816037,28.5175384075405,38.6089648108507
1487,"21.5","69.5",0,0.104868670558784,0.0243475433593827,0.109684269485194,16.5613756557249,0,0.094827804437987,0,0,0,0,0.108218238885785,37.1188371669081,1.35093491152452,0,0.0408314960161451,0,3.62809349232941,0,4.23370588873753,26.4853023595416,0,0,7.4167195529069,0.0199370462091565,0,0.1182995838404,2.52107957465291,0,0,0.0629367448812398,4.23370588873753,0,26.4853023595416,0,3.62809349232941,1.35093491152452,16.6662443262837,0.128155285094942,0.0629367448812398,2.52107957465291,0.094827804437987,44.8287196125161,0,35.6980366521331,19.3784159309128,44.9235474169541
1489,"23.5","69.5",0,0,0,0,0,0,0,0,0,0,0,0,0,0,0,0,0,0,0,0,0,0,0,0,0,0,0,0,0,0,0,0,0,0,0,0,0,0,0,0,0,0,0,0,0,0,0
1493,"27.5","69.5",0,0.430684610830014,0,0,25.4742789492106,0,0,0,0,0,0,0,5.47033500398439,0.915919015918057,0,0,0,0,0,2.16516953435371,63.283886115959,0,0,1.75506581377832,0,0,0,0.504660955965824,0,0,0,2.16516953435371,0,63.283886115959,0,0,0.915919015918057,25.9049635600406,0,0,0.504660955965824,0,7.22540081776271,0,66.3649746662308,26.4096245160064,7.22540081776271
1494,"28.5","69.5",0,0.219227535327153,0.266646648052106,0,27.2756408509449,0,0,0,0,0,0,0,16.4183516562133,1.71341327794865,0,0,0,0,0,2.04255055515103,47.8307581031924,0,0,3.71827375743654,0,0,0,0.515137615733918,0,0,0,2.04255055515103,0,47.8307581031924,0,0,1.71341327794865,27.4948683862721,0,0,0.515137615733918,0,20.4032720617019,0,51.5867219362921,28.010006002006,20.4032720617019
1543,"27.5","70.5",0,0.239083976686365,0.0313043340877195,0.252627384827817,20.230667972187,0,0,0,0,0,0,0.578584256047967,31.6992082872907,3.04040343005749,0,0.0483965390186694,0.0495116334839817,1.34186988890281,0,1.64690318094437,11.1735115147972,0,0,25.39525611581,0.0795701851164931,0,1.33781535534967,2.79921047262952,0,0,0.0560754727679597,1.64690318094437,0,11.1735115147972,0,1.34186988890281,3.04040343005749,20.4697519488734,0.707666074648442,0.0560754727679597,2.79921047262952,0,58.7646080163846,0,17.2026880147019,24.0327039689193,58.7646080163846
1544,"28.5","70.5",0,0.308708123862313,0,0,26.6395191165528,0,0,0,0,0,0,0,33.3643288074759,1.55156678164492,0,0,0,0,0,3.20003667129187,23.7119151271234,0,0,10.7043888257319,0,0,0,0.519536546316979,0,0,0,3.20003667129187,0,23.7119151271234,0,0,1.55156678164492,26.9482272404151,0,0,0.519536546316979,0,44.0687176332078,0,28.4635185800602,27.4677637867321,44.0687176332078
1547,"31.5","70.5",0,0.199341072586971,0,0.126517535823588,17.1797054004269,0,0,0,0,0,0,0,40.2929399581159,5.0862581865144,0,0,0,0,0,3.55013380373298,21.0323976383537,0,0,11.0805584884819,0,0,0.282458062936384,1.16968985302727,0,0,0,3.55013380373298,0,21.0323976383537,0,0,5.0862581865144,17.3790464730139,0,0,1.16968985302727,0,51.7824740453578,0,29.6687896286011,18.5487363260411,51.7824740453578
2035,"24.5","35.5",0,0.0116729882421001,0.0658729263840706,0.0831009916477111,0.00583816815632732,0,0,0,0,0.173020061401543,0.298350749578189,0.0922496402386456,48.1713067058356,13.3994479278585,0,0,0.0358058403981445,0,0.189856208442473,0,0.185472278795199,0.0490321355887541,0.0560349625444716,9.40502199914343,5.60538063003713,21.9335195062989,0.191065213657555,0,0.0125757322105182,0,0.0353753335307443,0,0,0.185472278795199,22.1724078503301,0,13.3994479278585,0.0175111563984274,5.73343611067392,0.208395394932287,0,0,57.9724027992128,0.310926481788707,35.7573280569838,5.95934266200463,58.2833292810015
2047,"36.5","35.5",0,0,0,0,0,0,0,0,0,0,0,0,0,0,0,0,0,0,0,0,0,0,0,0,0,0,0,0,0,0,0,0,0,0,0,0,0,0,0,0,0,0,0,0,0,0,0
2052,"41.5","35.5",0,0,2.08309849694404,0.332322456752955,0,0,0,0,2.66448358877606,0,4.093211271759,0.1092935543714,9.69258443143269,0,0,0,0.0797984174147963,0,0,0.0852718431609481,5.36918433572028,1.38585795357554,0.238293624381902,73.0040074606382,0,0.697294200295248,0.0243346629477576,0.140963701829183,0,0,0,0.0852718431609481,0,5.36918433572028,2.08315215387079,0,0,0,0.189091971786196,2.66448358877606,0.140963701829183,0,85.3746411330975,4.093211271759,7.53760833275202,2.99453926239144,89.4678524048565
2057,"46.5","35.5",0,0,0,0,0,0,0,0,0,0,0,0,0,0,0,0,0,0,0,0,0,0,0,0,0,0,0,0,0,0,0,0,0,0,0,0,0,0,0,0,0,0,0,0,0,0,0
2069,"-2.5","36.5",0,0.0226653729480328,1.65564419393098,4.28381663149937,0.356846049167403,0.716487351237858,0,0,0,0.180454130074137,0,0.464874109244777,4.87418471321061,1.25421388863391,0,0,0.602696448568286,0,2.38215761408807,0,17.1731377446994,12.3281599199021,0,48.1862726881003,2.34865008836407,2.43377450831686,0,0.399248155016047,0,0,0.336716392997816,0,0,17.1731377446994,17.144092042307,0,1.97070123987177,0.379511422115436,3.41622064617713,0.517170523071953,0.399248155016047,0,58.9999182267413,0,36.2879310268782,4.71215074638057,58.9999182267413
2100,"28.5","36.5",31.3390309424703,0.287607985514453,3.69317799895532,5.51101553837014,0,0,0,0.120315946224495,0,0,1.60660603441354,0.139419378828067,3.53264617986492,0.103241918872211,0.213562258318551,0,0,0.0864767884671497,0,0,29.654013478762,0,0.486363526648484,20.7788285718444,0.832762539758111,0,0.0620846052940626,0,0,0.269414591583349,1.28343171581044,0,31.3390309424703,29.654013478762,0,0.0864767884671497,0.103241918872211,0.287607985514453,0.972181918586178,1.88672451193683,0,0,34.0641164209773,1.60660603441354,61.1827631285717,3.14651441603747,35.6707224553909
2101,"29.5","36.5",0,0,0.222307547073909,0.398562834857201,0,0,0,0,0,0,5.28671567441425,0,14.8536105588015,0.339729005784269,0,0,0,0,0.565096613042284,0,25.745542422048,3.87822153276825,0,44.1329831113955,0,4.05275508673581,0.102148146128355,0,0,0,0.422327466950678,0,0,25.745542422048,8.49607323254634,0,0.339729005784269,0,0,0.422327466950678,0,0,59.7096121982565,5.28671567441425,34.5813446603786,0.422327466950678,64.9963278726707
2130,"-2.5","37.5",0,0.00550923551634537,0.775878350570869,2.39053832675672,0,0,0,0,0,0.060708268124301,0,0.0500306247463763,29.6586318084551,1.31075656417553,0,0,0.0738351461938548,0,1.14903441087128,0,3.29915294360135,2.49350730377427,0,54.9977151769173,0.894787403055565,1.8616924495966,0,0.978221987644473,0,0,0,0,0,3.29915294360135,5.50423416424215,0,1.31075656417553,0.00550923551634537,1.0186531739958,0.060708268124301,0.978221987644473,0,87.8227636627,0,10.114143672019,2.06309266528092,87.8227636627
2131,"-1.5","37.5",0,0.0276694765682034,40.5499323662886,9.29707682714616,0,0,0,0,0,0,2.64967363020781,0.364827785417877,12.7074553011354,0.153112158721762,0,0,0,1.25364017656581,2.68439524376214,0,11.3558549859047,0.644999752608594,0,15.7254759351551,0.44933566277111,1.87232533999419,0.0586967223415009,0,0,0,0.205528635411042,0,0,11.3558549859047,5.20172033636492,1.25364017656581,0.153112158721762,0.0276694765682034,0.814163448188987,0.205528635411042,0,0,78.3386371520668,2.64967363020781,17.9643276575572,1.04736156016823,80.9883107822746
2145,"12.5","37.5",0,0.0346413290836057,0.259180657266792,0.448105018505855,0.00873640016744937,0.0297888535754896,0,0.0354317273273864,0,0.0125812542882408,1.09157672328024,0.114340280164735,15.3980908241423,0.268949780386865,0.0488576564452078,0,0.0815906715457835,0.112938123774122,0.0757580621943432,0,0.0916163059045105,60.2220784485096,0.741521884574151,19.9907863699418,0.0728840658082159,0.569721308215914,0.210460382844801,0.0360324285506767,0,0,0.0443314435099804,0,0,0.0916163059045105,60.8675578189199,0.112938123774122,0.298738633962355,0.0433777292510551,0.268815017518734,0.141202081570815,0.0360324285506767,0,37.0481451372757,1.09157672328024,61.3708508825608,0.489427256891282,38.1397218605559
2155,"22.5","37.5",4.28390345535503,0.00803820905162407,0.486617423481765,0.142798269778645,0.00928246400225807,0.0497275129501884,0,0,0,0,1.45371090533464,0.142931519117594,51.975888051655,0.327718325823903,0.0478608502515419,0,0.235778733959574,0.0670676811525499,1.41956859137692,0.0164227226414119,0.866035040447467,1.53885117644422,0.240366996123264,33.9391919211768,2.10745605287398,0.514357680918596,0.0202946581098212,0.0567958002431461,0,0,0.0493359577301081,0.0164227226414119,4.28390345535503,0.866035040447467,3.47277744873974,0.0670676811525499,0.377445838774091,0.0173206730538821,2.48616630595115,0.09719680798165,0.0567958002431461,0,86.8051573203253,1.45371090533464,9.08365218711029,2.65747958722983,88.25886822566
2156,"23.5","37.5",22.5529912970574,0.0522312430848062,0.743525519739506,0.132372386563788,0,0,0,1.04313216001575,0,0,6.19477211945827,0.380925733197419,0.56282354699896,2.5089035239832,0.672646979038002,0,2.08102502527942,0.740356926422614,0,0,22.2438689810291,12.4602347260087,0,19.6824084581761,5.69181256663804,1.81504605338227,0.18528611603884,0,0,0,0.255636637887863,0,22.5529912970574,22.2438689810291,14.275280779391,0.740356926422614,2.5089035239832,0.0522312430848062,8.15376332511488,1.97141577694161,0,0,21.3064160275172,6.19477211945827,62.3214015078833,10.1774103451413,27.5011881469755
2162,"29.5","37.5",0,0.00419514823972516,0.340905951314234,0.406108117859762,0.00269627503983782,0,0,0,0,0.0870063108556806,2.91368902897713,0.00418903478658963,61.1478430269262,0.0034656381214018,0.00716888558258529,0,0,0.173685119551652,0.0691758547933227,0,16.7757350721572,0.547328466910714,0.339768462942442,16.3092058609852,0.159023881050083,0.545749952814116,0.00746164768412116,0.00540289730721234,0,0.00809490836671474,0.142100457730673,0,0,16.7757350721572,1.16225427451815,0.173685119551652,0.0034656381214018,0.00689142327956298,0.163212915836673,0.244370562535654,0.00540289730721234,0,78.551293067712,2.91368902897713,18.1151401043484,0.419877798959101,81.4649820966891
2163,"30.5","37.5",3.00519261966541,0.0284279852850153,0.342676115283562,0.489270770691793,0,0,0,0,0.401052440354157,0.103503940106721,1.1293010369291,0.320640856261851,41.37069498352,0.0301615250744073,0.0122308546633944,0,0.312440976819919,0.39458283431205,0.0166332010665594,0,2.94375376111304,0.0961932156097461,0.0184015077107785,47.6252024141147,0,1.04628232391558,0.100612888536636,0,0,0,0.212743748958036,0,3.00519261966541,2.94375376111304,1.15910874059189,0.39458283431205,0.0301615250744073,0.0284279852850153,0.63308183308177,0.729530984082308,0,0,89.9468586798575,1.1293010369291,7.53279948075679,1.39104080244909,91.0761597167866
2164,"31.5","37.5",42.5305888691496,0,1.13756054848835,1.36979263098597,0.0169144041840634,0,0,0.0453561855029762,0,0,1.81695420134325,0.0525577149768377,35.5125784466106,0,0,0,0.383739233499309,0.39119575243327,0,0,12.0491669198328,0,0.183347220620198,3.98776662140065,0,0.38690637456831,0,0.135574876403817,0,0,0,0,42.5305888691496,12.0491669198328,0.38690637456831,0.39119575243327,0,0.0169144041840634,0.436296948476147,0.0453561855029762,0.135574876403817,0,42.1910454681058,1.81695420134325,55.357857915984,0.634142414567003,44.007999669449
2166,"33.5","37.5",0,0,0.55506886776756,0,0,0,0,0,0,0.131876838865257,5.94006409140816,0,3.86997448565438,0,0,0,0,0.213152303639277,0,0,5.69060752716939,0,0.299703272834388,82.877922344342,0,0.421630268319562,0,0,0,0,0,0,0,5.69060752716939,0.421630268319562,0.213152303639277,0,0,0,0.131876838865257,0,0,87.6026689705983,5.94006409140816,6.32539009912823,0.131876838865257,93.5427330620065
2178,"45.5","37.5",0,0.0176018723977312,7.72926673609851,12.1735722561671,0.0355336688083355,0,0,0.27277944675588,0,0,8.40714991627618,0.0556058394756396,8.59978390335348,0,0.109094800122679,0,0.0794722855133053,0.226637548840019,0.383163343911559,0,0.213852027013033,2.11300055133608,0.749021082337641,48.3653532956738,9.65927821155158,0.102879552922078,0,0.491356567285309,0,0,0.215597094160123,0,0,0.213852027013033,2.59904344816972,0.226637548840019,0,0.0531355412060667,9.79435633654053,0.597471341038682,0.491356567285309,0,77.6169972736305,8.40714991627618,3.03953302402277,10.9363197860706,86.0241471899067
2179,"46.5","37.5",0,0.00653357402193985,5.06288479982593,7.73336929731052,0.00943085574550648,0,0,0.191747900979882,0,0,7.55872077646167,0,45.2041952153971,0,0.097213664680034,0,0.0435550936466186,0.0194701217175175,0,0,0.303383398404888,0.312669749492733,1.0988830238571,24.2991167155583,7.26794163348317,0,0.164962997278976,0.461639774284973,0.164281407853079,0,0,0,0,0.303383398404888,0.312669749492733,0.0194701217175175,0,0.0159644297674463,7.31149672712979,0.288961565659916,0.461639774284973,0,83.5634120492279,7.72300218431475,0.635523269615138,8.07806249684212,91.2864142335427
2180,"47.5","37.5",0,0,0,0,0,0,0,0,0,0,0,0,0,0,0,0,0,0,0,0,0,0,0,0,0,0,0,0,0,0,0,0,0,0,0,0,0,0,0,0,0,0,0,0,0,0,0
2191,"-2.5","38.5",0,0.00573277887339682,1.80695236530626,2.40000203713633,0.0690334626945435,0,0,0,0,0,0,0.164748617704694,17.622449984969,0.285114202772132,0,0,0.245502148378165,4.15008182914785,0.46816092405907,0,26.7783730161503,3.18372216556997,0,39.5086771232623,1.36966213068985,1.45056283736289,0.0598094770708191,0.147772662943949,0,0,0.283642235906998,0,0,26.7783730161503,5.10244592699193,4.15008182914785,0.285114202772132,0.0747662415679403,1.77991289677271,0.283642235906998,0.147772662943949,0,61.3978909877447,0,36.3160149750622,2.2860940371916,61.3978909877447
2193,"-0.5","38.5",0,0.0527268746033813,10.7796406158329,2.65725145973087,0.152654142441172,0,0,0,0,0,7.95291910842507,0,18.2851427107723,1.45780364835533,0,0,0,1.7726219700161,0,0,16.7590940758274,1.27286271213327,0,33.2434052894458,1.29312541718326,4.32075197523306,0,0,0,0,0,0,0,16.7590940758274,5.59361468736633,1.7726219700161,1.45780364835533,0.205381017044553,1.29312541718326,0,0,0,64.9654400757819,7.95291910842507,25.5831343815652,1.49850643422781,72.9183591842069
2195,"1.5","38.5",0,0.0161348518263762,19.7739395443362,0.43433141115407,0,0,0,0,0,0,3.97993217376085,0,13.7867235377673,2.40366906032475,0,0,0,2.12719202405914,0,0,4.49942744372934,0,0,51.6820728409196,0,1.10677459209343,0,0.189802520028965,0,0,0,0,0,4.49942744372934,1.10677459209343,2.12719202405914,2.40366906032475,0.0161348518263762,0,0,0.189802520028965,0,85.6770673341772,3.97993217376085,10.1370631202067,0.205937371855341,89.656999507938
2214,"20.5","38.5",13.3785811588642,0.0478193373149226,0.107671040186745,0.124095483346408,0.0076617478998518,0,0,0.195178188057389,46.238397586543,0,2.05757248153394,0.333300269490948,1.64213252283962,0.722810429202308,0.419379145733575,0,0.538851444397023,0.0221500799113318,4.2813771360425,0,0.661434859179563,1.84481141748233,0.301060303765877,14.257229153654,10.9566631450942,0.233676896175157,0.0530076333354035,0.0153528985303884,0.763209842774495,0.161017709184927,0.635558089459967,0,13.3785811588642,0.661434859179563,6.35986544969999,0.0221500799113318,0.722810429202308,0.0554810852147744,11.8288148589822,47.6495307189789,0.0153528985303884,0,16.4851961371281,2.82078232430843,21.1448419768574,59.5491795617062,19.3059784614365
2215,"21.5","38.5",15.632494462998,0.0431471397015534,0.994930538793682,0.0647330667840093,0,0,0,0.128605378017783,0,0.0190630652783109,3.43459338292332,0.198699978180589,9.0904560975492,1.17711997856645,0.0760920333041082,0,0.290153319477271,0.308115990151199,2.44748940223957,0,0.603231854139134,9.65825291127607,0.736486199976688,37.8250381889754,0,15.94386935547,0.110603434588654,0.57662449023021,0,0,0.640199731378843,0,15.632494462998,0.603231854139134,28.0496116689856,0.308115990151199,1.17711997856645,0.0431471397015534,0.48885329765786,0.863960207979045,0.57662449023021,0,48.8222475266676,3.43459338292332,45.7705739548404,1.97258513556867,52.2568409095909
2216,"22.5","38.5",0,0,0,0.471520353799997,0,0,0,0,0,0,0,0,43.5494523476819,0,0,0,0,0,0,0,0.898769573251543,0,0,52.2115912247318,2.26933925987298,0.599327240661774,0,0,0,0,0,0,0,0.898769573251543,0.599327240661774,0,0,0,2.26933925987298,0,0,0,96.2325639262137,0,1.49809681391332,2.26933925987298,96.2325639262137
2224,"30.5","38.5",31.1960076848561,0.0286614025502517,4.32156449882393,0.595090023662979,0.027746056747783,0,0,0,0,0,32.4832638179684,0,5.16948329003605,0,0,0,0,0,0,0,16.9225342717797,0,0,9.08592878259598,0,0.0195899336847647,0,0,0,0,0.150130237294046,0,31.1960076848561,16.9225342717797,0.0195899336847647,0,0,0.0564074592980347,0,0.150130237294046,0,0,19.1720665951189,32.4832638179684,48.1381318903206,0.206537696592081,51.6553304130873
2228,"34.5","38.5",1.24769363761065,0.0519433181089544,1.27524845707974,7.20957624588451,0.012221102495003,0,0,0.0204851448753933,0,0.0329900890717899,0.785630144510586,0.0282110456934409,2.58898090516583,0,0.0411398072318392,0.0386059405237358,0,0,0,0,3.78189618366101,0,0.670536253969264,77.0179868207353,0,2.72664921652636,0.187654380733353,0.249533769856291,1.59582588131879,0.0169640513835651,0.420227603564535,0,1.24769363761065,3.78189618366101,2.72664921652636,0,0,0.0641644206039574,0.0282110456934409,0.531806696127123,0.249533769856291,0,88.9885890040917,2.38145602582938,7.75623903779802,0.873715932280812,91.3700450299211
2236,"42.5","38.5",0,0.0685842504738744,4.11916377724314,9.06813560451187,0.15881490847515,0,0,0.112538405206037,0,0.0264683103864654,22.54505300354,0,4.86972587213886,0,0.0750139289457114,0.200521618286482,0.491808549513826,0.0445247697179689,0,0.303219390222138,5.48479076589567,2.57052573327507,0.892717385148481,30.3546246029989,0,18.1297296856206,0.113426332091213,0,0,0,0.370613106308523,0.303219390222138,0,5.48479076589567,20.7002554188957,0.0445247697179689,0,0.227399158949024,0.491808549513826,0.584633750846737,0,0,49.6183151924189,22.54505300354,26.5327903447314,1.30384145930959,72.163368195959
2250,"-4.5","39.5",0,0.0436049821331892,0.0513716916715704,0.0398066782921399,2.20978494157447,0,4.58554291225946,0,0,0.0724859832934715,0.708122291956068,4.12383569032416,31.5745675800312,33.6946464076763,0,0,0.218380154174333,0.314040053460022,0,0,0.473247441377749,0,0.0759718892446548,19.8269935052719,1.03834611562125,0.169613805798978,0.288993001181083,0.490644874662391,0,0,0,0,0,0.473247441377749,0.169613805798978,0.314040053460022,33.6946464076763,2.25338992370766,5.38056196011974,0.0724859832934715,0.490644874662391,4.58554291225946,51.8577043456926,0.708122291956068,34.6515477083131,8.19708274178326,57.1513695499081
2253,"-1.5","39.5",0,0.0673169170477947,0.20647704791227,1.98151220814276,0.126944257444607,0.535119118446919,0,0,0,0,0,0.485290510416161,9.02462899564845,2.19528416628044,0,0,0.742920528952821,4.97338303750896,0,0,16.0252183719062,0.756228160770256,0,54.7899110370426,1.17825567527407,6.07078582766621,0.144457237907152,0,0.696266901632335,0,0,0,0,16.0252183719062,6.82701398843647,4.97338303750896,2.73040328472736,0.194261174492402,2.40646671464305,0,0,0,66.1469865266532,0.696266901632335,30.556018682579,2.60072788913545,66.8432534282856
2254,"-0.5","39.5",0,0,0,0,0,0,0,0,0,0,0,0,0,0,0,0,0,0,0,0,0,0,0,0,0,0,0,0,0,0,0,0,0,0,0,0,0,0,0,0,0,0,0,0,0,0,0
2258,"3.5","39.5",0,0,2.0681132873683,2.75010995067504,0.226820159570842,0.429256913709636,0,0,0,0,0,0.351730842739568,11.6518260469675,2.53833919071321,0,0,0,1.5525132372737,0,0,13.8170093420659,11.7789685735296,0,38.3175154482046,4.94410330493787,8.4630403650927,1.11065333715153,0,0,0,0,0,0,13.8170093420659,20.2420089386223,1.5525132372737,2.96759610442285,0.226820159570842,5.29583414767744,0,0,0,55.898218070367,0,38.5791276223847,5.52265430724828,55.898218070367
2259,"4.5","39.5",0.301296834853411,0.052079950422847,2.15770573456711,0.499631573230353,0.0258553830892781,0.0297709065021915,0,0.156993595976502,0,0.0486548394654157,4.23498245372079,0.634752649629111,44.9164602464339,1.87446056518429,0,0,0.0601803956816846,0.174306733761218,2.18845336782542,0,0.496384206984157,3.41477113575784,0,37.1635878551395,0.759151647200447,0.602318133962319,0,0.141744688306099,0,0,0.0664571023100102,0,0.301296834853411,0.496384206984157,6.20554263754558,0.174306733761218,1.90423147168648,0.0779353335121251,1.45408469251124,0.272105537751928,0.141744688306099,0,84.7373854093709,4.23498245372079,9.08176188483085,1.94587025208139,88.9723678630916
2271,"16.5","39.5",0,0,0,0,0,0,0,0,0,0,0,0,0,0,0,0,0,0,0,0,0,0,0,0,0,0,0,0,0,0,0,0,0,0,0,0,0,0,0,0,0,0,0,0,0,0,0
2275,"20.5","39.5",16.451687106563,0.0636053351247354,0.142328368072633,0.131545917195359,0.00592439972344777,0,0,0.218330747426631,0,0.0025365329776726,0.195764457348184,0.566242463342147,47.845812003325,0.0660557547818025,0.483049695835989,0,0.25318063042647,0.0122993814251266,0.391958267363281,0,3.79038486337401,0.125840519952605,0.192149071124327,23.1704785146802,4.81036646400402,0.0623945630006926,0.501833162442992,0.100818394408265,0,0.331135858906977,0.0842775271767174,0,16.451687106563,3.79038486337401,0.580193350316579,0.0122993814251266,0.0660557547818025,0.0695297348481832,5.62978955777264,1.11933036232399,0.100818394408265,0,71.9841470368405,0.195764457348184,20.9006204564605,6.91946804935307,72.1799114941887
2276,"21.5","39.5",83.8341937999798,0.0137163988326907,0.0193028058089372,0.0498383188342223,0,0,0,0.35139237004774,0,0.00694442243286083,0.555193398824658,5.06473496349052,2.28033065987671,0,0.311170312160227,0,0.109939808508159,0,0,0,0.144617230764217,0,0.187693291985059,5.92186813582606,0.661795046410368,0.17437674868927,0.133930349027986,0.0755254860479065,0,0.0603280342662685,0.0431084181863296,0,83.8341937999798,0.144617230764217,0.17437674868927,0,0,0.0137163988326907,5.83646981840905,0.772943557093426,0.0755254860479065,0,8.59296356135897,0.555193398824658,84.1531877794333,6.69865526038307,9.14815696018363
2277,"22.5","39.5",13.8415641603104,0.066857009408925,19.395036890681,0.534958196222836,0,0,0,0,10.0080620883592,0,3.54796237102856,0.307887994491894,28.6049493832155,0,0,0,0.449596041464234,0,0,0,3.51226234253746,0,0,17.5205314972195,0,1.81322689199048,0,0.397105133069932,0,0,0,0,13.8415641603104,3.51226234253746,1.81322689199048,0,0,0.066857009408925,0.757484035956128,10.0080620883592,0.397105133069932,0,66.0554759673388,3.54796237102856,19.1670533948383,11.2295082667942,69.6034383383674
2278,"23.5","39.5",6.37630641040826,0.075368033302956,0.227542364208303,0.053219781985171,0,0,0,0.0463805567548875,0,0,4.58909351236732,0,0.958665326089846,49.3103754645172,1.02728950946085,0,0.182950222601805,0,0.649286260217168,0.0753103134018531,2.08924789457106,0,0.570168205776188,25.0671010578201,3.66102819347816,1.79646659347747,0,0,2.3781016800783,0.224478621784402,0.641619997698723,0.0753103134018531,6.37630641040826,2.08924789457106,2.44575285369464,0,49.3103754645172,0.075368033302956,3.84397841607997,1.93976868569886,0,0,26.8766967358796,6.96719519244562,60.296992936593,5.85911513508178,33.8438919283252
2306,"36.5","40.5",11.1783815814368,0.215659132634161,0.427809241438182,0.0895828033171668,0.0108677775023247,0,0,0.493689160593103,0,0.0641213267065649,1.24612557513113,2.66353539913019,16.9011276571505,0,3.42625670347581,0,0.0986234587562323,0.272432801480995,0,0.0526940532124661,40.0853264318793,0,0.42415211251105,21.5394869954319,0,0.386458227484007,0.0751884782094059,0.217772611974422,0,0,0.130708470534234,0.0526940532124661,11.1783815814368,40.0853264318793,0.386458227484007,0.272432801480995,0,0.226526910136486,2.76215885788642,4.11477566130971,0.217772611974422,0,39.4573472880582,1.24612557513113,51.9752930954936,7.32123404130704,40.7034728631893
2321,"36.5","41.5",7.0125357310888,0.0551368620633004,0.9031080338278,0.36673449103622,0.0117772017298015,0,0,0.455680119280292,3.81421136879059,0.0135408940665173,1.23822366999813,0.2753075264736,44.1326584042579,0.0284766920705209,1.03470971463498,0.0347885754824559,0.053121280640541,0.0443976093925242,0,0.0654991042786141,3.96161068792768,0,0.113512041892851,33.9306588698069,0,1.39875309621392,0.0160202258528458,0,0,0.0363094885856802,1.00322831060749,0.0654991042786141,7.0125357310888,3.96161068792768,1.39875309621392,0.0443976093925242,0.0284766920705209,0.0669140637931019,0.328428807114141,6.35767989596555,0,0,79.497480642157,1.23822366999813,12.5112729209721,6.75302276687279,80.7357043121551
2326,"41.5","41.5",15.3140218242924,7.52428655517506,0.203583306976229,0.248719628136756,0.0514382617744671,0,0,8.29790894359261,0,0.278809399209398,0,2.58810203813275,5.87441924719635,0.0177678823252917,24.9767152788039,0.0108530744003915,1.22635552117302,0.013850827498803,0,1.75731633776678,1.13489062134617,0,0.121414700306648,25.8933385880327,2.13856651198957,0,0.019991471416206,0.0585501058263426,0,0.0906204581465048,2.15847941648171,1.75731633776678,15.3140218242924,1.13489062134617,0,0.013850827498803,0.0177678823252917,7.57572481694953,5.95302407129534,35.8025334962341,0.0585501058263426,0,32.3723200164653,0,18.2378474932294,49.3898324903053,32.3723200164653
2327,"42.5","41.5",82.6022341047774,0.0669742933673752,0.075090516460796,0.11365249059416,0.0648353666976267,0,0,0.229791309010514,0,0.101072386753112,0,0.12312689374539,1.89882310127808,0,2.59199313774553,0.00432826385590938,0.0114703629070231,0.111568011080858,0,7.48169619060979,1.70830485076693,0.0209431900142751,0.0391652523957724,1.69151807918376,0.269998126856825,0,0.0107794574577945,0.0405247339253201,0,0,0.742109880515716,7.48169619060979,82.6022341047774,1.70830485076693,0.0209431900142751,0.111568011080858,0,0.131809660065002,0.404595383509238,3.66496671402487,0.0405247339253201,0,3.83335716122627,0,91.9247463472493,4.24189649152443,3.83335716122627
2329,"44.5","41.5",3.5038671215922,0.0632427222484879,2.07753496259495,2.12205865276209,0.0452366200458169,0,0,2.34014574065959,0,0.0774492265198642,2.0569750628226,0.450947354653216,18.5846962058221,0,2.39759913760008,0.207648658089632,0.0613048751562536,0.238189237046299,0,0.741344773131975,1.81851115316537,0,0.499604980413592,59.0895978961802,2.09618931380378,0,0.398663942861716,0.0780885793497267,0.518874528605771,0,0.532229254876443,0.741344773131975,3.5038671215922,1.81851115316537,0,0.238189237046299,0,0.108479342294305,2.60844154361325,5.34742335965598,0.0780885793497267,0,82.9798052987243,2.57584959142837,6.30191228493584,8.14243282491326,85.5556548901527
2330,"45.5","41.5",0,0.109977206290935,30.1509614661506,7.58406613448515,0,0,0,0.563552812717214,0,0,1.98801746787302,0,12.7145860938706,0,0.389609817831941,0,0,0,0,0.04010711443892,1.38611492644866,0,0.0587209100905351,44.2973493330292,0.683880045403746,0,0.0330566713694074,0,0,0,0,0.04010711443892,0,1.38611492644866,0,0,0,0.109977206290935,0.683880045403746,0.953162630549155,0,0,94.8387406089955,1.98801746787302,1.42622204088758,1.74701988224384,96.8267580768685
2331,"46.5","41.5",0,0,0,0,0,0,0,0,0,0,0,0,0,0,0,0,0,0,0,0,0,0,0,0,0,0,0,0,0,0,0,0,0,0,0,0,0,0,0,0,0,0,0,0,0,0,0
2341,"41.5","42.5",0,12.3505612558471,1.85378702703588,0.39417473008942,0,0,0,2.99558140763879,0,3.94859969950457,0,6.35213499585252,46.5372321843661,0,0,0,0,0,0,0,10.9010957872733,0,0,12.3178236437994,0,0,0,0,0,0,2.34900926859296,0,0,10.9010957872733,0,0,0,12.3505612558471,6.35213499585252,9.29319037573632,0,0,61.1030175852908,0,10.9010957872733,27.9958866274359,61.1030175852908
2355,"40.5","43.5",32.4503854961116,0.915179541691133,0.116422091498328,0.373313544714918,0.136629246424417,0,0,0.308055069805469,0.614573484358213,0.449493059778161,0.239413927034732,0.472917788489942,56.3653366778593,0,0.562679854192644,0,0.165447994915452,0.0214609974618609,0,0.126712699076115,1.30797991972613,0,0,4.47393808490811,0.262013247512926,0,0,0,0,0,0.638047274441506,0.126712699076115,32.4503854961116,1.30797991972613,0,0.0214609974618609,0,1.05180878811555,0.90037903091832,2.57284874257599,0,0,61.3290103989807,0.239413927034732,33.9065391123757,4.52503656160986,61.5684243260154
2356,"41.5","43.5",71.3424288509955,0.522498366413191,0.158227616280165,1.95038495516502,0.00892740975209633,0,0,0.31039539224128,0,0.0256151255304933,0,1.33548470387051,7.96295803475214,0,0.587400557424392,0,0,0,0,0.401640068508982,3.08800499450869,0,0,7.45725531508443,0.191887931744682,0,0,0,0,4.58875629105331,0.0681343866723395,0.401640068508982,71.3424288509955,3.08800499450869,0,0,0,0.531425776165287,1.52737263561519,5.58030175292182,0,0,17.5288259212818,0,74.8320739140132,7.63910016470229,17.5288259212818
2390,"45.5","45.5",60.3905006926188,0.60337191070815,0.0156420301547145,0.153367248549639,0.871010998007418,0,0,6.82830478819882,0.517322560967416,0,0,2.23716101325199,1.92080861158439,0.0115869052698616,17.8588604038618,0.0162710730736818,0.317531979146862,0,0,0.940475243040643,0.0935804474083611,0,0.00857073304682897,2.16540678536008,3.46000965552863,0,0.014985739536245,0.174573888838944,0.0770642666718933,0.107834840436194,1.2157581847586,0.940475243040643,60.3905006926188,0.0935804474083611,0,0,0.0115869052698616,1.47438290871557,6.01470264792748,26.5280807782228,0.174573888838944,0,4.29505222130558,0.0770642666718933,61.4361432883377,34.1917402237048,4.37211648797747
2442,"37.5","49.5",0,1.83576333172922,6.9131508593697,5.40535103482605,0,0,0,4.2909905973166,0,0,0,4.6664656268133,0,0,0,0,0,0,0,0,43.2091437993357,0,0,8.72723890933279,3.84742064524543,0,0,0,0,12.3089246837932,8.79555051223803,0,0,43.2091437993357,0,0,0,1.83576333172922,8.51388627205873,25.3954657933478,0,0,21.0457408035285,0,43.2091437993357,35.7451153971358,21.0457408035285
2470,"35.5","51.5",0,0.693009791757783,0.355470655719199,1.54922261079974,3.80610527189695,0,0,0.178292272569763,0,0,1.54646927349975,5.47086558437615,11.9627286306493,0.0419356513294596,0,0.159651066129176,1.05020889979251,0.0556956991104412,0,1.0680266360415,5.29848203651924,0,0,20.0486735703717,27.8005409019799,0,0.140323375300582,1.62004280003457,0,5.60563704690081,11.5486182252325,1.0680266360415,0,5.29848203651924,0,0.0556956991104412,0.0419356513294596,4.49911506365473,34.3216153861486,17.3325475447031,1.62004280003457,0,34.2160699089697,1.54646927349975,6.46414002300064,57.7733207945409,35.7625391824695
2521,"41.5","54.5",0,1.65166515867673,0.305596826869997,1.13969174090098,21.5359065352321,0,0,0,0,0,0,3.93560551373041,4.28790890279086,0.135048296372217,0,0,0.332218963978484,0,0,7.85932189127502,31.9452940610912,0,0,3.61122327906917,11.4852508616605,0,0,0.880295935008978,0,6.14107716276106,4.75389487058225,7.85932189127502,0,31.9452940610912,0,0,0.135048296372217,23.1875716939088,15.7530753393694,10.8949720333433,0.880295935008978,0,9.34442074963101,0,39.9396642487384,50.7159150016305,9.34442074963101
2523,"43.5","54.5",0,1.21291302690645,0.343994788018937,0.992965704391318,23.6599820748247,0,0,0,0,0,0.220883500539321,6.8578566658003,0.152587278306293,0.192685613649973,0,0,0,0,0,2.3402381061104,16.7866529418661,0,0,0.44059576610942,11.3628949504377,0,0,0,0,20.1676986689963,15.2680509140428,2.3402381061104,0,16.7866529418661,0,0,0.192685613649973,24.8728951017311,18.220751616238,35.4357495830391,0,0,1.93014353682597,0.220883500539321,19.3195766616265,78.5293963010082,2.15102703736529
2613,"43.5","60.5",0,0.428815046140199,0.0624070421269044,0.154642691177421,1.41351427251183,0,0,0.0398744137787791,0,0,0.201436160549921,0.47468011156134,0.722874106293524,0,0,0.0376125611380192,0,0.207708241240127,0,86.6730341652741,7.55599838866225,0,0,0.41745979638451,0.122691988142407,0,0,0,0,0.103723711646006,1.38352730337271,86.6730341652741,0,7.55599838866225,0,0.207708241240127,0,1.84232931865203,0.597372099703747,1.5271254287975,0,0,1.39499619712038,0.201436160549921,94.4367407951765,3.96682684715327,1.5964323576703
2807,"36.5","69.5",0,0.327514787106999,0.166780698837639,0.206768366830132,23.2994666175245,0,0,0,0,0,0,0,3.47823595630487,21.5643880994369,0,0,0,0,0,13.8443005343727,34.0879101008633,0,0,2.23186807196229,0,0,0,0,0,0,0.792766766760699,13.8443005343727,0,34.0879101008633,0,0,21.5643880994369,23.6269814046315,0,0.792766766760699,0,0,6.08365309393493,0,69.4965987346729,24.4197481713922,6.08365309393493
8424,"54.5","52.5",0,0.171497341636201,2.58583585349063,4.80702512144032,6.87324088701769,0,0,0,0,0,0,0.307402072527948,24.2076013365879,0,0,0,5.04015270140894,0.607732015306779,0,0,10.7404820568609,0,0.2607495273927,22.5231557435837,7.36143544580814,0,0.574129007880061,7.28461387208712,0,3.96000528653765,2.69494173043338,0,0,10.7404820568609,0,0.607732015306779,0,7.04473822865389,12.708990219745,6.65494701697103,7.28461387208712,0,54.9584965903753,0,11.3482140721677,33.6932893374571,54.9584965903753
10186,"56.5","56.5",84.589085420783,0.0380259646410423,0.0155375754748219,0.150000230796927,0,0,0,0,0,0,0.162357448826272,0.251143608111148,0.128050740511604,0,0,0.0500204396102335,0,0,0,8.32433021730608,4.11198944285487,0,0,0,0.063390244694672,0,0,0.0204603181181614,0.0376392581865418,1.77595973572422,0.282009354360408,8.32433021730608,84.589085420783,4.11198944285487,0,0,0,0.0380259646410423,0.31453385280582,2.05796909008463,0.0204603181181614,0,0.343608986393586,0.199996707012814,97.0254050809439,2.43098922564965,0.5436056934064
10316,"56.5","57.5",30.7843155706962,0.430761058009183,0.110935405156852,0.718340049413665,12.2480287091588,0,0,0,0,0,1.69714814018667,0.228299225813165,5.70526703426487,0.0596944049345796,0,0.478104359777403,0.160198475619047,0,0,15.141499608872,8.04038712469948,0,0,13.3666472779064,0.500254345522528,0,0.0477084550735956,0.8682097510133,0,3.71672934079996,5.69747166308209,15.141499608872,30.7843155706962,8.04038712469948,0,0,0.0596944049345796,12.678789767168,0.88875204695474,9.41420100388205,0.8682097510133,0,20.4270025815928,1.69714814018667,54.0258967092023,23.8499525690181,22.1241507217795
10445,"55.5","58.5",53.9757771636231,0.47520035310346,0.12266746682057,0.859798100343774,11.5351365925035,0,0,0,0,0,3.24039068787745,0.25991870777863,1.52610608289535,0.536401454362436,0,0.787212364460228,0.0291849929592334,0,0,9.21225105320764,5.67232930169612,0,0,4.62424273729168,0.443696733973422,0,0.035600643992501,0.283553687938948,0.0556458068557809,3.44680522781824,2.87808084049797,9.21225105320764,53.9757771636231,5.67232930169612,0,0,0.536401454362436,12.010336945607,0.732800434711285,6.32488606831621,0.283553687938948,0,7.9556273958041,3.29603649473323,69.3967589728893,19.3515771365734,11.2516638905373
47953,"#N/A","#N/A",17.8887621414318,0.0398764666693951,0.82614701286048,1.12627923901833,0.0164928304555722,0,0,0,0,0,1.28885608065974,0.254201908718398,59.7928905205747,0.033750394414482,0.117465785530425,0,0.228070602288334,0.0337967595311825,0,0.0603908722774716,12.324367762827,0,0.085835906819417,5.19730604001802,0,0.17218631071945,0,0.0671476900138241,0,0.0927402794547269,0.353435395717227,0.0603908722774716,17.8887621414318,12.324367762827,0.17218631071945,0.0337967595311825,0.033750394414482,0.0563692971249673,0.482272511006732,0.563641460702379,0.0671476900138241,0,67.028458719291,1.28885608065974,30.5132542412014,1.1694309588479,68.3173147999507
48310,"#N/A","#N/A",0,0.0188543282739878,20.8878378083291,7.18425050663357,0.0135089947809206,0,0,0,0,0,25.2126947889052,0.0281406273504845,3.19585449135789,0.0112357147427233,0,0,0.0404151306412966,0,0.496493636907645,0,2.20634881520745,5.25864472194933,0.811202421029601,31.4109975100248,1.1691117664997,1.02455169876629,0.482850471786749,0.520044664878959,0,0,0.0269619019269224,0,0,2.20634881520745,6.77969005762326,0,0.0112357147427233,0.0323633230549084,1.23766752449148,0.0269619019269224,0.520044664878959,0,63.9729932091617,25.2126947889052,8.99727458757344,1.81703741435227,89.1856879980669
48670,"#N/A","#N/A",0,0,4.30027184111043,3.99765248201837,0,0,0,0,0,0,36.1156580541274,0,3.69308154197927,0.622971274231732,0,0,3.81685123148581,1.56421993472796,13.3795310307075,0,0.524659120052069,23.6189398023396,0,5.56885920850957,0,1.77037493551143,1.02692954319891,0,0,0,0,0,0,0.524659120052069,38.7688457685585,1.56421993472796,0.622971274231732,0,3.81685123148581,0,0,0,18.5867946168166,36.1156580541274,41.4806960975703,3.81685123148581,54.702452670944
49030,"#N/A","#N/A",0,0.00884615464020209,0.93356495605158,0.41918379607346,0,0,0,0,0.0328220935481578,0.0129864153498816,0.210651573617856,0.00166930393762744,27.3547462010898,0,0,0,0.00252490754789683,0,0.0115150346178776,0.000433942641813124,0.581263340996301,0.0973914874483702,0.0412671898890559,69.4625823136107,0.0262137156757234,0.788690698956969,0.00584144945045006,0.00780542485618862,0,0,0,0.000433942641813124,0,0.581263340996301,0.897597221023217,0,0,0.00884615464020209,0.0304079271612477,0.0458085088980394,0.00780542485618862,0,98.217185906165,0.210651573617856,1.47929450466133,0.0928680155556778,98.4278374797829
49388,"#N/A","#N/A",0,0.106327895307088,8.72924369503637,3.83521730743748,0,0,0,0,0,0,42.7445790133097,0,9.41772786106451,0,0,0,0.355257645919462,0.93963140173633,0,0,8.52079332120652,11.0570475269777,0,10.8774756795295,1.46524791280859,1.53223922156231,0,0,0,0,0.419211518104444,0,0,8.52079332120652,12.58928674854,0.93963140173633,0,0.106327895307088,1.82050555872805,0.419211518104444,0,0,32.8596645430679,42.7445790133097,22.0497114714829,2.34604497213958,75.6042435563776
49391,"#N/A","#N/A",5.00251748826923,0,2.00950005074309,0.224070187452018,0,0,0,0,0,0,1.08857477285986,0,0.822731784715891,0,0,0,0,0,0,0,0.63204572040398,0,2.25099717220666,69.2894424940415,0,18.6801203293078,0,0,0,0,0,0,5.00251748826923,0.63204572040398,18.6801203293078,0,0,0,0,0,0,0,74.5967416891592,1.08857477285986,24.314683537981,0,75.685316462019
