"LCGRID_ID","lonDD","latDD","Abies.alba","Alnus.glutinosa","Amanranthaceae.Chenopodiaceae","Artemisia","Betula","Buxus.sempervirens","Calluna.vulgaris","Carpinus.betulus","Carpinus.orientalis","Castanea","Cerealia.t","Corylus.avellana","Cyperaceae","Ericaceae","Fagus.sylvatica","Filipendula","Fraxinus","Juniperus","Phillyrea","Picea","Pinus","Pistacia","Plantago.lanceolata.type","Poaceae","Quercus.deciduous","Quercus.evergreen","Rumex.acetosa.t","Salix","Secale","Tilia","Ulmus","TBE1","TBE2","IBE","MTBE","TSE","MTSE","IBS","ISTS","TBS","TSD","LSE","GL","AL","ET","ST","OL"
8,"-7.5","40.5",0,0.0206274903805081,0.00663176308125483,0.0125194671287582,2.6030556549117,0,2.97434436984128,0,0,0.00682657022781965,0.238758689348914,0.0359997205811884,11.7904601166628,1.88729148200303,0,0.000815942279667837,0.0343554873655412,0.0182089344977542,0.114453994470645,0,0.196134839369351,0.00647330846805865,0.0154543753952849,15.4026227336808,1.64887852459594,0.0341562668111294,0.111997285040207,0.0439572049127679,0,0,0.00817926843136174,0,0,0.196134839369351,0.119617185785664,0.0182089344977542,1.88729148200303,2.60313738322186,1.64962925176166,0.0106537548849044,0.0439572049127679,2.97434436984128,19.3976472916535,0.238758689348914,1.90130950917689,3.08214967880403,19.6258108263974
9,"-6.5","40.5",0,0.0215245195630452,0,0.0337036046159978,5.92233906895525,0,0.681651879273587,0,0,0,0.176797754785406,0.042449083737758,1.23138273455023,1.88670008279957,0,0.0646275693960157,0.207444193998506,0,0.120209948790591,0,0.291135804440232,0,0.0408900532956014,3.40005343847605,0.769820828464509,0.215837114503087,0.0962769177468941,0.475326713148109,0,0,0,0,0,0.291135804440232,0.247054835583632,0,1.88670008279957,5.92237818385623,0.798410374601713,0,0.475326713148109,0.681651879273587,3.61841411677557,0.176797754785406,1.9249502203559,5.99482760078386,3.68630268034179
10,"-5.5","40.5",0,0.0501763105950008,0.00514326068579879,0.0102820238230739,0.0680107058868684,0,0.0267275657611158,0,0,0.0858002060024235,1.82736979400888,0.537981267701484,0.813459366422956,0.481381510885095,0.0147045870110329,0,0.0904406928301381,0.00783833895942809,0,0,0.211149720101567,0,0.166598942815453,1.86170579407259,0.410512716758811,0.0655027866313441,0.0961981542494949,0.122252911826247,0.0888572160315498,0,0.0452003726538717,0,0,0.211149720101567,0.0655027866313441,0.00783833895942809,0.481381510885095,0.0845169702495073,0.682732783699443,0.0980865633880208,0.122252911826247,0.0267275657611158,2.04078565025269,1.82952889261059,0.529777706151459,0.705573469289638,2.74092984258002
11,"-4.5","40.5",0,0.110374187726849,0,0.249469232664419,0.354405699335511,0,0.169865414126556,0,0,0,0,0,7.34479207465388,2.52773199217348,0,0.0593222023259318,0.327520017108295,0.157680527116285,0,0,5.47943940173046,0,0,10.5065334171829,0.549446404271373,0.0242402637077296,0.258750435601356,0.404994295266899,0.208616175085216,0,0.0673740712037735,0,0,5.47943940173046,0.0242402637077296,0.157680527116285,2.52773199217348,0.371195179168392,0.639656714787986,0.0673740712037735,0.404994295266899,0.169865414126556,12.8244267269901,0.208616175085216,6.03648373811359,0.845876006563915,12.8272481789105
31,"15.5","40.5",2.88697702688716,0.587234614251371,0.0808401814165183,0.0456037502709689,0.114326083389777,0.203621796549014,0,1.9920761474032,0,0.166854475260036,1.49453413172781,0.577633822311171,0.454593625715941,0.168551627314827,3.84146921034003,0.0778128645438387,0.514512475397187,0.0857889487670771,0.718916281706295,0,0.0763876083286023,0.924392729649769,0.249640570084968,2.49551867434992,4.99381022012341,0.264140663649061,0.177296463097693,0.474075997769666,0,0,0.536477410252303,0,2.88697702688716,0.0763876083286023,1.20046358917075,0.0857889487670771,0.264332152982425,0.598259931399557,5.05336763303702,4.36358814494088,0.474075997769666,0,2.55786882921873,1.49453413172781,3.13987507398559,6.72012566329486,2.96248632374703
36,"20.5","40.5",51.9857697963113,0.04741358127957,0.0668206337449643,0.0866127693996704,0.0627784415097148,0.0639625396881804,0.0866521738023098,0.331651834636023,13.5400781190085,0.0349436804417695,0.27659236502741,0.498875325951985,9.82621719430674,0.0742380370591807,3.06126819712427,0.0338678822529572,0.452169230863606,0.0916129815492986,0,0,1.32741857067149,0.20100408227846,0,1.06015351265266,3.09373942548323,0.0732435454971764,0.0339831488699417,0.751815362347922,0,0.0833198330807624,0.117669177675728,0,51.9857697963113,1.32741857067149,0.213932835370363,0.0916129815492986,0.0979923090337315,0.0786713442629721,3.16615811938898,13.8865791566446,0.751815362347922,0.0866521738023098,9.88396370272836,0.27659236502741,52.0033274326355,14.2629959486147,9.88821270060813
37,"21.5","40.5",23.1610633880082,0.00928581471358095,0.0539431131566433,0.085553084505238,0.00761032571760582,0.102119265049412,0,0.0913569350564951,10.7250436132713,0.0234446931620921,1.18515289534764,0.0723144100084657,11.6874834699392,0.0285507171763088,1.02076479724979,0.00646601243619317,0.300155178373634,0.249273070726201,0.0864508369290633,0,0.46442805808726,0.431351005654087,0.0714745500894237,8.47214694709082,2.52925003993273,0.246401102378417,0.051787599459353,0.0755882101484683,0,0.0138948165370572,0.0784277761804995,0,23.1610633880082,0.46442805808726,0.504233022062049,0.249273070726201,0.106035313671973,0.012005974030582,2.54802438557779,10.7742174195205,0.0755882101484683,0,14.435809825535,1.18515289534764,23.1727896934431,11.0716776955222,14.4843775394169
38,"22.5","40.5",29.1491559582439,2.55483754695987,0.139883658777495,0.188989037410979,0,0.017646867646242,0,0.0485658941111674,14.0387916631146,0,0.144772688864741,1.09003736760414,3.17875875328286,0.0250306940333106,0.0440224338481768,0,0.915337389366643,0.0834529770106788,0.19729543081213,0,1.20939513989346,0.244576243732665,0.254097189939672,1.46310885900135,0.905232341218768,0.342681379438772,0.114701448719261,1.55271060329513,0,0.0275641155796675,0.367666234582338,0,29.1491559582439,1.20939513989346,0.464944678248696,0.0834529770106788,0.0306259298881388,2.55483754695987,1.6868519765333,14.0437853238224,1.55271060329513,0,3.51826673852178,0.144772688864741,29.1780740554137,14.4572293653135,3.52124409475256
40,"24.5","40.5",0,0,0,0,0,0,0,0,0,0,0,0,0,0,0,0,0,0,0,0,0,0,0,0,0,0,0,0,0,0,0,0,0,0,0,0,0,0,0,0,0,0,0,0,0,0,0
43,"27.5","40.5",0,0.133236711454552,0.340479676008337,0.213330872616707,0.157688053733643,0,0,0.323886432799887,5.17235967958433,0.129102023016853,2.36519881973121,0.229989614014269,3.03708304213511,0.484426798607902,1.03866159546079,0,0.49255131884465,0,0,0,1.47283139836582,0,0.5142923418078,6.61487021409149,3.37390192516939,0.301951392731574,0.198515614726092,1.47838366440624,0,0,0.772505883838967,0,0,1.47283139836582,0.301951392731574,0,0.484426798607902,0.206440169466913,3.41741367482951,5.34326282894072,1.47838366440624,0,7.31065817059024,2.36519881973121,1.57958105040364,6.51593505851647,7.68374181919693
45,"29.5","40.5",0,0.0397264432543209,0.0454020256189622,0.118365053569838,0.00196156215760127,0,0,0,13.0509229504265,0,4.90421884538889,0.19817720592752,0.285017775588834,0.302430748619602,0.846153951511144,0.0381757073478379,0.0344767960285166,0.199132952163783,0.700078303929738,0,0.319542729589733,0.169883843000041,0.115042022259904,1.9986871513154,2.45332901373658,0.0372629189084804,0.0270897672649798,0.0380644829249117,0,0.013350213876778,0.165353436442119,0,0,0.319542729589733,0.721358909885489,0.199132952163783,0.302430748619602,0.0397748415425745,2.46156172054558,13.0793763748422,0.0380644829249117,0,2.02669262545641,4.90421884538889,0.868092462386879,13.3091097899791,5.30649088207517
46,"30.5","40.5",7.41404201845611,0.193369151244112,0.0263178181400613,0.0861747185103882,0.0439349539160095,0.00709250047978562,0,0.921477111505304,0.279528653743164,0.0346096149024525,0.869479732825189,0.120123110142588,6.91414102992224,0.00577376872742244,2.29686042108254,0,0.508106359965647,0.539197260334457,0,0.0178915896659191,5.67020565166551,0.161543501618462,0.568210667259475,8.66904671164602,5.99600548224915,3.75613394283282,0.0868347704353677,0.359027438107727,0.0153155615520518,0.221567370360246,0.474165017747214,0.0178915896659191,7.41404201845611,5.67020565166551,3.75960616280695,0.539197260334457,0.00914548896306373,0.198297526027104,6.0186944911492,2.54518103842032,0.359027438107727,0,11.1038839790301,0.869614611318955,10.0769552503487,6.54758371510184,11.1378844037807
47,"31.5","40.5",6.86356898174618,0.425616725251163,0.0157522583275866,0.040332136244503,0.00196061206167813,0.00696180280924677,0.00819016040709877,2.06100973239326,0.731673640324925,0.0355380091656016,0.226962693249075,0.611467442100535,10.1765879560923,0.0491354506561093,6.64581989106336,0.00792996558730318,0.620407239981327,0.0898250527347012,0.0831772252074171,0,0.717450615826634,0.0284041070318686,0.023300898930347,0.811765867171112,0,0.857373362454192,0.0039658322326821,0.689503592086025,0.00751666635357703,1.27772095773842,1.15690503709531,0,6.86356898174618,0.717450615826634,0.86186676855271,0.0898250527347012,0.0496261947920026,0.425621241026785,0.871089878353674,7.20571249205902,0.689503592086025,0.00819016040709877,10.2090353417996,0.227087129533897,6.95533321842901,7.30326356765921,10.2115639474686
48,"32.5","40.5",0,0,0,0,0,0,0,0,0,0,0,0,0,0,0,0,0,0,0,0,0,0,0,0,0,0,0,0,0,0,0,0,0,0,0,0,0,0,0,0,0,0,0,0,0,0,0
62,"-3.5","41.5",0,0.0103381096043043,0.039692454816831,0.245129636053158,0.0382253264842495,0,0.278368036509143,0,0,0,0.546899264384612,0.0851738909915295,3.74250912796771,0.215912837163724,0.146874358221005,0.0492288903475458,0.17432364546934,0.319426315522126,0,0,7.50889170864375,0,0,3.0245880931288,0.653755364618297,0.355754173970896,0.182754282749062,0,0,0,0.175241587417708,0,0,7.50889170864375,0.355754173970896,0.319426315522126,0.215912837163724,0.0395986375399214,0.681937975070724,0.228651899321896,0,0.278368036509143,4.82203218020857,0.546899264384612,7.52719517806843,0.72033960393837,4.86092397760975
63,"-2.5","41.5",0,0.0174230873127847,0.0532032314695231,0.289837415188061,5.47107981305486,0,0.349302860553071,0,0,0,0.728493527803609,0.969305661331827,4.28650403923903,0.462208550445608,1.59766314334099,0.194958807837875,0.261732571025085,0,0,0,5.60983296464095,0.435651167612027,0,3.15914936379246,0.386040288191863,0,0.33188841477631,0.453158507423946,0,0,0.301704952026377,0,0,5.60983296464095,0.435651167612027,0,0.462208550445608,5.47110755558579,1.07567862669693,1.62590079576444,0.453158507423946,0.349302860553071,5.34689973244878,0.728493527803609,5.64567574123054,5.82571956270113,5.40759207571199
65,"-0.5","41.5",0,0.022503234348778,2.73877580374574,1.79273475308914,0,0,0,0,0,0,0,0,0,0.136935782906459,0.217281285307768,0,0,0.755804641658865,0,0,11.0711216616126,0,0,5.94891705916271,0,0.63576098340253,0,0,0,0,0,0,0,11.0711216616126,0.63576098340253,0.755804641658865,0.136935782906459,0.022503234348778,0,0.217281285307768,0,0,6.79002245761484,0,11.1159308624711,0.218443476673376,6.79002245761484
67,"1.5","41.5",9.16407823397325,0.0675604754107433,8.11194827558483,1.02852151761253,0.172530837019071,0,0,0,0,0.152084909656251,3.05571716961965,0.764747916340515,1.85901850217564,1.04542869181986,0,0,0,0.522198086807104,1.57320016015522,0,4.25098963616004,1.09179819523396,0,5.62166371975963,0.67814631346627,1.28020120180124,0,0.443160931535884,0,0,0.53028067403267,0,9.16407823397325,4.25098963616004,2.30345331190408,0.522198086807104,1.04542869181986,0.185287094964077,1.02211633291669,0.551658783123855,0.443160931535884,0,10.0955739860321,3.05571716961965,10.4270202798685,1.25688986383562,10.5478918049133
78,"12.5","41.5",1.68111043983301,0.451087771895036,1.74699957153126,0.101549449231822,0.0210864981838506,0.0265497039011014,0.0315494844291562,0.283885515409184,13.873844300135,0.540341344687228,0.545199769843188,1.06339777864391,3.1896437322303,0.603528511323815,0.378127793445074,0,0.332054109381583,0.519244547468703,0.38303957464052,0.00790291676405041,0.769080584239648,0.0327620490835968,0,2.17693184724719,2.11190450156155,1.94552386915844,0,0.268576846923151,0,0,1.02234353169984,0.00790291676405041,1.68111043983301,0.769080584239648,1.98314290787784,0.519244547468703,0.604112200471052,0.451580356480312,2.38772179930953,13.9299778299899,0.268576846923151,0.0315494844291562,4.23971451865391,0.545199769843188,2.82579227049043,14.1428977255713,4.27474178853994
87,"21.5","41.5",112.264187880555,0,0.0313981516886549,0.0521314940569864,0.0146958032468293,0,0,0,3.63247315694459,0,0.453371481470235,0.0759176675688663,16.9310942906951,0,5.64381654215264,0,0,0.0599942155332904,0,0,0.480376336042619,0,0.122437915869028,5.80338271839925,0.703636087530248,0,0.199866698598637,0.0890604413327788,0,0.0993892842987264,0.0632337761359742,0,112.264187880555,0.480376336042619,0,0.0599942155332904,0,0.0146958032468293,0.707719743912781,6.71277909197648,0.0890604413327788,0,17.899716370202,0.453371481470235,112.265231666846,6.75058650062674,17.9054570406311
88,"22.5","41.5",14.4011330308248,0.214001602407981,0.0643743754599826,0.058966799359041,0.0598926017965478,0,0,0.0629009732283527,2.61160157345363,0.0443666196683468,1.47436511784149,0,8.32132322968103,0.042715997454747,0.808690962793666,0,0.1318714233867,0,0,0,0.952627027106124,0,0,2.09361326303983,1.06483046590998,0,0.0642997834084265,0,0,0,0.130721127691784,0,14.4011330308248,0.952627027106124,0,0,0.042715997454747,0.222224682659563,1.07296504763021,2.73814842445922,0,0,8.58133977848414,1.47436511784149,14.4326697281108,2.94925322707084,8.70707441650191
89,"23.5","41.5",11.20584146684,0.246347051400242,0.179165070986549,0.649758559464382,0.0526289912730519,0,0,0.209677296591681,1.77236505302468,4.74367220611067,2.50582588603545,0.274041336842527,2.017057301709,0.00190151180051383,0.958596795193109,0.0351757587689874,0.0664191435704895,0.123581779340085,0,0.127366199748395,4.60657584252496,0,0.0518425823405845,3.71523103149352,0.615301739900929,0.0267666162891803,0.598949270425419,0.118519465564433,0,0.228022864423391,0.0147981118133412,0.127366199748395,11.20584146684,4.60657584252496,0.0267666162891803,0.123581779340085,0.00190151180051383,0.251906094519391,0.676835569437797,5.16321505222121,0.118519465564433,0,4.32300975015101,2.50582588603545,12.1170804505625,5.21482498342116,4.99675661514808
90,"24.5","41.5",7.23758523453274,0.019023098557141,0.0172506367766623,0.0201028531734186,0.319639694466435,0,0,0.189718376707892,0.507536248425986,0.00184573381820537,1.3645345972706,0.0920661663453053,2.81959756807992,0.0169788533235513,0.963270707774901,0.00766569532489242,0.0482864507231178,0.00966101697667637,0,0.905642639148161,0.102754528726376,0,0.153355269631632,9.57149052414784,0.185237114633542,0.13910910720329,0.225502825162036,0.160013887369926,0.191713562019596,0.0525111710253907,0.0588472268879353,0.905642639148161,7.23758523453274,0.102754528726376,0.13910910720329,0.00966101697667637,0.0169788533235513,0.320205266286035,0.212415980911789,1.10801642059689,0.160013887369926,0,9.98191820917772,1.37793641254257,7.29610307428284,1.18362020680944,10.0765767943148
96,"30.5","41.5",0,0,0,0,0,0,0,0,0,0,0,0,0,0,0,0,0,0,0,0,0,0,0,0,0,0,0,0,0,0,0,0,0,0,0,0,0,0,0,0,0,0,0,0,0,0,0
109,"-6.5","42.5",6.25183328185467,0.0641814455379475,0.0101761420843313,0.0516026429963681,3.47918235164188,0,5.29052883121331,0.00229970981048868,0,0.0338975424525719,0.92761638180242,0.537813053717311,3.3123131249826,1.075745725135,0.0615416515150759,0.146859856103947,0.19854182081919,0.0183893462245462,0,0.0993280698198974,0.707970127184468,0,0.0859596222866288,7.89816681091933,4.38718240843972,0.0404406017698098,0.18661493155364,0.205066059220209,0,0,0.0728823989367485,0.0993280698198974,6.25183328185467,0.707970127184468,0.0404406017698098,0.0183893462245462,1.075745725135,3.47977428778472,4.42448089839767,0.1012598192548,0.205066059220209,5.29052883121331,8.56848910860887,0.92761638180242,6.38401986416222,5.63357488224424,10.1128222109378
112,"-3.5","42.5",4.34092493696232,0.06927434797174,0.124233219269473,0.157242118223159,0.16224196585701,0.235532743343769,3.15722666801497,0,0,0,4.25782274034823,1.70106942334512,18.2459210797059,3.25381586867957,0.694846853507749,0.0390093686493024,0.0893340747915007,0.03920139616688,0.310584238534571,0,20.7182417427605,0.0512380419701694,0.373102488462203,5.14017180044704,2.15930750117777,0.856546368528048,0.349474536844148,0.269291916693715,0,0.033445295636343,0.231532415159516,0,4.34092493696232,20.7182417427605,0.912556621591024,0.03920139616688,3.26232944082262,0.176412558430677,2.7503139174649,0.733169828143125,0.269291916693715,3.15722666801497,18.964124572759,4.25782274034823,21.4374965874594,2.86450766601683,19.6909917356281
113,"-2.5","42.5",0,0.0309033117107509,0.061623182592074,0.372519891078099,2.0679275939602,0,1.04607208611023,0,0,0.126666364328226,1.29825792769584,0.978692407067268,1.42599531929765,0.835232320535846,1.60561711433513,0.099983131035652,0.653433928475798,0.106818342998286,0,0,3.93167163818747,0.346176109454463,0.33894945486408,3.6577018549281,1.71622196836067,0.349715843858918,1.17457796929447,0.303592419643855,0,0,0.809886991375512,0,0,3.93167163818747,0.492076284942674,0.106818342998286,0.835232320535846,2.06815849212209,2.08092108721552,1.80276665836078,0.303592419643855,1.04607208611023,4.13029427056731,1.29825792769584,4.05082758561745,3.45682630479424,4.45410723014672
115,"-0.5","42.5",22.1516766849299,0.0574054298779765,0.0123413060637783,0.0201083845754473,0.925523967762746,0.0336358814490383,0.180552826561226,0,0,0,0,0.544880657621776,5.33182116178284,0.147183997199503,0.970336284994821,0.397307798978551,0.2793845304994,0.0603910402096976,0,0,0.0433068264704505,0,0.0557143323084618,20.6219899115485,0.294679933053832,0.0126933017403929,0.0949511488175017,0.123383016007349,0,0,0.0817630319514391,0,22.1516766849299,0.0433068264704505,0.0126933017403929,0.0603910402096976,0.150978480428428,0.927302538701783,0.679549048912086,0.973774973683059,0.123383016007349,0.180552826561226,21.3041149725311,0,22.1523194752623,1.51166728355502,21.3048800533118
116,"0.5","42.5",4.20905930617211,0.617479832401747,0.00863416461547363,0.148950852784833,0.160846496555802,0.020699948523847,0.114139475891604,0,0,0.00667488810950652,0.159903706401434,1.00886169832822,11.9794820538732,0.168369919434861,0.712179018621822,0.00818433428230479,0.0536610313084858,0.0325416715533812,0,0,7.1937390893121,0,0.0748983200545081,3.22717536734669,0.367498181040304,0.00652717583780261,0.0160591817511593,0.482672692811648,0.0563878378436471,0.0402599005985662,0.0848321374854387,0,4.20905930617211,7.1937390893121,0.00652717583780261,0.0325416715533812,0.169637606795756,0.638085369584012,1.07505178745153,0.71837376054737,0.482672692811648,0.114139475891604,12.4076930440359,0.169554662506218,8.33642254267514,1.52050092824993,12.4093764258544
117,"1.5","42.5",11.5237285235054,0.169849232679022,0.0127427936811519,0.0746925858467502,0.299986620598456,0.0535345994840899,0.498252287222754,0.0116897037730903,0,0.00420754409687361,0.299362165483296,1.33266634760732,4.23852284744857,0.441283923222134,1.23426308117804,0.0145378709274183,0.0410906529667326,0.034424219953783,0.0338936037916084,0,1.79139709916842,0,0.0420764310291636,8.11865148793828,0.269635345027839,0.00808861666516405,0.0978061423900119,0.0442855412396173,0.0425359076900499,0.0630430338821118,0.186436400271033,0,11.5237285235054,1.79139709916842,0.0348454028178539,0.034424219953783,0.44451935192547,0.344732844938997,1.36029087150306,1.24991706189964,0.0442855412396173,0.498252287222754,9.15941412369513,0.302368995708662,11.6707077477595,1.87975686200769,9.17793819115352
118,"2.5","42.5",54.6581832109064,0.0503236684429621,0.0896300641604233,0.128929235242751,0.197179636350079,0.110651190809074,0,0,0,0,0.950906143283346,0.369579886663827,16.6827673771906,0.0932635117029275,0.51394732134436,0,0.164688993801725,0.0489193053508714,0,0,6.00847965334591,0,0.166022128798771,8.38766875726331,0.729956157535556,0.0474965595204618,0.0974222198849983,0.255727137741466,0.207682606607084,0,0.187066521580582,0,54.6581832109064,6.00847965334591,0.0474965595204618,0.0489193053508714,0.144712710715501,0.203500075176169,0.834594362088521,0.546933023882542,0.255727137741466,0,18.6742985216395,0.97332140550854,54.9876750777111,1.04999625304922,18.6996465162774
126,"10.5","42.5",5.66050161030217,0.0040989550286843,0.0405392098226188,0.123412666907362,0.0420594530398384,0,0.305740171115821,0.189268855892546,0,0.0753840263892878,1.47251976739152,0.153264552839547,3.98954256683493,1.19989648336259,0.272124127573626,0,0.116259916556134,0.0631456042436145,0.130361240525549,0.0927201004459989,0.485175103458196,0.372443255573417,0.568507377928894,10.8306628387278,1.52355730586614,2.7093897074648,0.0312069071535061,0.201533732559709,0.19326099289135,0,0.554946625388747,0.0927201004459989,5.66050161030217,0.485175103458196,2.7379738162681,0.0631456042436145,1.19989648336259,0.0422587153417795,1.53565401559493,0.650786254528781,0.201533732559709,0.305740171115821,11.5568488803171,1.48514789725876,6.42070945729261,1.68052302842842,11.6558953912367
127,"11.5","42.5",0,0,0,0,0,0,0,0,0,0,0,0,0,0,0,0,0,0,0,0,0,0,0,0,0,0,0,0,0,0,0,0,0,0,0,0,0,0,0,0,0,0,0,0,0,0,0
128,"12.5","42.5",2.83738122428989,0.778049342914717,0.0365598823906346,0.0419487094860741,0.0403606647953945,0.0484321588678713,0,0.0228324902745067,0,0.114810366546046,0.82602143573524,0.529684018289353,6.07160467553702,0.105159918542955,4.78759269330469,0,0.00182453594330712,0.6310441324901,0.389082426351176,0,0.223510440171256,0,0.393606418171898,0.482623895321838,4.10608602146903,1.14290435712933,0.549024647322811,1.19213609327961,0,0.302600926480251,0.213151796697493,0,2.83738122428989,0.223510440171256,1.20731748270309,0.6310441324901,0.115776865048954,0.779095477635924,4.14011001108255,4.80330589792125,1.19213609327961,0,6.12835700292996,0.82602143573524,3.15751890136696,6.49926431844742,6.18377481540642
138,"22.5","42.5",36.1499493052222,0.0305715115568441,0.0140406033431627,0.0351564773627744,0.0177986594358753,0,0,0.0370947801066582,3.14730012987423,0,0.003336682738736,0.0594039467243873,10.7571819469631,0.0234929434036467,3.27972263097665,0.00309251250376297,0.0777311336757524,0.000445531367519492,0,0.0698701097671661,1.98601645804148,0,0.0945046948400456,16.4825365397251,0.303929906889379,0,0.258020466137716,0.0457706167836917,0.0635632786733345,0.0304769091358634,0.0826758935155619,0.0698701097671661,36.1499493052222,1.98601645804148,0,0.000445531367519492,0.0234929434036467,0.0353752681485883,0.319287247366283,4.54656120729909,0.0457706167836917,0,19.6842049014384,0.063650796125445,36.2045374240698,4.5581256583167,19.6843078116976
139,"23.5","42.5",10.077018028644,0.0717284432296177,0.0291312600642139,0.0400000958029025,0.0827633125711038,0,0,0.241436964702051,1.01690018617185,0,0.20400754551038,0.366644614489395,13.3984878635488,0.0158851700221199,0.70131516790224,0.0221804592375749,0.0759291729813768,0.0723626622981698,0,5.87317152462686,3.67795266872703,0,0.0469922600715688,5.28421518376455,0.11287916272763,0.0799264929755518,0.0738783157612699,0.121344185599675,0.0101557301640537,0.121001544901758,0.0660418727782923,5.87317152462686,10.077018028644,3.67795266872703,0.0799264929755518,0.0723626622981698,0.0158851700221199,0.1095204797099,0.391069326362735,1.26618468799749,0.121344185599675,0,14.4032292916133,0.204260171057245,12.2302759117896,1.33524455774807,14.4046775821005
140,"24.5","42.5",124.841681878022,2.25599675425226,0.0494681102268738,0.173699303882897,0.139971432281237,0,0,0.926195638946766,3.97797659339362,0,0,1.17048081432608,0,0,6.07724049664503,0.510893076818758,0.630662468384628,0.0231594056660113,0,0.0911724167685214,1.20366750743318,0,0.133607562744949,10.5926895469073,0.85287419658505,0,0.125497705898485,0.192200827555606,0.0666661327678797,0.281136511878741,1.03720041419017,0.0911724167685214,124.841681878022,1.20366750743318,0,0.0231594056660113,0,2.26033478870976,1.57960592583563,7.40066285076962,0.192200827555606,0,10.6081243756947,0.0666661327678797,124.847519792623,7.90006455839831,10.6083338533186
142,"26.5","42.5",10.089799927238,0.0793322028104719,0.834837513273277,0.53736153064734,0.197997857470983,0,0,0.0358458848591447,1.8293254188913,0.0768882576372981,1.08803634121711,1.16477769769137,1.48165506705694,0,0.979219278626905,0.0092361217048561,0,0.31940157825668,0,0.0942416385352052,0.651198574391044,0,0.0613854319059631,14.5298833160183,0.742032608592736,0,0.184402196116051,0.220207374604188,0.217329837057433,0.626915266041078,0.56589142235527,0.0942416385352052,10.089799927238,0.651198574391044,0,0.31940157825668,0,0.213299671743445,1.38105737652501,2.24181945485155,0.220207374604188,0,14.6402315435978,1.10952933169183,10.1162750560474,2.65086061180157,14.6822149210547
143,"27.5","42.5",0,0.304085607718411,0.144540580344451,0.294360635561691,0.0334539196160395,0,0,0.864579305284016,2.89595327921089,0,1.14490820262226,0.186506390119497,1.02481351168875,0.0506102965418681,0.113948258529045,0.0175414560158305,0.137176326115347,0.180997973903045,0.138285999278473,0.029582406543827,0.0470051679044508,0.0693205165321362,0.068702383601441,1.79514622660822,0.894361206859584,0.00257769742513903,0.146292632384432,2.43278973732719,0.0971254564278775,0.148000837497149,1.44377562502534,0.029582406543827,0,0.0470051679044508,0.154709392516239,0.180997973903045,0.0506102965418681,0.305920286282475,0.923841948786285,3.35461164360894,2.43278973732719,0,2.09922893612436,1.14902051623026,0.249682336965306,4.2566367420039,2.39311727104625
161,"-4.5","43.5",0,1.64981865780277,0.305809547684129,0,1.74842016563871,0,0,0,0,0,0,1.72785943178917,0,2.34322973085201,5.27091653800675,0,0,0,0,0,1.60974930886198,0,0,7.37934913830535,1.95072163271185,0,0,0,0,3.06511112374092,1.64788440231998,0,0,1.60974930886198,0,0,2.34322973085201,2.40392900877838,2.60591885989429,6.31608979946635,0,0,7.3856829870001,0,2.84288909543274,7.24311246209265,7.3856829870001
162,"-3.5","43.5",0,0.0882546308898555,0,0.0754126299106185,0.179841376986005,0,0.940100387773271,0,0,0.0864341487913407,0.563071054136187,1.20750834732799,2.37982501859207,0.381682054241967,2.47945634107349,0,0.190190682353687,0,0.315104896498389,0,0.358036728987559,0,0.25144251358051,4.42608377962886,1.25976084375365,0.192213362026871,0.217026994067127,0,0,0.248545694360709,0.480479241506446,0,0,0.358036728987559,0.369103064656653,0,0.381682054241967,0.200329230891867,1.75534791080738,2.53925380241335,0,0.940100387773271,5.03684383934523,0.563071054136187,0.640397190947471,3.09341040953124,5.15467104799593
163,"-2.5","43.5",0,0.293772806563235,0.0205495905008187,0.0976232521976475,0.206336618613028,0.0405546655444237,3.71419249257184,0,0,0,0.119539203218189,0.897028696166525,0.296718973082223,0.117147837764071,6.2233252405327,0.0419956272476937,0.228632494981015,0,0.12821200116282,0,0.194476188136778,0.115353248277977,0.141040212297868,0.884878004869796,0.711305477252403,0.19142943191051,0.0643115496837106,0,0,0,0.259603552266428,0,0,0.194476188136778,0.257662408069233,0,0.123968934778908,0.358994793913085,1.16742827680193,6.22873751684888,0,3.71419249257184,0.952258246036437,0.119539203218189,0.345802257185324,6.34735670159903,3.8361844663842
164,"-1.5","43.5",0.984465325866355,0.953110454359754,0.00336615241101882,0.0456304099172858,0.481737136184171,0.0209501200619925,3.37575342242013,0.00501394646341861,0,0.0209978259622782,0.0880019615648209,1.47062997819294,1.53428186094773,0.226256624557549,2.34295042969066,0,0.134734646237418,0.00946626729617573,0.0604493749069083,0,0.22491790504155,0,0.041020263539866,3.03035673641005,0.816226422968062,0.00878705137195171,0.00949196814462607,0.770241362483228,0,0,0.0766714103557411,0,0.984465325866355,0.22491790504155,0.0610846887398902,0.00946626729617573,0.227224487427715,1.06793736079827,1.68734452060263,2.34430400535167,0.770241362483228,3.37575342242013,3.39719722764375,0.0880019615648209,1.03692427830734,3.17437470437634,4.79003178671404
165,"-0.5","43.5",4.0572863157231,0.0803346763150889,0.0110994562367175,0.0431961421557577,0.00305602256141805,0.00610369662785604,1.68556865506393,0,0,0.0283009430864331,0.0843982325569098,0.862971302463799,1.30248523877382,0.310428566159337,2.09121653031595,0.0245441219426102,0.0701019842129041,0,0.0418033207528417,0,0.143691529510132,0,0.0398007585764579,3.56082057117004,1.0125211853236,0.00694043147258765,0.0214534498351362,0.0630004744031074,0.0452824791541627,0.0267950115568536,0.197762512757692,0,4.0572863157231,0.143691529510132,0.0423755497308371,0,0.310488566295551,0.0803927825898942,1.33222854938474,2.10090825695527,0.0630004744031074,1.68556865506393,3.79216914268501,0.09577872716359,4.07190598374056,2.48979526692581,4.15100735511797
166,"0.5","43.5",6.46309959009052,1.49709460353459,0.0255301170932721,0.0418098777465774,0.390854061426257,0.0662305190647525,0.353933863275939,0,0,0,0.168490437509776,0.866479957707077,0.943508109350397,0,1.09255200382137,0,0.203160456249564,0,0,0,0.143183472300256,0,0.244369660401593,5.29179726807969,0.865736149028115,0,0.120196895726983,0.928512703388308,0,0.175723343038214,0.267619496957076,0,6.46309959009052,0.143183472300256,0,0,0.0662305190647525,1.54727474912046,1.24159605662454,1.13849407969219,0.928512703388308,0.353933863275939,5.38236839656009,0.168490437509776,6.4650246944481,2.46858755707369,5.39662373743014
167,"1.5","43.5",40.1505693571594,3.76701999172851,0,0.128962935220124,0.287430234008498,0,0.532340105154321,0,0,0,1.7885881492736,5.06964332958828,2.58394233947942,0.178853374455309,2.70008541605049,0.148670013601032,0.276524184487529,0.222885461874492,0,0,0.360310696477163,0,0.64683120915425,11.2196792271639,2.79605966133762,0,0.196721117326931,0.693579125478935,0.391282805669458,0.321605598798437,0.893089886238615,0,40.1505693571594,0.360310696477163,0,0.222885461874492,0.178853374455309,3.77796979309052,5.79617966798864,2.86207983118025,0.693579125478935,0.532340105154321,11.5348941909733,1.83088770866335,40.1532029850762,7.51939541881249,11.6914207770587
168,"2.5","43.5",3.04827655713211,0.0268787220430992,1.14138370155213,0.0406303309761867,1.7055537830099,0.0367138110987514,3.35943355611842,0.0386813720168186,0,0.0546830457205712,0.323500671192114,1.69409903363372,14.565043156206,0.458132086703711,3.90202967285425,1.27291875907137,0.0212407904897647,0,0,0,0.166007146517463,0.0862283863489612,0.0392377685630474,7.41122853343176,0.646209034003673,0.0325880413696984,0.0727356416425337,1.43480454385064,0,0.215723265519772,0,0,3.04827655713211,0.166007146517463,0.0921808822514674,0,0.459600818964557,1.70576556784279,1.81328674582022,3.90856221380087,1.43480454385064,3.35943355611842,16.4316265274654,0.323500671192114,3.08857225418179,4.85109963340393,16.7746474431011
172,"6.5","43.5",0,0.159669650547593,0.00910802651644239,0.0292322631779312,0.570484058351111,0,0.115736249825263,0,0,0.0360615150500706,0.271369494791908,1.68470206191824,1.06670877796056,0.435174569647957,0.226243671672023,0,0.183976647834652,0.0302882146836909,0,0,0.0679019644152409,0,0.0702482596259964,1.59029376676827,1.41060598951535,0.133585942568638,0.0762366413652813,0.0852662997833336,0,0.0521608910974398,0.225682476978073,0,0,0.0679019644152409,0.133585942568638,0.0302882146836909,0.435174569647957,0.592407341395044,2.2049665988483,0.325791299476186,0.0852662997833336,0.115736249825263,1.9179640785022,0.271369494791908,0.461248482751337,2.3078636166092,1.94052118995182
173,"7.5","43.5",0,0,0,0,0,0,0,0,0,0,0,0,0,0,0,0,0,0,0,0,0,0,0,0,0,0,0,0,0,0,0,0,0,0,0,0,0,0,0,0,0,0,0,0,0,0,0
176,"10.5","43.5",1.79433043776124,0.42193699506424,0.0495362618759271,0.102692681543103,0.0175391433290367,0.0568950624832963,0.229779310406828,0.30905375698084,0,0.241612975630765,0,0.32470998302195,8.94104458580376,0.149192474784607,1.65319819548937,0,1.79185338829766,0.172053438359809,2.59201353822442,0,0.179866642594717,0.195609624604588,0.354263853333806,3.19950423431181,1.60731178637067,0.675815181684667,0.0708048546798128,0.331189205528479,0.307439512687923,0.0222172867961628,0.233237275272635,0,1.79433043776124,0.179866642594717,2.68580034019137,0.172053438359809,0.159672924027005,0.422301372662412,2.4289146376178,1.71518178706387,0.331189205528479,0.229779310406828,9.50382141372712,0.307439512687923,3.24354667373319,3.02150618379654,9.51156869551343
178,"12.5","43.5",1.55321152869672,0.0465797342369657,0.0326687350156222,0.0561594941836842,0,0,0,0.589728047048506,0,0.0332383232857167,2.09918925804643,0.322117832202319,1.33991777833498,0.208375701563028,1.65313913065012,0,0.247629463405736,0.123597071216454,0,0,0.145080020059677,0,0.0669461653323813,2.99561260980761,2.39321268528939,0.307660791434883,0.1162582637441,0.234914311214729,0,0,0.522991341461299,0,1.55321152869672,0.145080020059677,0.307660791434883,0.123597071216454,0.208375701563028,0.0465797342369657,2.42745694215147,1.83174039758384,0.234914311214729,0,3.2850104214009,2.09918925804643,1.60837374285283,3.05043841035925,3.89844699974362
193,"27.5","43.5",0,0.0192708463860327,0.138638801252752,0.476363486762351,0.01951843233535,0,0,0.985905925964025,5.45476903908593,0,2.56689089120956,0.181455690374089,6.77695769496236,0,1.47227577859793,0,0.699098414416229,0,0,0.114647516873447,0.115254331710823,0,0.380857019123355,8.30594575526708,0.0599866374904827,0.111656503537684,0,0.155685776584861,0,0.488373444692234,2.4542170765794,0.114647516873447,0,0.115254331710823,0.111656503537684,0,0,0.0274287207369156,0.724750410338509,6.25745969330383,0.155685776584861,0,10.7381136819507,2.56689089120956,0.197217618091327,6.30127410658828,11.0406528019801
194,"28.5","43.5",1.53704036948659,0.0359180825559585,2.85885822451182,1.08669518911061,0.0514474963333093,0,0,0.676638517969958,21.8633619547827,0,2.49854899791466,1.03899960119956,3.91637367082732,0.0106258270674697,0.566327583872707,0.0962974433569427,0.455922575344907,0,0,0.150612495917358,0.316124988356177,0,0.256943727917549,15.9795331625872,1.04825725851149,1.11176761088235,0.060981021153935,0.21283370521687,0.0383340678035689,0.206765745613645,0.966076090929515,0.150612495917358,1.53704036948659,0.316124988356177,1.11176761088235,0,0.0106258270674697,0.0627451474893679,1.54474232350383,21.903452186108,0.21283370521687,0,16.7366798250885,2.49884305144095,1.9290547836775,21.9589772451896,16.9221945433581
218,"2.5","44.5",34.9083493846493,0.206919180902916,0,0.125647372752208,0.217972656498525,0,13.3039938568463,0,0,0,2.95454812833913,1.01738322335658,0.757245483925165,0.148103967393275,4.0678392868014,0,0.200509008727634,0,0,0,0.137819319160663,0,0.391281029765381,6.33090825266474,0.750598062689235,0,0.377050322994012,0,0.40902051117001,0.237748163061757,0.229647086627035,0,34.9083493846493,0.137819319160663,0,0,0.148103967393275,0.300545547973278,1.28010543997797,4.08124716682051,0,13.3039938568463,6.40038085422948,2.98272566979098,34.908935614118,4.28784048217144,15.0617986988082
219,"3.5","44.5",5.56880670311978,0.0137562752118781,0.009038348462264,0.0578003589133725,0.282200941989191,0,2.18698461556228,0.0345011743618393,0,0.0230966256502217,0.301281328266184,0.231727735165632,2.06751000984699,0.0456520109175233,6.67862154713302,0.0236904475402039,0.0597040261887324,0.0190267186650819,0,0,0.228162013313273,0,0.176655861992998,1.7166089051014,1.10602045064818,0.0332788977367287,0.0648216627990943,0.499285243498781,0,0.0302621692535684,0.121674917018405,0,5.56880670311978,0.228162013313273,0.0332788977367287,0.0190267186650819,0.0456520109175233,0.282536027379327,1.13161104238168,6.67992740524159,0.499285243498781,2.18698461556228,2.6945754259203,0.301281328266184,5.57379759304099,6.79934453103243,3.48344784279046
221,"5.5","44.5",2.06783056894861,0.748290956673839,0.00987112250767793,0.0649424181482622,0.0256590562592576,0.0454272880123777,0,0.00578079498470979,0,0,0.00192670859657375,0.373993971059712,6.18337004461371,0.00543951702540117,0.559037952102214,0.0234259820968792,0.0178632710963113,0.0532570947576515,0,0.0995327199652365,0.259383199218189,0,0.605024173009848,4.92974854941392,1.81651389003638,0.106730734504727,0.0622250908698208,0.0905238828509773,0,0.03041000271903,0.00996347327075722,0.0995327199652365,2.06783056894861,0.259383199218189,0.106730734504727,0.0532570947576515,0.0457517960481241,0.74873075468286,1.85470032607383,0.559982935942053,0.0905238828509773,0,7.93166286564845,0.00192670859657375,2.09031831617346,2.07901094380454,7.93166309966028
222,"6.5","44.5",30.4811658837859,0.0456240163527943,0.0254541830904805,0.0898473209035152,0.0171991877849698,0.018468763764057,0.0198249507075613,0.00552185130606395,0,0.0155298104736953,0.22134506214812,0.0413683336586277,7.4698475599746,0.0403471446990929,0.125730517711175,0.026388870469482,0.0252134316784625,0.00581109050979562,0,0.295196256190552,0.206637547804096,0,0.0476517462345481,22.2193405455412,0.197332193276527,0.0140014318932645,0.0284334163854737,0.1078149273937,0,0.014423951865317,0.0137425053204991,0.295196256190552,30.4811658837859,0.206637547804096,0.0140014318932645,0.00581109050979562,0.0443732725899509,0.0487582088332077,0.203192152087675,0.128361737986879,0.1078149273937,0.0198249507075613,23.4416341756515,0.22134506214812,30.4833317131985,0.267890290877748,23.4426875483653
223,"7.5","44.5",8.87472809571765,0.0973856481327805,0.0205052302976015,0.113907999388676,0.0443322052084623,0.0171193992079886,0.0367255836549524,0.0434708754731489,0,0.0368409345196654,0.319115112522773,0.125760396913888,5.52931799455954,0.0501838855007233,0.612933323852178,0,0.0233790234606096,0.0137541929996567,0,0.293977127819493,1.85443273333284,0.0401853096486288,0.0267131931069789,13.2634624500622,0.363241806446892,0.00473061151779443,0.0976540655810338,0.0259846535616391,0.0240137565318757,0.00860116238741733,0.0894346317148901,0.293977127819493,8.87472809571765,1.85443273333284,0.0404627952184283,0.0137541929996567,0.053023543763051,0.107001443358896,0.385106304960996,0.622098677304136,0.0259846535616391,0.0367255836549524,14.3706798397701,0.320017367564941,9.0714265691165,0.739890628083552,14.3742895108319
226,"10.5","44.5",3.72895097062068,0.0736656973450197,0.00206291661907876,0.0224739214045627,0.0208413490238359,0,0.0605532322414257,0.119655816079393,0,0.0202534516769806,0,0.172627843948166,2.52867627909857,0.0535354950373786,1.77426082163549,0.00989725969649926,0.0965633823831303,0.00604083830958497,0,0,0.0171204707887538,0,0,0.579790890107655,0.286508524679734,0,0.0835590802053356,0.0495476823198275,0,0.00772642181231554,0.0704139924438193,0,3.72895097062068,0.0171204707887538,0,0.00604083830958497,0.0535354950373786,0.0765571472461023,0.348155129270876,1.77981656575699,0.0495476823198275,0.0605532322414257,2.59575626920752,0,3.72937943802576,1.81584001811788,2.59646245939837
231,"15.5","44.5",53.893249680482,0.0415776479336719,0.068314151024846,0.0832421010278758,0.0960140361861824,0,0,0.29975917277195,0,0.0178006900605816,0.515340602897994,0.191920741386419,18.5536637518004,0.146462127827241,2.24856714784922,0,0.273886270858974,0.236513274833821,0.49325474937333,0.423375251776603,0.419911567946796,0.261245015953623,0,6.13946737198012,3.66102452109019,0.257942599206841,0.0304709425527006,0,0,0.112433137975212,0.438568928860771,0.423375251776603,53.893249680482,0.419911567946796,0.614885022281025,0.236513274833821,0.146462127827241,0.10462980432199,3.67626818993977,2.31326837191264,0,0,19.5433882112451,0.515340602897994,53.9007737117583,4.34477913832301,19.5501815519046
242,"26.5","44.5",10.1650798507076,0.049443673995945,0.33410586304151,0.317994325295094,0.129531925059433,0,0,1.34601228842858,8.63087841258045,0,5.54124696891926,0.577218324497545,0.717213716716681,0,0.658056820211339,0,0.24870026565415,0.0936691901286178,0,0.536844017368822,0.621671098235809,0,0.439000304180319,0.995089100869082,0.952197010257518,0,0.139977864247814,0.647807981109968,0,1.05310308218391,0.887083588079888,0.536844017368822,10.1650798507076,0.621671098235809,0,0.0936691901286178,0,0.138647742526952,1.14092592336907,8.86751337331501,0.647807981109968,0,1.38912203290545,5.54124696891926,10.1986420047871,8.96512039882531,5.71271196480798
243,"27.5","44.5",5.2181537158043,0.0333044079843168,0.210754091547962,0.139429653520061,0.079514428025482,0,0,1.39936006151164,9.3620063667161,0.0299038316326914,0.837853696956065,0.403125807580652,0.456080652592359,0,0.992797723089977,0,0,0,0,0.755567911988495,0.696162559509023,0,0.21442605918322,0.225003930400954,1.44373411996199,0,0.171998037152678,0.479933238316203,0,0.796788396417854,0.635831983197116,0.755567911988495,5.2181537158043,0.696162559509023,0,0,0,0.0862074698353071,1.4989591808585,9.57241178647409,0.479933238316203,0,0.630916876768327,0.837853696956065,5.31833182310497,9.70132535671308,1.04883503130571
268,"2.5","45.5",6.46104815229405,1.36544227811979,0.00842826940769341,0.0368434470079329,1.34241601769124,0.0256465069984973,1.57736259317488,0.0509506174401865,0,0.0425791864018886,1.27656665510175,0.975354289221864,6.11268820503799,0.0231944999048891,1.96767993754815,0.230751768172552,0.116616308865248,0.0424416321443818,0,0.088906359450685,0.454228905766909,0,0.0963699742345235,6.40131684573907,1.35721873447594,0.00730244811336187,0.118600051702634,0.203229171614885,0,0.176600952010518,0.119883898485973,0.088906359450685,6.46104815229405,0.454228905766909,0.00730244811336187,0.0424416321443818,0.0345793022928727,1.91481418927032,1.67539787698604,1.98033667201537,0.203229171614885,1.57736259317488,8.85549786570911,1.27656665510175,6.47784082946486,3.23055828864988,9.08501720553372
271,"5.5","45.5",16.162313888522,0.573592057743701,0.0271137254577653,0.0451400758939063,0.59809093435632,0.0512883623234923,3.50070394006451,0.859828317109388,0,0.0852941336255106,3.62760171285471,1.34455014896882,7.3151919401661,0.0195227543081765,5.26055956550801,0.0128539880162101,0.237902730469067,0.0258544342682915,0,0.31151043920613,0.352763272649428,0,0.208154084937454,9.76195314129049,1.81889169661927,0.0194003695300331,0.141949598036895,0.210498791322233,0,0.0401738354316547,0.224498229727263,0.31151043920613,16.162313888522,0.352763272649428,0.0194003695300331,0.0258544342682915,0.0548783568048757,0.82868607715218,2.27437459893643,5.3359235525442,0.210498791322233,3.50070394006451,12.2014006602213,3.62760171285471,16.1692896371959,5.86309562692756,13.2018407934022
272,"6.5","45.5",99.3666494551288,1.18016362519539,0.0600229775492209,0.154749363432816,0.140917723276242,0,0,0,0,0.0478843656665564,1.86806785887248,2.31926160472561,1.73271553817887,0.12515016212642,2.72807236356575,0,0.128626063776866,0.108500393094732,0,12.7049758717383,1.70377759684071,0,0.604123195505001,10.0330450174615,0.562816033986837,0,0.126553758723526,0,0.144215423369663,0.159106512413376,0,12.7049758717383,99.3666494551288,1.70377759684071,0,0.108500393094732,0.12515016212642,1.18854700662939,2.39003785399935,2.73312762519771,0,0,10.201609004033,1.87362632712345,100.19020774925,3.82032872226152,10.3722370723416
273,"7.5","45.5",0,0,0,0,0,0,0,0,0,0,0,0,0,0,0,0,0,0,0,0,0,0,0,0,0,0,0,0,0,0,0,0,0,0,0,0,0,0,0,0,0,0,0,0,0,0,0
274,"8.5","45.5",0,0,0,0,0,0,0,0,0,0,0,0,0,0,0,0,0,0,0,0,0,0,0,0,0,0,0,0,0,0,0,0,0,0,0,0,0,0,0,0,0,0,0,0,0,0,0
288,"22.5","45.5",0.642682782267627,0.030340072682439,0.0353576408753134,0.09768880820664,0.00633853780933719,0,0.0676590187787815,0.628105731323265,0.918022006716638,0.0110165900439694,0.00242432230456651,0.602043212133155,3.25126050974755,0.0340615803525522,0.427668457905938,0.0295515264847799,0.569357854133655,0.0772860167460661,0,1.70589333755167,0.834573168207115,0,0.0972028707435473,1.00056357601318,0.231013334142579,0,0.249014415321858,0.05170185279262,0,1.09241683573634,1.08828026570298,1.70589333755167,0.642682782267627,0.834573168207115,0,0.0772860167460661,0.0340615803525522,0.0309951136783861,0.860227618651574,1.94885386045228,0.05170185279262,0.0676590187787815,3.41393402217174,0.00242432230456651,2.00667858175102,2.13111630464995,3.41460526677718
291,"25.5","45.5",12.5405428982143,0.133690293172734,0.0242855484017928,0.160417289489082,0.519748650125503,0,0,2.30431038161911,0,0,0.214010006175381,0.345889633972288,0.278652365897797,0.141707091705015,13.0863795406281,0.0244590058588856,0.160962569884502,0,0,3.26733065326305,0.268964680380807,0,0.134985722617354,0.979441200755407,0.567230903747613,0,0.0592332204993688,0.0889824301586256,0.116466812438235,0.154605721673144,0.436136665484181,3.26733065326305,12.5405428982143,0.268964680380807,0,0,0.141707091705015,0.536667265440975,0.683593070444428,13.2957622548074,0.0889824301586256,0,1.04192306053503,0.24364893010787,12.9627577574696,13.3244333106138,1.07003199261396
292,"26.5","45.5",4.92995956306687,1.45798362737168,0.0739060041710338,0.167945343717442,1.49400436088684,0,0,3.12423714684885,0,0,1.29633505869601,0.451132832115694,1.75422172690431,0.0475152800077719,6.78399707639891,0.0818546500294927,0.444099378588578,0.0602516533326484,0,0.412361457474374,0.32582276786015,0,0.122189316651982,2.20401113353757,1.08726270536831,0,0.093227842356052,0.328622390871063,0.17734726618964,0.529117387502521,0.690108971193697,0.412361457474374,4.92995956306687,0.32582276786015,0,0.0602516533326484,0.0475152800077719,2.08752611673071,1.25812768857549,7.51928784421894,0.328622390871063,0,2.82824124205403,1.30840996527439,4.95848683619352,7.91127884281635,3.11622931769865
320,"4.5","46.5",0.224093621345867,0.631437982118156,0.0164325820146995,0.0105011628629924,0.177181916935152,0.0110999351032726,0.0708381793165832,0.0788362398167898,0,0.249004678121356,0.596076825514915,0.514478359079283,1.30398799596662,0.0225856509698595,5.51965104547948,0.167478641492918,0.199869687647981,0.0215422486436391,0,0.066672969061594,0.0787526218203556,0,0.051626536630089,8.35913832564632,1.24195881591089,0,0.580395960645119,1.12024555658496,0.119663296608896,0.190717066774402,0.0417986210301681,0.066672969061594,0.224093621345867,0.0787526218203556,0,0.0215422486436391,0.0251658536320384,0.655825706228617,1.35907967920214,5.52927538386148,1.12024555658496,0.0708381793165832,8.48195333698914,0.60796947823986,0.248922879704993,5.83995216667015,8.50400948641177
321,"5.5","46.5",48.1092717842932,0.515996826288305,0,0,0.385758658074885,0.307788441487821,0,3.12176254145437,0,0,1.72550209336422,5.9103603246444,0.852456045442443,0,11.1295166441525,0,3.29962764124019,0,0,0,0.171141279879511,0,0.207640882801468,6.77802957908232,2.38668517948501,0,0.28382243461143,0.870673048053853,0,0,0,0,48.1092717842932,0.171141279879511,0,0,0.307788441487821,0.644253418321812,7.17747642865794,11.5590458991084,0.870673048053853,0,6.84047046590551,1.72550209336422,48.1105607395859,13.6492067170683,7.05474263663316
322,"6.5","46.5",17.4927191403524,0.209963030285575,0.00359465679132315,0.0287146206250453,0.447737417265343,0.0082651079113302,0.0389501892348689,0.216542777835318,0,0.00595885195475567,0.0428861727208922,1.21905875348104,26.2635569462305,0.216267588692405,3.23253724746774,0.0169925819823909,0.276705667379247,0.0249953985688978,0,2.6808239637279,0.161471022560354,0.00169278367195811,0.173058310145232,1.52131842864609,0.767232431002399,0,0.0805081828805229,0.0428676979086895,0.0212024264397862,0.0102232987027727,0.134532340013638,2.6808239637279,17.4927191403524,0.161471022560354,0.00169278367195811,0.0249953985688978,0.216425465062717,0.494523274382653,1.46673647052918,3.24259568943793,0.0428676979086895,0.0389501892348689,26.3082950830017,0.047841056610204,17.6990276726229,3.59334573727216,26.3083674152964
323,"7.5","46.5",10.4475191965535,0.577345768132515,0.00351511727951679,0.0701124447479966,0.215687408627365,0,0.0779251568463711,0.0152402270339269,0,2.61433949702662e-07,1.05124390152129,0.445667363016758,6.67347977371048,0.0051273955501271,0.931440041555033,0.0246230402462952,0.0602033520179667,0.130357039661906,0,1.9991326709258,1.0102940108177,0,0.0501887933047186,5.19575423147755,0.188966209912874,0,0.0922450332146903,0.055409290791654,0.163495135346981,0.0211050219669095,0.0438931421095444,1.9991326709258,10.4475191965535,1.0102940108177,0,0.130357039661906,0.0051273955501271,0.616319068519636,0.487803311326754,0.932836987586056,0.055409290791654,0.0779251568463711,8.45859070946425,1.06388176023834,10.6857335749393,1.221088162123,8.5255893356455
324,"8.5","46.5",4.41487329165575,0.980215382319409,0.0150066706509571,0.129710630426949,0.252818914749336,9.51674236796418e-07,0.118761285576505,0.0206029057773536,0,0.0403736816623593,0.0677367222890865,0.607957586712874,8.2540942838445,0.0928748855785901,0.777930151734153,2.1548722474315e-07,0.0473022472706476,0.0425120748361274,0,2.81345329839802,2.77113641366266,0,0.10120308499535,8.9146336545481,0.370419323105911,0,0.116089319034441,0.128449000088817,0.0135253116855793,0.0190887707497971,0.140031208646473,2.81345329839802,4.41487329165575,2.77113641366266,0,0.0425120748361274,0.0928748855834659,1.0122942257025,0.713484691334605,0.791961460828932,0.128449000088817,0.118761285576505,12.1507832868343,0.0690738561444263,5.92420928796815,1.47563616966431,12.1515599790384
325,"9.5","46.5",0,0,0,0,0,0,0,0,0,0,0,0,0,0,0,0,0,0,0,0,0,0,0,0,0,0,0,0,0,0,0,0,0,0,0,0,0,0,0,0,0,0,0,0,0,0,0
326,"10.5","46.5",0.410845158542882,0.273516737733732,0.0116602255055332,0.0685733309699733,0.0939587868988828,0,0.0507972313952827,0,0,0.00873754347645192,0.129584568289358,0.18813418764659,10.2621393338033,0.132958812871979,0.0850135821253698,0.0312111952909582,0,0.081839754471847,0,4.15032676802674,4.40073244450832,0,0.0124503608506682,1.73061326411081,0.144890046875056,0,0.0236068849436011,0.204187117893163,0.0335120675748687,0,0.0133506427473549,4.15032676802674,0.410845158542882,4.40073244450832,0,0.081839754471847,0.132958812871979,0.289205220312519,0.237460729900542,0.0864979391289607,0.204187117893163,0.0507972313952827,10.4073556042879,0.133847745636159,6.06504970014079,0.434973022482987,10.4083402255994
339,"23.5","46.5",159.033096453413,0.0705527816819541,0.0473500278447516,0,0.131544347094015,0,0,0.757591050053896,0,0,0,0.130149112394393,1.42452998123707,0.0594371869739127,4.07253160483795,0.0169773716315462,0,0.0217848432750172,0,10.3952800695496,0.0910720182590175,0,0,1.31229566000355,0.242893572823288,0,0.0195315788528975,0.177799970739889,0,0.116120622181015,0.207430611877374,10.3952800695496,159.033096453413,0.0910720182590175,0,0.0217848432750172,0.0594371869739127,0.149270259112297,0.275565018055468,4.14921309758432,0.177799970739889,0,1.93760607595154,0,159.37251932738,4.16482890983432,1.93760607595154
341,"25.5","46.5",4.96429074430112,0.0878806507835445,0.0143811548813306,0.0963688683291324,0.42574587365397,0,0,2.12151921075808,0.858539007724985,0.00925322109690347,0.16461319365575,0.273649261668323,0.187954197967049,0.208984565991654,15.0262714265251,0.0409444581624089,0.176434979740129,0,0,1.19231319270296,0.188005169796791,0,0.0800481041574619,0.664014661446067,0.524467390903973,0.00958544671076263,0.038903850578042,0.0625349440799945,0.101013253279697,0.120685733420471,0.347218626657156,1.19231319270296,4.96429074430112,0.188005169796791,0.00958544671076263,0,0.208984565991654,0.434721241389838,0.617316178800733,15.2040118855536,0.0625349440799945,0,0.703799463462957,0.193135136274303,5.11320894516633,15.2228758734219,0.729818378526082
348,"32.5","46.5",0,0.397617481358008,0.819738341636322,2.24604322148826,0.258252645222869,0,0,0.214826058412002,0,0,0,0.498664282365963,1.70049198768644,0,0,0,0.312217718254253,0,0,0.378879808758716,2.86469960456416,0,0,7.09064798638941,0.435541929447025,0,0,0.951500561041778,0,1.19071021136184,0.455535089814811,0.378879808758716,0,2.86469960456416,0,0,0,0.474124551406163,0.732012802077867,1.29284695956899,0.951500561041778,0,7.67369812858285,0,2.88964595303215,1.82686710276954,7.67369812858285
362,"-3.5","47.5",0,0.23154116642602,0.156118240082579,0.065779935653044,0.0678866946606714,0,0.0114285527676016,0.021524054798518,0,0.0471287390342913,0.23544152079361,2.28346757877766,8.37005046154272,0.00290738095019309,0.144167788227898,0.0184572132110751,0.0460113446277543,0,0,0,0.16765906530807,0,0.0253893617633278,13.1155879315764,2.39391247193322,0,0.249955132873699,0.0362227629997118,0.0805919399112032,0.0571744426264559,0.0531157136042468,0,0,0.16765906530807,0,0,0.00290738095019309,0.241288033399655,3.30864899172466,0.171927164990848,0.0362227629997118,0.0114285527676016,15.5617657828848,0.248852909350602,0.167684271903972,3.32208505371605,15.5637595928386
363,"-2.5","47.5",0,0,0,0,0,0,0,0,0,0,0,0,0,0,0,0,0,0,0,0,0,0,0,0,0,0,0,0,0,0,0,0,0,0,0,0,0,0,0,0,0,0,0,0,0,0,0
364,"-1.5","47.5",2.7165364431904,1.43115279874462,0.0260098020440756,0.0258221325704227,0.289088305246482,0,0.129897598891239,0.0380982281970697,0,0.0630745267191489,1.36329273559157,0.551858548084109,4.70290254147679,0.0329220472962479,1.43189048710615,0.0468658706097096,0.0919322457650197,0,0,0,0.0196472370493867,0,8.09000848422301e-06,3.6396466031061,0.64489131874629,0.00869054197962923,0.269520031372894,0.756177113179231,0.117575948215565,0.0550348620230059,0.0826741139064687,0,2.7165364431904,0.0196472370493867,0.00869054197962923,0,0.0329220472962479,1.46005834869187,0.853747156890862,1.43722095835185,0.756177113179231,0.129897598891239,5.95319245948493,1.36835345818087,2.71682087150097,2.34479476694783,6.1098089194656
365,"-0.5","47.5",0.578012463916606,0.318149243874501,0.215618650132604,0.0257972876459069,0.105154052485207,0.156463515527507,0.355850482675093,0.0279830637475606,0,0.0132982557707938,1.98121951803779,0.500276627422273,12.7677448284661,0.0659294209867292,1.57430418065253,0.261611756584115,0.170907685525532,0,0,0,0.0123575836422759,0,0,6.66671074158292,3.19505206718557,0.0163324832280177,0.267731794568438,0.348370596884713,0.1743225739686,0.265632325952375,0.203846448837075,0,0.578012463916606,0.0123575836422759,0.0163324832280177,0,0.169786690417335,0.33507658248821,3.23849407177834,1.60981596959952,0.348370596884713,0.355850482675093,14.4099832770236,1.98887383673498,0.602781377090971,3.64869698629893,14.5509404077046
369,"3.5","47.5",0,1.53661181655935,0.0535447613328312,0.0621965928625872,0.464672770146993,0,0.523240176623666,1.03224869139641,0,0,1.52180657305971,0.74716401362425,1.4907239390165,0,3.32713101291846,0,0,0.248762049440746,0,0,0.0973905889175906,0,0.319301906247692,3.74891342809372,3.00291108631617,0,0.413008863486353,1.58338549582033,0,0,0.275073758290598,0,0,0.0973905889175906,0,0.248762049440746,0,1.60533381516304,3.09446749143947,3.49442466087245,1.58338549582033,0.523240176623666,4.06889115607433,1.52180657305971,0.267146933449881,5.18371865098496,4.37556290872623
370,"4.5","47.5",0.124732679348993,1.66524869421361,0.00112740449228267,0.0128808981107244,2.50280275730901,0.0109425506663024,2.34815174531127,0.134822644756888,0,0.00446636404399825,0.290016337824209,0.657363324482472,2.28631582563486,0.0448743714700207,6.6977250069953,0.350033882044558,0.118135275044127,0.031948979878425,0,0,0.0133641968321389,0,0.186578421101224,6.07885444815936,0.638174374374489,0,0.0693913214109623,0.244561222326819,0.015401338785704,0.0367231258645535,0.174911696035181,0,0.124732679348993,0.0133641968321389,0,0.031948979878425,0.0461892696404046,3.00617279203537,0.923768918990388,6.70146700750368,0.244561222326819,2.34815174531127,6.50707530510592,0.290424994518994,0.137444639763553,7.40674652701122,6.92388563761483
372,"6.5","47.5",35.4789425821039,0.998806241583586,0.0192260772097442,0.0905889407106637,1.27231187307204,0.0282609642766789,0,0.545121909329059,0,0.0235566609244041,0.525583369692574,4.20241686161478,3.36270373137757,0.0249284824786175,6.38612980053358,0.0565933965522791,1.37175060855016,0.116510519742753,0,0.638751709417386,0.308301941444526,0,0.329733445385152,5.86967318729125,2.11830458784883,0,0.134994471883025,0.316318480427786,0.131475826158929,0.0883618911381064,0.317169397067628,0.638751709417386,35.4789425821039,0.308301941444526,0,0.116510519742753,0.0376843646693753,1.61752632454202,4.90196098900668,6.41784783956501,0.316318480427786,0,6.77492185739646,0.541778341539761,35.4862426214746,8.24223520783041,6.79654985600708
373,"7.5","47.5",4.57280849879599,0.0287518691001759,0.00260090226638228,0.0144065782586878,0.0613564209394652,0.00498350531397321,0.0918727228220735,0.269055340527283,0,0.00667854854723848,0.0685592222362952,0.294208934843222,0.0988705060533078,0.0174852522884424,2.21555596654783,0.00567051359090247,0.0695084452928277,0.0076560645683867,0,0.594236403457982,0.0205339687341321,0,0.0330815098128621,0.670934278677214,0.176883342146023,0,0.00989793707484043,0.0174459122557065,0.0133778051587291,0.00314296246596995,0.135464313575548,0.594236403457982,4.57280849879599,0.0205339687341321,0,0.0076560645683867,0.018181566841306,0.0677589873541104,0.350254247707799,2.23595261100234,0.0174459122557065,0.0918727228220735,0.679240022109485,0.0698522198967981,4.61134528076406,2.26430072139441,0.688975280731135
374,"8.5","47.5",5.44558295850474,0.130209737124798,0.0075663155965455,0.036359743570214,0.511681959229205,0.00397370943365079,0.0189950856811903,0.211042855215189,0,0.00798430054015756,0.623431189677248,1.07167916048678,3.38946077997618,0.0377349940668359,1.07715563102129,0.0205500078910663,0.53062192857807,0.0836757059130744,0,0.148892932680189,0.0948324286302649,0.00124363534602551,0.283812014933015,2.33303672302919,1.946489707017,0,0.077583803243681,0.051253824830589,0.700114070584869,0.0334260804733358,0.406875729907192,0.148892932680189,5.44558295850474,0.0948324286302649,0.00124363534602551,0.0836757059130744,0.0379436443147891,0.527989586112024,2.284486382895,1.17112435363487,0.051253824830589,0.0189950856811903,4.12551509744591,0.937457284409964,5.44921819561413,2.62141378704543,4.23072828158787
375,"9.5","47.5",12.8965541885423,0.457302875481409,0.00519889178426115,0.0423823768319815,0.799212084756518,0.000920332887430343,0.0543940025773649,0.91141278647314,0,0.00130117502694895,0.507768184551581,2.20236746563805,0.624336947082246,0.00150808478535985,2.0843171064252,0.0339831040297246,0.747024886173065,0.0221918428397744,0,4.130180552834,0.107400780736535,0.000298473718670073,0.371731612019379,5.55674541650737,1.78016086092372,0,0.17656338583256,0.191172290344005,0.275583248732157,0.0354505272427102,0.200844432391251,4.130180552834,12.8965541885423,0.107400780736535,0.000298473718670073,0.0221918428397744,0.001766729278503,0.920796327286564,2.92872691199223,2.2839982457183,0.191172290344005,0.0543940025773649,5.60709848439102,0.577732339604231,13.5422129636565,3.83125332396744,5.63704592649386
379,"13.5","47.5",0,0,0,0,0,0,0,0,0,0,0,0,0,0,0,0,0,0,0,0,0,0,0,0,0,0,0,0,0,0,0,0,0,0,0,0,0,0,0,0,0,0,0,0,0,0,0
387,"21.5","47.5",14.2994157435814,0.376299201814926,0.573177925333037,1.35831843535986,0.576575863620122,0,0.160075662760188,1.38664557032402,0,0,1.09375469777064,1.24617552696069,0,0,3.75969494034821,0.0599655427119317,0.205151208856195,0,0,0.434605711916646,0.381309604312688,0,0.411436972791703,6.38740210019067,1.58666352985603,0,0.547235581728814,0.172183083535697,0,0.413115915726475,0.599177546737093,0.434605711916646,14.2994157435814,0.381309604312688,0,0,0,0.688506220593423,2.02794024060526,4.07280867148453,0.172183083535697,0.160075662760188,6.59126774803228,1.09375469777064,14.3110995296293,4.60478011679574,6.68331759554744
388,"22.5","47.5",2.00995504056732,1.44936786215607,0.105019655665695,0.114311387065522,1.38241437713328,0,0,2.83752408625787,0,0,1.0623972721036,0.422960100725783,2.14897670036934,0.394279303675715,13.5845226006183,0.0695357096815262,1.0096030642139,0,0,11.8512746819506,0.706249056600295,0,0.21491998270767,6.06989693547883,1.12547669882088,0,0.0372790739955399,0.506609337972658,0.0953400413966358,0.610570426463913,0.597210168915726,11.8512746819506,2.00995504056732,0.706249056600295,0,0,0.394279303675715,2.00293202829144,1.56999725912653,13.9039653861167,0.506609337972658,0,6.44501834214617,1.06666662423959,12.0476916773049,14.1440282304326,6.53269003687357
389,"23.5","47.5",0.721992265933488,0.267335202803895,0.0231691500035918,0.021238799421227,0.063907540412861,0,0,0.367152378069929,0,0,0.0473189826074407,0.993515540117211,6.58629092884317,0,9.69839150141846,0.242765358833482,0.150033754906985,0.00464074303537425,0,0.353987515339004,0.00362991343845523,0,0.0615937559696456,1.67278600519747,0.174117878435594,0,0,0.132517123623431,0,0.010928083362606,1.21865784309657,0.353987515339004,0.721992265933488,0.00362991343845523,0,0.00464074303537425,0,0.274867757985219,1.01975501550951,9.78155636619526,0.132517123623431,0,6.80008514100251,0.0473189826074407,0.804123563795481,9.8393017185746,6.8002497756331
390,"24.5","47.5",95.5719749861447,0.508329690724034,0.127387171867818,0.279750309097709,0.100263816396781,0,0,1.72877615371098,0,0,0.831835856470335,0.93886499599,7.70173250210951,0,6.26724495583651,0.142148402495705,0.373023417422248,0.407209316669519,0,11.0730571839254,0.985643300297751,0,0.123692184105679,5.16827285662831,0.250401240213827,0,0.134711047380333,0,0,0.218239528458252,0.633834221339212,11.0730571839254,95.5719749861447,0.985643300297751,0,0.407209316669519,0,0.518123447983238,1.04082406377894,6.53577850282736,0,0,9.28309585066506,0.831835856470335,96.2172142097959,6.63838589395883,9.32029073928194
391,"25.5","47.5",66.7530463091046,0.536366860226135,0.042926831093619,0.268197347573368,0.23417502633733,0,0,1.50188149899541,0,0,0,0.75951071450306,1.92651769566358,1.86109843289209,7.09023058397062,0,0.31093974769119,0.157102922418448,0,10.802531181353,9.94463617716217,0,0,1.44997265525024,0.484800989999231,0,0.111477003062204,0,0,0.307025996936494,1.11519692057908,10.802531181353,66.7530463091046,9.94463617716217,0,0.157102922418448,1.86109843289209,0.585258363211438,0.953190459479869,7.33927427647727,0,0,2.42901024801527,0,68.3743228768727,7.42401820506344,2.42901024801527
411,"-4.5","48.5",0,0,0,0,0,0,0,0,0,0,0,0,0,0,0,0,0,0,0,0,0,0,0,0,0,0,0,0,0,0,0,0,0,0,0,0,0,0,0,0,0,0,0,0,0,0,0
412,"-3.5","48.5",0,0.121822684507501,0.0135448380002596,0.012184624695966,0.37230368687823,0,9.91564533717669,0.0103573105915574,0,0.0129503902251247,0.114196167232802,9.65414857885181,16.2832286284086,0.0373965811339088,1.2253522325556,0.0247349647490572,0.271155207668689,0,0,0,0.012955409807432,0,0.215733441097192,13.8420490196156,1.84898707000093,0,0.136647356456261,0.0941270472048509,0.0529480975891402,0,0.105727470440379,0,0,0.012955409807432,0,0,0.0373965811339088,0.3917279690343,9.83335462160411,1.23001682034206,0.0941270472048509,9.91564533717669,21.3731610387958,0.125874007042642,0.0395771010027709,9.9181709601764,23.5615763375166
414,"-1.5","48.5",0,1.63555138279097,0.0555117976981547,0.0282073825018001,0.158026955735528,0.00955474080480131,0.0351493453102031,0.0162805174542246,0,0.010185982036123,0.847293607689694,2.85432280746159,0.989280998541193,0.00578912196391563,0.449080483276922,0.0104159608325342,0.0457563582700874,0,0,0,0.0165578671792085,0,0.200331200555063,4.59828401789109,1.09016039461817,0.00198933324311491,0.33781599945348,0.237774826958613,0.0442754764970977,0.0859539468577832,0.0581938347103995,0,0,0.0165578671792085,0.00198933324311491,0,0.01117170555287,1.64316792948514,3.05576537376671,0.461320597109628,0.237774826958613,0.0351493453102031,4.72028926560875,0.848449630473643,0.0200730520159864,3.50814144892319,4.79606432431299
415,"-0.5","48.5",0.361502888305553,1.95664249619711,0.0174675295476512,0.0316611205487315,2.50082296159615,0,0.527136038653384,0.0642344936956551,0,0.0319135128882719,1.67555326281042,1.36206678626122,4.18790465483286,0.0595994733446259,0.821483173755566,0.527916878986749,1.99311934856194,0,0,0,0.0203732525745897,0,0,4.13429502461778,2.297728790202,0.0170301986231937,0.139360831593542,2.1900955174475,0,0.0765795506959798,0.231493246684215,0,0.361502888305553,0.0203732525745897,0.0170301986231937,0,0.0595994733446259,3.1753055511511,3.33276285702585,0.859902725948651,2.1900955174475,0.527136038653384,5.91019170266029,1.67555326281042,0.367343888695358,5.16970257151992,6.16568869648447
417,"1.5","48.5",0,0.210584522907113,0.0340156277613896,0.0544421459086283,1.28151975497011,0.0340009058524934,0.158834144894997,0.110471762496041,0,0.0158918624070694,0.186813041628959,1.99730895321966,28.1686197694382,0.0752953018967927,2.04290957951824,0.0079241524667129,1.0441790578415,0.051319688940587,0,0.00638219199841637,0.0935190709331463,0,0.0541728906975692,9.17803340824763,8.6716654345478,0,0.158342673182948,2.39505085246671,0.049968262864567,0.0108216849192325,0.908456399873071,0.00638219199841637,0,0.0935190709331463,0,0.051319688940587,0.0826162458994554,1.29870655795167,8.95976195934787,2.23860363866004,2.39505085246671,0.158834144894997,29.6266708873054,0.193380298418338,0.135076658095991,9.62868568023525,29.6277277577965
418,"2.5","48.5",0,0.274819657778248,0.0482872757532762,0.0571199201000545,1.08247403187061,0,0,0.367068952529804,0,0,1.73748801781391,1.62121527363604,3.27004776244692,0.304552252814825,1.15359711619644,0.131461254219357,0.654230921276562,0,0,0,0.143635968179388,0,0.15153653166512,4.13182649802765,2.10856855758034,0,0.235135310147632,1.06096884153249,0,0,0.731454741442911,0,0,0.143635968179388,0,0,0.304552252814825,1.11681505808955,2.73905429370095,1.41440869665998,1.06096884153249,0,5.27885697103338,1.73748801781391,0.336724466068944,3.44614293692344,5.55744505439996
419,"3.5","48.5",0,0.287069182550575,0.076118860278826,0,0.0713947942958173,0,0,0,0,0.0988079532786427,0,0.360980763625378,6.57648324771848,0,1.40373006527789,0,0,0,0,0,0.702376618756715,0,0.69702538965265,4.6422413471448,0.903826805267419,0,0.305955949930439,0,0,1.45033905751513,0,0,0,0.702376618756715,0,0,0,0.295814016271707,0.973247145193588,2.0208177774233,0,0,8.08614767059513,0,0.702376618756715,2.26239263334204,8.08614767059513
422,"6.5","48.5",10.2764882763114,0.568600533998083,0.0148864367567536,0.0240587867060772,0.295288780703571,0.00718940606561232,0.339562012007224,5.47889702454187,0,0.002746573798204,1.439493635906,1.92892871896633,4.07387799747369,0.00413366854730847,2.24204440999118,0.194038682969102,0.29572202828327,0.0397415444824049,0,0.0822339800283517,0.088713385307925,0,0.243200458114461,4.49136840361316,2.17309044189769,0,0.193813969012258,1.99409675863132,0.0766600305748441,0.128804924004243,0.120524734052429,0.0822339800283517,10.2764882763114,0.088713385307925,0,0.0397415444824049,0.00829305584421512,0.640704324374595,2.92070874780971,5.92251637444256,1.99409675863132,0.339562012007224,6.07486903845603,1.44153345021946,10.2772803771476,6.92774593277847,6.25278776886692
423,"7.5","48.5",2.22456935967776,0.0531772812058962,0.0227472916099878,0.0016373081268642,0.246202398248704,0.00591119989145252,0,1.72172410766246,0,0.00264678767899785,0.270765867217727,2.45615022983774,0.580296478559311,0.00363858102645813,5.29986778750783,0.00128843530657422,0.0985776800721334,0.00125327650648786,0,0.0052466151684094,0.0174996922484482,0,0.148579767161895,3.32254668068335,3.02887556862813,0,0.0245920183961036,0.840946910970707,0.0128545493653644,0.0121722199677038,0.0311983580499866,0.0052466151684094,2.22456935967776,0.0174996922484482,0,0.00125327650648786,0.00694129354247531,0.251879820827045,3.90083051679675,5.57261706686708,0.840946910970707,0,3.37627945274765,0.27107082891664,2.22465555861456,6.85865692726513,3.38714368418813
424,"8.5","48.5",21.9337735656568,0.431256937698296,0.00145518829890648,0.00987523906779057,0.317985767383544,0,0.0185448086630682,1.03901407108122,0,0.00778686601918137,0.0461695332581323,0.781366207450443,21.5210995704126,0.0248782657594966,3.07660652437988,0.013313101825986,0.48518719868235,0.0143970964197545,0,1.67796064883578,0.52258468102923,0,0.0973786797534835,4.82569302368988,0.894472541195997,0,0.0363175556645338,0.0496544922762364,0.19156408303672,0.000517579774138978,0.202647035904331,1.67796064883578,21.9337735656568,0.52258468102923,0,0.0143970964197545,0.0248782657594966,0.535814795028481,1.28297345836316,3.25364175503291,0.0496544922762364,0.0185448086630682,22.0557502326995,0.197049292591913,22.0040881592918,3.53861111569675,22.0566382447748
425,"9.5","48.5",3.66891787854691,0.225901027808947,0.0150484703607406,0.0225637932959842,2.13524537205141,0,0.124692977870146,0.161967343173423,0,0.010320781834698,0.344484664144239,2.33401886248559,0.488227119164167,0,3.92316238850574,0.0188606014485021,0.0469049456503027,0,0,0.0470729677690233,0.104283450416755,0,0.116641714209784,2.5020825834206,0.238670342794586,0,0.0693802974377192,0.197509515483831,0.309489513284887,0.217098721090208,0.281282411230249,0.0470729677690233,3.66891787854691,0.104283450416755,0,0,0,2.14716186470236,2.34665882839723,3.94256194814297,0.197509515483831,0.124692977870146,2.55309482644603,0.463091181803201,3.67070147272242,5.06950850219016,2.59774805826499
429,"13.5","48.5",6.59737923092095,0.0520296785054054,0.00248858887673524,0.00797212108400794,0.218295656925542,0,0.0478851254266275,0.0514296850062248,0,0,0.0706072189078907,0.754950536795783,0.0153216610826127,0.0116206715858943,1.8144080925858,0.00443673252812803,0.051128081255585,0,0,2.42660709195806,0.477899687886335,0,0.0104682205897012,0.271907160601282,0.126900303367572,0,0.00898620923614947,0.0649680242432358,0.0173267892097342,0.0443630020248058,0.076022213428189,2.42660709195806,6.59737923092095,0.477899687886335,0,0,0.0116206715858943,0.224410519534913,0.76724707930099,1.81726970805763,0.0649680242432358,0.0478851254266275,0.272851654325265,0.072702111291388,7.04573330796861,1.98638319514935,0.286402876192582
432,"16.5","48.5",8.04828406578525,0.0227727919240241,2.48762318354381,1.04020252344402,0.131407158577022,0,0,0,0,0,1.47006434532237,0.0310625629432008,8.69974475765557,0,0.0677060974634602,0.427852119388022,0.110199041619303,0.0127368408726268,0,0.221086010534911,1.06024219262181,0,0.162774136284634,9.62430440497187,0.101368612581153,0,0.00579946064066955,0.0399874711287609,0.741399935612098,0.106173922614496,0.0422904170828341,0.221086010534911,8.04828406578525,1.06024219262181,0,0.0127368408726268,0,0.133365817874377,0.152919283306721,0.132836353661641,0.0399874711287609,0,13.258682853521,1.64643950508779,8.12083931387378,0.245795124617509,13.3605177315165
433,"17.5","48.5",7.00894028700765,0.33429544845967,0.11687370788998,0.406598811677411,0.557395279805918,0,0.0614678457049107,0.400454502356431,0,0,1.04796307904083,1.05357256306366,7.14251606760322,0.00138614711769827,9.99385837418508,0.107208928617521,0.558392726404717,0.0246007350207959,0,0.190913131292423,1.152051162272,0,0.0574731454670743,7.46067549793437,2.51635428194442,0,0.10714204084947,0.641552618385783,0.798018425123299,3.67829805105726,0.621368311694394,0.190913131292423,7.00894028700765,1.152051162272,0,0.0246007350207959,0.00138614711769827,0.6499561099111,2.78457473500034,10.674902535523,0.641552618385783,0.0614678457049107,10.338397992554,1.3172167710248,7.10559784737346,11.0698434182552,10.4221548333523
438,"22.5","48.5",12.1231857598502,0.259989192399618,0.126132052454203,0.295194415655699,0.566661403084008,0,0,3.24590683692946,0,0,3.10730129136681,0.4678915822539,0,0,2.90228990773206,0,0.173046625217965,0,0,0.174195318686682,0.199905890926713,0,0.198501189499237,5.72136652551433,2.87009134074307,0,0,0.323955881165894,0.410579431979152,0,1.09902083665324,0.174195318686682,12.1231857598502,0.199905890926713,0,0,0,0.623457717820336,2.91312409132391,4.49077328552074,0.323955881165894,0,5.73380211371121,3.13430961860729,12.1260850789574,5.39879464438593,6.53455304244241
444,"28.5","48.5",0,0.0308403948265406,0.0936769781795397,0.0962903070438704,0.168630752759591,0,0,0.717580135137291,0.679933247626428,0,0.715642323175119,0.216699209035021,4.17012129354996,0,0,0,0.126681201759011,0,0,0.467491519599697,1.43247780412996,0,0.126870451017443,2.4769579795679,0.775654391994911,0,0.0877399293332137,0.259037696771409,0,0.505088376987891,0.438216060860448,0.467491519599697,0,1.43247780412996,0,0,0,0.171427712839328,0.815258492685913,1.19347310658254,0.259037696771409,0,4.85459308711617,0.715642323175119,1.50683143722934,1.47834788027387,4.90705797563016
459,"-6.5","49.5",0,0.0144299645093131,0.126513491002648,0.00437196758837339,0.0447644337680092,0,2.91451848781941,0.00312851607887428,0,0,1.02335886132944,0.295170875782356,1.51187314467673,0.0786399777445198,0.0327704978327734,0.104967615589759,0.0873395714559505,0,0,0,0.00959562312792534,0,0.716758808445434,1.30229114507383,0.125452952612787,0,0.47695047861916,0.0743566094813812,0.0543464878821122,0.00913905185543241,0.00781643900941168,0,0,0.00959562312792534,0,0,0.0786399777445198,0.0470327376017016,0.332404106429957,0.0350472841839095,0.0743566094813812,2.91451848781941,2.17944730574071,1.02480090739939,0.0792232420623629,0.345632443326785,3.78082338573864
468,"2.5","49.5",0,0,0,0,0,0,0,0,0,0,0,0,0,0,0,0,0,0,0,0,0,0,0,0,0,0,0,0,0,0,0,0,0,0,0,0,0,0,0,0,0,0,0,0,0,0,0
478,"12.5","49.5",16.4661289655038,0.0251159429615421,0.00890484656063779,0.0100681535803553,0.36566075624892,0,0.284746610866276,0.0823578892882109,0,0.00441118113714188,0.867150016813606,1.58373249312622,4.20476967493205,0.0466000059022426,1.05387271385493,0.00469684012855788,0.16401824183755,0.00657115915181911,0,1.61807577436117,0.728052109950868,0,0.121210341870624,7.22482498842409,0.165157179739097,0,0.155256218392527,0.156156622727401,0.188162325552395,0.487501382899131,0.433921267811024,1.61807577436117,16.4661289655038,0.728052109950868,0,0.00657115915181911,0.0466000059022426,0.366522303893473,1.60074591595876,1.24233459359477,0.156156622727401,0.284746610866276,8.36164955599236,0.88732982166561,16.5615170481349,2.06506809088077,8.41341893299295
479,"13.5","49.5",125.946772039253,0.296294034854233,0.00949966882817619,0.0233738823355322,0.590340336950535,0,0.0831508989972761,0.537525936266326,0,0,0.0842593852977269,1.12305378411129,0.430322522175119,0.0161504430524332,10.5280270512612,0.0154884055017586,0.124388154529559,0,0,12.9893836929262,1.65237045969342,0,0.0579632001920392,0.904644314450642,0.432599128344699,0,0,0.0496018235316867,0.0755598103711225,0.111763543585382,0.234050712103486,12.9893836929262,125.946772039253,1.65237045969342,0,0,0.0161504430524332,0.660523934858588,1.20990256667161,10.5449304668052,0.0496018235316867,0.0831508989972761,1.00388994124047,0.113176538885366,126.625605881285,10.6347625728088,1.0136656327813
480,"14.5","49.5",25.9378578340438,0.501308133442404,0.0160558816185278,0.0661629229781542,0.101920733258948,0,0.00976282573195585,0.0162027726519391,0,0,0.554746650647669,0.518912161229111,6.39348185507317,0,0.223516686416486,0.152068354992992,0.00166734718785682,0.0421802651742083,0,3.76032979320429,6.60573526853883,0,0.0359031712801428,7.71309606845458,0.685064110986649,0,0.0545603429661228,0.168162075445151,0.603353913844319,1.68329941975873,0.158548091294495,3.76032979320429,25.9378578340438,6.60573526853883,0,0.0421802651742083,0,0.511563955457721,0.859409941343501,1.70553706285188,0.168162075445151,0.00976282573195585,10.0200043497692,0.819621736995832,27.0286896979028,1.98429289274115,10.0534751341969
481,"15.5","49.5",112.812368288317,0.974882220221808,0.0560158381167716,0.197695980049242,3.17639783401627,0,0.260718000628115,0.247566271281228,0,0,0.345946195499112,1.39686952201399,7.01551951395484,0,3.71013115821099,0.157965382368235,0.191698650120082,0,0,5.17466675614777,0.832593882481901,0,0.121658905165963,7.55737315838501,0.090871378805224,0,0.2587396113378,1.15793454790033,0.844861383936393,0.485354975861014,0.812810336095578,5.17466675614777,112.812368288317,0.832593882481901,0,0,0,3.32263427768508,1.41288727132614,3.83700304467705,1.15793454790033,0.260718000628115,10.3189304057211,0.912945523154162,112.934055215551,5.39440022308369,10.362517460647
484,"18.5","49.5",128.750973925053,0.63046872749084,0.108606694097497,0.385856427647722,0.900744511106396,0,0.102292115225775,0.67347224699391,0,0,0.210149096544844,3.09547872165669,0.679545076272322,0,4.9656426852839,0.278025826807674,0.278379879356306,0.0423416828040918,0,9.00170491283605,1.26449091833131,0,0.15586600148532,2.42692379712832,1.2145430064587,0,0.142343412994292,0.813946091585805,0.18917072342384,0.983413953663226,1.32955931145452,9.00170491283605,128.750973925053,1.26449091833131,0,0.0423416828040918,0,1.09946873108434,3.33685459497376,5.27693122110943,0.813946091585805,0.102292115225775,2.57570872625915,0.28275113683116,129.071471317592,6.39155234907428,2.59320020915166
485,"19.5","49.5",7.93479480927162,0.439166039764653,0.0109422647189036,0.0243185093924299,0.415690949435971,0,0.854054711819007,0.396267179632794,0,0,0.134112747505523,0.213554246973962,1.25971741617992,0.214430379129143,1.11091304107781,0.00529326630261712,0.081214832225268,0,0,6.58911691953294,0.804375430817973,0,0.0290304149406944,0.592235806998809,0.394069698538402,0,0.00561782437547988,0.132220655043763,0.00707214475755204,0.111069689221423,0.387757908389989,6.58911691953294,7.93479480927162,0.804375430817973,0,0,0.214430379129143,0.604703047723052,0.455513109229736,1.24653444953343,0.132220655043763,0.854054711819007,1.3925676595359,0.134299085160518,10.3474842674786,1.46440718521164,1.63911268112979
486,"20.5","49.5",23.9644113052995,0.255227822993081,0.118648046239947,0.171978855186722,0.71076692570608,0,0.0355478585975964,0.699738266132983,0,0,0.0258493372329979,0.22278939395306,13.0512462766294,0.0522445813377693,2.43723648303041,0.0163008497508262,0.194374710937601,0.0309462349520592,0,5.27202539773014,7.5634815125561,0,0.0495183781630495,2.10444904099075,0.731754384653669,0,0.0419938993892917,2.13071121244595,0.0235788572840506,0.129798865809874,0.758298384721713,5.27202539773014,23.9644113052995,7.5634815125561,0,0.0309462349520592,0.0522445813377693,0.755202531978978,0.789228181054071,2.64983386293223,2.13071121244595,0.0355478585975964,13.2216440165333,0.034987865699509,25.6767833024387,3.57138093152531,13.221738096821
487,"21.5","49.5",9.74697759157364,0.652201158972264,0.0111028667065891,0.0333149545339487,0.0704703306643025,0,0,0.0454630259747464,0,0,0.427377650313425,0.109563622524199,2.13447446741642,0.00242161951439897,0.562389521947248,0.117850308751825,0.253501298154515,0.0112125273951364,0,0.307935466136639,0.389649360387404,0,0.00987449172825171,8.32254212048358,0.131181548054883,0,0.0151176030361609,0.237270532940931,0.0314513770139529,0.196619449134392,0.269816689171307,0.307935466136639,9.74697759157364,0.389649360387404,0,0.0112125273951364,0.00242161951439897,0.655997270778393,0.305737950043375,0.655598287566489,0.237270532940931,0,8.59279561620675,0.428533365216173,9.75962881625144,1.0049450402025,8.6034747251913
488,"22.5","49.5",91.532793586366,0.607248517473483,0.0731889475279771,0.337824107892961,1.60403276797499,0,0.134565088770418,2.90290910208521,0,0,0,1.41127912761768,1.90941397839915,0.168230721220401,13.7995923742807,0.0298575382588696,0.837034181556086,0,0,5.14467182732877,0.736763368285932,0,0.239245570191822,3.17190914166881,1.60755233053509,0,0.0638203701970008,0.224269505432932,0.108401832189756,0.34020554364737,1.48263947642927,5.14467182732877,91.532793586366,0.736763368285932,0,0,0.168230721220401,1.71513028155626,2.29707629227925,14.1834266163107,0.224269505432932,0.134565088770418,3.72673503873317,0.108401832189756,91.6803745180592,14.4719770165171,3.73073890392499
491,"25.5","49.5",0,0.222562882921677,0.405783755095109,0.54127651705647,1.00481220336682,0,0,0.549142999730217,0,0,0,0.277066682908925,5.33790346167158,0,0.888093426520784,0,0.445184383088303,0,0,1.13763644090855,7.47732913902677,0,0,5.49435397608013,1.39218825355455,0,0,0,0,0.617004712233853,0,1.13763644090855,0,7.47732913902677,0,0,0,1.02916558477696,1.4876636767291,1.21283254544925,0,0,7.69017423108273,0,7.56337674091552,2.17790904292382,7.69017423108273
497,"31.5","49.5",0,0.371046026910112,0.521126121316225,0.661544077054439,1.50768852529918,0,0,0.794580268712863,0,0,0,3.53793278160075,2.39038571285881,0.687760415082418,0,0,1.83274920843852,0,0,0,12.9490258506749,0,0,5.58720858365254,3.04356792113356,0,0,1.31183714099043,0,4.81297945151455,2.57611294140779,0,0,12.9490258506749,0,0,0.687760415082418,1.5526750604697,5.01390503686603,5.51656477266585,1.31183714099043,0,6.13514927395284,0,12.9672774656055,7.72680057576322,6.13514927395284
512,"-3.5","50.5",0,0.180958712571674,0.0082274207065406,0.0113764524556226,0.125723026515016,0,3.03114012881543,0.00810658368126907,0,0,0.232520343547406,2.30106840819154,6.72012536386124,0.0334763038702144,0.111534785972882,0.0553109994183285,0.123149260852136,0.00826344013957146,0,0,0.028416706209228,0,0.314514784563482,4.40488111621444,0.679670171230049,0,0.0681742328655511,0.11317176776778,0.0925217505838471,0.0323379091552986,0.0946962956566177,0,0,0.028416706209228,0,0.00826344013957146,0.0334763038702144,0.220345944032771,2.40250558819027,0.15006283337529,0.11317176776778,3.03114012881543,8.04175890278415,0.25025184214008,0.0446817250733764,2.41989920023902,8.59769287166725
514,"-1.5","50.5",0,3.30254754604642,0,0,1.14564896663521,0,4.46971300481164,0,0,0,0.128939637699313,5.33232919166208,2.05009459118902,0.147488652665572,0.0789581033376824,0.232379095459127,0.299568984557904,0,0,0,0.0576528563575995,0,0.239627304671657,4.57740204008832,0.619081693585653,0,0.242752834579716,0.530339561328119,0,0.580426079772995,0.85168462649414,0,0,0.0576528563575995,0,0,0.147488652665572,3.49561608999752,5.37649870530009,1.03368056921362,0.530339561328119,4.46971300481164,5.03247925949768,0.128939637699313,0.158356416072402,6.51734806084672,6.73207302937413
515,"-0.5","50.5",0,0,0,0,0,0,0,0,0,0,0,0,0,0,0,0,0,0,0,0,0,0,0,0,0,0,0,0,0,0,0,0,0,0,0,0,0,0,0,0,0,0,0,0,0,0,0
516,"0.5","50.5",0,5.21334331211788,0.125770931368212,0.0183940961936717,0.613293489353138,0,6.33640625804995,0.0149970365859174,0,0,0.561279131805781,1.60637844032049,2.5798604163792,1.26656091828487,0.387376219999808,0.310203078546662,0.605485347976628,0,0,0.011114669653713,0.0186460831938513,0,0.377797736911353,7.44859342370791,1.21436855278168,0,0.0622594760463894,1.00870529923254,0,0.0474630789927402,0.0163004958779186,0.011114669653713,0,0.0186460831938513,0,0,1.26656091828487,5.24929303755155,2.10279699023133,0.390901134509784,1.00870529923254,6.33640625804995,7.89912740446499,0.561279131805781,1.2667469250117,5.7573537891877,10.142055624124
522,"6.5","50.5",0.0109565172732511,0.0391113501534955,0.00309340654873386,0.0203468088249463,0.207206377144554,0,0.0785747552497183,0.0450406250793587,0,0,0.436748701496777,0.306505399389616,0.466442481599583,0.0017592609435456,4.15051154709573,0.0296630700027447,0.878239526000971,0.0016262853566992,0,0.00836026072852679,0.0325251139871196,0,0.283748575529648,3.49819226889359,0.497529090367787,0,0.259888731831377,0.387310801813182,0.0178606025266671,0.0784852288954972,0.297966948105161,0.00836026072852679,0.0109565172732511,0.0325251139871196,0,0.0016262853566992,0.0017592609435456,0.210865313506514,1.05488644917242,4.16217719394555,0.387310801813182,0.0785747552497183,3.55025021728766,0.43711374879056,0.0354056785447196,4.31636169152788,3.57792104816406
526,"10.5","50.5",0,0,0,0,0,0,0,0,0,0,0,0,0,0,0,0,0,0,0,0,0,0,0,0,0,0,0,0,0,0,0,0,0,0,0,0,0,0,0,0,0,0,0,0,0,0,0
527,"11.5","50.5",151.93976611469,0.362887900345357,0,0,0.642876524775058,0,6.61962431526282,0.985726158436029,0,0,0,1.62122722713678,1.20584188307535,0.0614514853826047,4.81389582406924,0.068001914715399,0.130700971145584,0,0,4.26944079459834,0.52838309252123,0,0,0.564001986081829,0.316246696238116,0,0,0,0,0.246893888693516,0.236416991873077,4.26944079459834,151.93976611469,0.52838309252123,0,0,0.0614514853826047,0.738226153914854,1.65694672175949,4.92565717957887,0,6.61962431526282,1.33295804423392,0,152.000669790178,5.2490521948072,6.75249607352027
529,"13.5","50.5",14.1521676739542,0.0521881410509557,0.00548384608050296,0.0272418530881671,0.35504386798908,0,0.327367640030471,0.228724489313757,0,0,0.113284130748111,0.765155091082038,2.1534831570362,0.0116306159127116,1.4385823717808,0.0299524324873588,0.515692077495691,0.012096297816693,0,4.62971105693476,2.62624836019234,0,0.0670563466745841,1.11338381199227,2.37972647158501,0,0.465076472801663,0.090535463444632,0.00297042257144895,0.470370348041533,0.231069337184093,4.62971105693476,14.1521676739542,2.62624836019234,0,0.012096297816693,0.0116306159127116,0.358858955946486,2.55235160425891,1.54805537217301,0.090535463444632,0.327367640030471,2.46973181519116,0.113323067773548,15.120037578772,3.00798114480142,2.49390996798124
530,"14.5","50.5",11.258369171579,0.136117246762946,0.0140122034137809,0.19017755422916,1.26017563501107,0,1.38175096955305,0.401628689553749,0,0,0.172199872941086,0.186415977029828,0.367839893391973,0.0286488680082109,3.12896379465077,0.036477766273136,0.146287981061979,0.0158752836284772,0,0.633761746850104,1.05666594833849,0,0.218770199451253,18.5134320339568,0.473994751127738,0,0.0583265552763943,1.17310100599069,0.137836581691611,0.221433374002843,0.101151758486025,0.633761746850104,11.258369171579,1.05666594833849,0,0.0158752836284772,0.0286488680082109,1.2675056354675,0.529926517539764,3.16401397750944,1.17310100599069,1.38175096955305,18.519487809379,0.220571347852241,11.3256410884319,3.64342463488202,18.5722727791482
531,"15.5","50.5",5.16708512539579,0.419350916530999,0.00150349640360065,0.0182663024935444,0.124704622743646,0,0.109503915195292,0.513032718570636,0,0.000241042826483707,0.0332166706567121,0.52483695953658,0.266595825863712,0.0346088020305728,0.422637784661995,0.305294393998434,0.128918430127228,0.000818598101720537,0,0.415224544225229,0.476847342258967,0,0.00864192657712339,0.58380458460497,0.641192599247208,0,0.0110409936628742,0.087730777002872,0.00506930591822926,0.233295494648126,0.575757196411846,0.415224544225229,5.16708512539579,0.476847342258967,0,0.000818598101720537,0.0346088020305728,0.43750021043312,0.838571252220979,0.909806827020309,0.087730777002872,0.109503915195292,0.711082484051503,0.0336012659286681,5.2057431690695,1.31531491700915,0.720248881734615
532,"16.5","50.5",4.22024067332933,0.0754776914549982,0,0.0138782330367087,0.521930505492811,0,0.171575869636004,0.219581057340009,0,0,0,0.214274560223943,1.68242024647135,0.0121708756836166,2.69708933428906,0.00816238826349387,0.0400148592504476,0,0,1.38681660124002,0.859352162123632,0,0.0323259532685341,0.241101045335661,0.28982925743484,0,0.0102472854311199,0.0503403901506837,0,0.156729674816455,0.159849694373463,1.38681660124002,4.22024067332933,0.859352162123632,0,0,0.0121708756836166,0.527359777070035,0.362651036928378,2.71525741572281,0.0503403901506837,0.171575869636004,1.70002258921653,0,4.52463544333238,2.79012205782737,1.70865885503451
533,"17.5","50.5",11.0034735036424,0.127113144127462,0.0295604342683534,0.187589615472664,0.242659329238389,0,3.03496338597465,0.186501883436298,0,0,0,0.178781928300838,1.56850420127951,0.300048224357554,1.14580872084163,0,0.0814288047769675,0.0280764349898119,0,1.34270803383629,1.6946204087141,0,0.210620469456108,6.03298710141165,0.0957640657678116,0,0.123750782929354,0.718096452468347,0.0323377263280122,0.0702153180328651,0.267592235652807,1.34270803383629,11.0034735036424,1.6946204087141,0,0.0280764349898119,0.300048224357554,0.273936674208463,0.218550644992764,1.19339698874689,0.718096452468347,3.03496338597465,6.24122405596592,0.0323377263280122,11.2179253680108,1.43619795769974,6.94009554685802
536,"20.5","50.5",8.07554788208898,2.15550324003384,0.0289377604970894,0.129678289087766,1.45998127793259,0,0,0.397010292326214,0,0,1.11766344527383,0.467709696779507,2.74679377638891,0.367306601040611,0.364016378459178,0.0360293669765252,0.119413207335421,0,0,1.35007249357157,1.86117570193382,0,0.110839502070504,2.49127758704956,0.149904138555386,0,0.562580763853404,0.614929540267341,0.208720458566273,0.309411605554646,0.0885922153754443,1.35007249357157,8.07554788208898,1.86117570193382,0,0,0.367306601040611,2.60340921672142,0.50545338588612,0.627462523403999,0.614929540267341,0,3.75487343924526,1.13698540303976,8.40452607030564,2.7937555785687,3.9232397774639
537,"21.5","50.5",6.15905521811835,0.350439774268509,0.00623548445984864,0.0950440308203905,0.227179897133232,0,0,1.17777615887113,0,0,0.0582322557338318,1.13274743526047,3.78116364637718,0.0335018252915513,1.93262871857214,0.0084994818931802,0.201466217057198,0,0,0.772131869398866,0.815513653702451,0,0.0487429342336993,0.612287578093298,1.8084886730366,0,0.0752604239035016,0.627474287294875,0.19864637014543,1.31188913063888,0.276470504419776,0.772131869398866,6.15905521811835,0.815513653702451,0,0,0.0335018252915513,0.417634698092519,2.14344038153763,2.63053216577133,0.627474287294875,0,3.83265953278778,0.2070057390021,6.26069754062958,3.47594287447749,3.83824575428005
540,"24.5","50.5",60.6164509838976,0.271022972800812,0,0.172459444425026,2.15050598877394,0,0,1.9483109752821,0,0,4.63883679247278,0.734649727528239,10.3919949893115,0.119075350763914,0.763431519079758,0,0.531073639440912,0.0993943322705407,0,1.42670309036722,8.41105815504124,0,0.140740785525187,3.98389639545523,3.59706321324074,0,0.136304433995526,0.36433650419489,0,0.266718733240171,1.11067479951075,1.42670309036722,60.6164509838976,8.41105815504124,0,0.0993943322705407,0.119075350763914,2.16751688794767,3.70953005011634,2.38400518742275,0.36433650419489,0,11.1325252964009,4.63883679247278,61.2140471546463,4.92696300718831,12.0603451966436
556,"-9.5","51.5",0,0.1620173380116,0,0,2.29538395114709,0,1.93458743426541,0,0,0,0,6.034300676244,0.71667945679945,0.190004603055289,0,0,0.664704398456577,0,0,0,0.505319610650074,0,0,2.34263836131483,3.00650064108813,0,0,0.804861683453845,0,0,0.447586636971796,0,0,0.505319610650074,0,0,0.190004603055289,2.30109476141249,6.77448615715684,0.447586636971796,0.804861683453845,1.93458743426541,2.44981304096908,0,0.539860776580166,7.21365621038302,3.12157211618117
561,"-4.5","51.5",0,0,0,0,0,0,0,0,0,0,0,0,0,0,0,0,0,0,0,0,0,0,0,0,0,0,0,0,0,0,0,0,0,0,0,0,0,0,0,0,0,0,0,0,0,0,0
562,"-3.5","51.5",0,0.0092196076267972,0.00335118119485236,0.00426124454657761,0.036943395012323,0,3.71456480611345,0.0108819606283056,0,0,0.0914985955947533,0.523546981455293,4.41816935533998,0.0209891114010574,0.101669706619587,0.251808859897123,0.0696385246585041,0.00632260944577962,0,0,0.00598755026343032,0,0.118408488359442,5.24927614559203,0.592361864622247,0,0.0695024426911489,0.965247927000362,0.00801676338031238,0.0150349976982513,0.0922015583399639,0,0,0.00598755026343032,0,0.00632260944577962,0.0209891114010574,0.038076444159462,0.793626829540375,0.138500270134513,0.965247927000362,3.71456480611345,6.86712521768357,0.0918491235173648,0.0227237528979472,1.25784706764056,7.80793421563304
565,"-0.5","51.5",0,0,0,0,0,0,0,0,0,0,0,0,0,0,0,0,0,0,0,0,0,0,0,0,0,0,0,0,0,0,0,0,0,0,0,0,0,0,0,0,0,0,0,0,0,0,0
566,"0.5","51.5",0,0,0,0,0,0,0,0,0,0,0,0,0,0,0,0,0,0,0,0,0,0,0,0,0,0,0,0,0,0,0,0,0,0,0,0,0,0,0,0,0,0,0,0,0,0,0
575,"9.5","51.5",1.09892884885981,1.05797060436941,0.00745235631577872,0.0291923756375892,1.84008190071578,0,0.150870748215072,0.502017596967752,0,0,0.747680920672308,0.529927207212902,0.243127399677634,0.0151667114326589,3.4016602925843,0,0.0911124399666119,0,0,0.053414270108206,0.0768780451831377,0,0.126110846360981,3.16315179363432,0.280327724805259,0,0.0815944488164153,0.048968258700751,0,0.0997332186925277,0.153888995271143,0.053414270108206,1.09892884885981,0.0768780451831377,0,0,0.0151667114326589,2.12254639550036,0.606389276748549,3.44339119932463,0.048968258700751,0.150870748215072,3.17617844808877,0.747680920672308,1.10301312869539,4.09050754771993,3.26648102335035
576,"10.5","51.5",7.33670445930835,0.525946133013491,0.017468771760195,0.0798333740210938,0.564906922343778,0,4.63280593849726,1.00070103418073,0,0.0188644843870801,1.06159519541133,1.36113245612826,4.66503639748225,0.212306205152122,7.00895779323587,0.0555559484363569,0.415270558652301,0.000544451644350769,0,1.88209999403132,0.754700115006496,0,0.199448748042036,3.76109055810041,5.60378852116392,0,0.0137482981321541,0.0921949658095258,1.14180626512157,0.41011562190332,0.892816514986602,1.88209999403132,7.33670445930835,0.754700115006496,0,0.000544451644350769,0.212306205152122,0.771841412301623,5.78165867117194,7.14790626188574,0.0921949658095258,4.63280593849726,5.99650736544735,1.55907212982315,7.61473434832314,9.22628744382633,7.73638787507653
580,"14.5","51.5",14.751791515013,1.90871045217547,0.0428136170059365,0.187096639287602,2.18404138919816,0,1.98037371040034,2.99683579406812,0,0,0.636360420921303,1.23195503845584,0.550399670018418,0,2.5273218819866,0,0.199773798767542,0,0,0.221672712309214,4.33933097315047,0,0.150006198766928,1.67786969413648,2.83213322254322,0,0.279063144106564,0.26567396812639,0.715916698758113,0.216052646945952,0.638844993686283,0.221672712309214,14.751791515013,4.33933097315047,0,0,0,2.90055380573685,3.09493156268176,3.97783638979616,0.26567396812639,1.98037371040034,1.80427347249773,0.957857664204788,15.3783706870505,5.82113208568444,2.84513164920003
586,"20.5","51.5",60.4959837826309,2.58148262631885,0,0.682889244935685,10.6644489321687,0,0,2.22446156443287,0,0,0,1.94788640041612,2.15636490234033,0,3.2586496762761,0.690730859917944,0,0,0,2.89586005247755,7.62267001306433,0,0,7.3855160721463,2.88331510068645,0,0,0,0,1.70846110443321,2.50596859528057,2.89586005247755,60.4959837826309,7.62267001306433,0,0,0,10.9724438288296,3.47962173213879,4.97651935696296,0,0,7.75494707175158,0,61.0430598626899,12.540655321227,7.75494707175158
605,"-10.5","52.5",0,0.033206135672135,0,0,0.0730484628098502,0,4.27329010062231,0,0,0,0,0.382952338296389,0.909072320877553,0.30572167091218,0,0.102794863061173,0.269857675400762,0,0,0,0.066396295996523,0,0.456194701730062,3.07435403352651,0.339996595031388,0,0.106197565782657,0,0,0,0,0,0,0.066396295996523,0,0,0.30572167091218,0.0802416685093119,0.578855200384615,0,0,4.27329010062231,3.241608168916,0,0.312848538733032,0.584390339052136,5.36367707872683
606,"-9.5","52.5",0,1.02919450603793,0,0.0172206850452217,2.54364513869702,0,2.89763688697216,0.00565266074033141,0,0,0.121241854148688,7.95860997105672,4.91865212245051,0.312915712942027,0.00836121915673422,0.0626139939402012,1.03499326898063,0,0,0,1.5419506054155,0,1.12205196671929,1.67203064630385,3.15064686469322,0,0.0963205141057617,2.31958475439728,0.126570265396555,0,0.436220378563627,0,0,1.5419506054155,0,0,0.312915712942027,2.74397010240193,8.62190578725144,0.43633711878939,2.31958475439728,2.89763688697216,5.31613774328252,0.175270132310003,1.57338104505782,9.35080182878352,6.05709003182012
607,"-8.5","52.5",0,0.0848233144947296,0.00958210410601177,0.0203267158142588,0.188967012010627,0,2.04486551685425,0,0,0,0.18759005576321,1.08539152709012,1.07447809888032,0.0876023835690963,0.0379050979880234,0.0437364821845079,0.238027255108465,0,0,0.038929552546265,0.0673260370511216,0,0.170103883092695,2.10540043456175,0.413024305965458,0,0.22206391781318,0.245879519817302,0,0,0.214545074955857,0.038929552546265,0,0.0673260370511216,0,0,0.0876023835690963,0.207131664189945,1.18546228053521,0.217867816901203,0.245879519817302,2.04486551685425,2.38073093007857,0.18759005576321,0.117143002067765,1.2474563995542,3.14396958835063
608,"-7.5","52.5",0,0,0,0,0,0,0,0,0,0,0,0,0,0,0,0,0,0,0,0,0,0,0,0,0,0,0,0,0,0,0,0,0,0,0,0,0,0,0,0,0,0,0,0,0,0,0
609,"-6.5","52.5",0,0.00505559356553806,0.00465868244390315,0.00116578092936469,0.00369556875492196,0,4.52295777147669,0.00340531418087616,0,0,0.448806712368505,0.882455213016206,0.707366835951018,0.0467655028546533,0.00604958590933054,0.00338550118764054,0.296656409605443,0,0,0.00526539918564788,0.0595957996867764,0,0.408236680204221,3.35906189694455,0.393677489732259,0,0.0230954749856893,0.250000793874198,0,0.0169592339554363,0.391491119212834,0.00526539918564788,0,0.0595957996867764,0,0,0.0467655028546533,0.00626228829760059,1.01079879019583,0.391919769459538,0.250000793874198,4.52295777147669,3.45700589819032,0.448806712368505,0.0759367896749605,1.11258928322496,5.71046970465224
612,"-3.5","52.5",0,0,0,0,0,0,0,0,0,0,0,0,0,0,0,0,0,0,0,0,0,0,0,0,0,0,0,0,0,0,0,0,0,0,0,0,0,0,0,0,0,0,0,0,0,0,0
613,"-2.5","52.5",0,0.435456512333539,0.0225798187770866,0.0131259034734817,0.161434777490992,0,0.18362476462277,0,0,0,0.322264052760896,1.06702028931402,2.05647529289591,0,0.0209356551323331,0.10819808543493,0.142233412041124,0,0,0,0.0928487236135968,0,0.485507474335102,1.64306142351644,0.472111170254107,0,0.144923759632792,0.147790190558598,0,0.167836512808272,0.158896427348802,0,0,0.0928487236135968,0,0,0,0.464417443166442,1.1754367692,0.232067816191031,0.147790190558598,0.18362476462277,2.68288107055276,0.322264052760896,0.0928487236135968,1.29345760334138,2.70839860667055
615,"-0.5","52.5",0,0.0653568823185968,0.0613149605333585,0.0941089194783915,0.157338031072345,0,0.192503624988353,0.0595154022303127,0,0,0.433381460250506,0.652447025430735,2.37382974351982,0,0.240766196554304,0.138283666483371,0.363375447140981,0,0,0,0.0772461621487036,0,0.349463718558779,2.88505282781006,0.754564964866284,0,0.21051677354248,0.502422818794026,0,0,0,0,0,0.0772461621487036,0,0,0,0.170372468691773,1.06164830465742,0.248012992615027,0.502422818794026,0.192503624988353,3.76254940944734,0.433381460250506,0.0772461621487036,1.21246155989413,3.79231528149428
616,"0.5","52.5",0,0.282399757628971,0.0814602704566272,0.0724672663465137,0.316186758269497,0,3.01401119462532,0.00207899347805654,0,0,1.34180127049916,9.63326929210601,7.94027774756208,0.145572267646907,0.0247940932289905,0.0593345062716049,1.0472888181377,0,0,0,0.100712056937489,0,0.00619596891194851,6.03852036327066,0.9696743951936,0,0.266656628944232,0.679975658154591,0.108357612484208,1.14133818818309,1.04486235362516,0,0,0.100712056937489,0,0,0.145572267646907,0.423938308264156,9.73842695487947,1.54758174811578,0.679975658154591,3.01401119462532,9.97989433299991,1.34616938818874,0.177014698599983,9.89313193116925,10.5116471782907
622,"6.5","52.5",3.23056574215318,3.75212280773426,0,0,2.36065538420978,0,0,0.988001009638851,0,0,0,2.68154959728925,0,0,4.31425675820416,0,0.738420830621553,0,0,0.118281261932486,0.291413192181797,0,0,0,2.51177530247741,0,0,0.278454389653767,0,0.186630371095515,0.675415070205207,0.118281261932486,3.23056574215318,0.291413192181797,0,0,0,4.43295831328451,3.74766443748016,4.48106837520175,0.278454389653767,0,0,0,3.24583843095673,7.3385024884933,0
624,"8.5","52.5",0,0,0,0,0,0,0,0,0,0,0,0,0,0,0,0,0,0,0,0,0,0,0,0,0,0,0,0,0,0,0,0,0,0,0,0,0,0,0,0,0,0,0,0,0,0,0
627,"11.5","52.5",1.67231785189758,0.997531373942087,0.0183613872718048,0.0467465585854544,1.91045581197409,0,0.497894807722604,4.38335100403836,0,0,0.550121422905873,0.644180114112968,0.397868605823452,0.0186419056844889,3.93793674941652,0.0230963916872116,0.228986042461822,0,0,0.204884982430127,1.03964415511017,0,0.185770632738924,1.14104511900817,1.87402381693379,0,0.233715453621535,0.104842963504972,1.17997408144504,0.0996554571518144,0.477264326441237,0.204884982430127,1.67231785189758,1.03964415511017,0,0,0.0186419056844889,2.15520538499336,1.99483530485502,5.91259877840893,0.104842963504972,0.497894807722604,1.24598268726058,1.30191106179418,1.97985664726086,6.6025824119385,1.86958404714318
628,"12.5","52.5",1.56041723478161,0.480294679427773,0.0407984512006888,0.0786329396128165,1.65539464504585,0,0.829701135950293,0.750199766498615,0,0,0.412294655440046,0.310877104273823,3.54352236819484,0,0.801335065037519,0.0935470967821222,0.185121504139202,0.0686392390216473,0,0.226359504545323,5.60238662740459,0,0.177491337363079,2.55658575806875,1.27822606966337,0,0.137107801271471,0.134431164820987,0.228359822151851,0,0.225644236107838,0.226359504545323,1.56041723478161,5.60238662740459,0,0.0686392390216473,0,1.72366307900735,1.32844888137388,1.12064842720719,0.134431164820987,0.829701135950293,4.37716597222386,0.471312095407758,5.82044567365393,2.45147210382531,4.47996886313614
629,"13.5","52.5",4.76203321729239,0.859251031994819,0.00980469695064201,0.159837769167236,2.59741331344355,0,1.73275835851514,0.996306401099456,0,0,0.24433746789292,2.9473056500747,3.24754321713465,0,1.52768298528084,0.0284618059179042,0.400842578231955,0.00630175393641419,0,0.0809560687942546,8.88557871104337,0,0.211579450189907,5.73952345989424,4.25777114059981,0,0.111464569744412,0.250297141064376,0.222655360435674,0.0539948021215245,0.241642806399429,0.0809560687942546,4.76203321729239,8.88557871104337,0,0.00630175393641419,0,2.73584872696536,5.19383292503816,1.8405837207063,0.250297141064376,1.73275835851514,6.60093258765876,0.330569520293483,10.0815208669089,6.1572043820067,6.83257189962656
630,"14.5","52.5",3.96419545332241,0.269173675295351,0.0260424424361704,0.252748629779218,1.1503348240662,0,1.29189208125043,1.50081516525843,0,0,0.174493412969751,0.980443983075156,1.25738310554192,0.140309559854577,4.4480642336778,0.00921488229291207,0.385223578456145,0.00891374357266833,0,0.0602001706447414,4.11835165045494,0,0.217811758589473,4.20923085694876,1.3109613489142,0,0.0586138419258216,0.156224487418577,0.828000762274899,0.315368174120352,0.321844015233759,0.0602001706447414,3.96419545332241,4.11835165045494,0,0.00891374357266833,0.140309559854577,1.18140792063174,1.68175125024296,4.71601126404329,0.156224487418577,1.29189208125043,4.40615015842129,0.846187457657962,5.71830885812438,5.14676405867585,4.66895893981208
633,"17.5","52.5",0.657405747522197,0.497048951337491,0.00870848666685772,0.0732326660262856,2.08762835780357,0,0.246775367630226,2.2893185272958,0,0.000788893215014876,0.401940765456849,1.33615281563902,1.0728192669733,0.0404399072097122,0.306622325224684,0.0847741515276615,0.244590068690183,0.0317889324875795,0,0.0412429057290875,1.1261314098849,0,0.170659143043019,2.85049704240864,0.958942203799765,0,0.326014315283331,0.351007966679534,1.48593045425132,0.506468969836953,0.399786789077549,0.0412429057290875,0.657405747522197,1.1261314098849,0,0.0317889324875795,0.0404399072097122,2.1459845806369,1.66273834341736,2.3981946305976,0.351007966679534,0.246775367630226,3.06990390128485,1.53933287297049,1.30564205232574,3.6392983798943,3.44307329852278
634,"18.5","52.5",0.258379886736409,0.697033190609249,0.0489148976575545,0.149843514293446,3.07074248029702,0,0.320689403755382,4.99755732269839,0,0,1.40231911192547,1.9691765576159,10.4455910811309,0,0.349084171849941,0.022931520076755,0.192230982137919,0.0292496797960444,0,0.0690717625941437,2.45557021392583,0,0.0594132544803803,8.33643368265695,1.46662211793732,0,0.0690306642468627,0.0608409033408576,0.258529373220554,2.18364970493104,0.600199371240007,0.0690717625941437,0.258379886736409,2.45557021392583,0,0.0292496797960444,0,3.14885926155991,2.46284175341833,5.49781813738639,0.0608409033408576,0.320689403755382,13.3656337802423,1.42595102597854,2.47026551073882,6.79783862994602,13.4453093817035
635,"19.5","52.5",5.1432391172737,1.02174521007966,0.0167991671805558,0.0743566857203523,4.26312932058729,0,0.497820257832237,9.9108131060079,0,0,0.140163392235666,0.963486970278849,0.214123192650269,0.0452466128454729,0.535731730938716,0.0715679594461523,0.34043100074471,0.0262551324788218,0,0.151606249767001,5.02513323923828,0,0.113878285341311,1.32650270486412,2.2411071599273,0,0.0964422214446442,0.128751518233954,0.134573548528918,0.370826604441486,0.676595582034238,0.151606249767001,5.1432391172737,5.02513323923828,0,0.0262551324788218,0.0452466128454729,4.38386072752908,2.46307972068355,9.95522570622798,0.128751518233954,0.497820257832237,1.3559722103128,0.194308559993311,7.19239832965859,11.1538375640048,1.45747777366772
636,"20.5","52.5",1.42024880242768,0.937393149304311,0.0219750206285952,0.118384988964762,6.31436359934259,0,0.217573634219448,4.59418068786897,0,0,0.18340807685153,0.482190231213392,0.429199594506262,0,0.246457714427905,0.0388547272710147,0.330441276844786,0.0117450748359559,0,0.0986001611652903,4.58736567259757,0,0.136459203023126,1.70338211566117,1.48210143162544,0,0.308967582647848,0.188069164844262,0.336802248017447,0.271180746372743,0.478010724519226,0.0986001611652903,1.42024880242768,4.58736567259757,0,0.0117450748359559,0,6.38356433202215,1.59321169658857,4.63349445319058,0.188069164844262,0.217573634219448,1.79326869210131,0.383502642655801,4.8032166735937,8.04940109261087,1.84667949717924
641,"25.5","52.5",3.64086163137005,1.4827608426251,0.0471143256426282,0.103418642670624,3.64058498434034,0,0,2.78686020476887,0,0,0.930040327887977,1.25695311374286,0.535599610036348,0.158395811019854,0.375737922007796,0,0.381907709436408,0,0,0.923206844365216,10.6539344157838,0,0,1.26367794416011,1.18137009331049,0,0.100682193235612,0.214562921402948,0.31423035228528,0.658557922460287,0.719486438622981,0.923206844365216,3.64086163137005,10.6539344157838,0,0,0.158395811019854,3.9309590108047,1.76675406495734,2.97642874256326,0.214562921402948,0,1.38086964199925,0.981690239227887,11.2977693402298,5.24204387405024,1.69425992515624
656,"-9.5","53.5",0,0.317785233339875,0,0.0115439582796636,2.20461448498258,0,4.5281519583198,0,0,0,0,3.59010230786899,6.27408630785656,0.0359616736559099,0.034146221387017,0.575156694822674,0.220351435729382,0.0270858402772199,0,0,0.045585397874747,0,1.10600601379993,3.42554860749153,0.529904353912996,0,0.12154741876057,2.28893911870296,0,0,0.240714415228975,0,0,0.045585397874747,0,0.0270858402772199,0.0359616736559099,2.22740038653222,3.63568259897508,0.243124236007105,2.28893911870296,4.5281519583198,7.25723803005395,0,0.0640695966512684,4.84539494011343,8.55404372110038
658,"-7.5","53.5",0,0.127165323722274,0.0169541172475872,0.0202925233431564,0.181600719207164,0,5.74219417723984,3.44011716933931e-06,0,0,0.195194783798646,10.1783296276787,7.87145019085215,0.144349547104231,0.118840229476369,0.0102681242256506,1.17503388171641,1.05121813707367e-05,0,1.19594922449299e-06,0.0422272660533842,0,0.40674949662262,1.03131268828021,0.342420617283172,0,0.0276726156426762,0.169286308838856,7.58552148433507e-06,0,1.41686317647237,1.19594922449299e-06,0,0.0422272660533842,0,1.05121813707367e-05,0.144349547104231,0.221697633667908,10.2516511115041,1.42183833855935,0.169286308838856,5.74219417723984,7.94923578450808,0.195194783946038,0.150399248201167,10.3535396105938,9.80822331161514
659,"-6.5","53.5",0,0.427686254306529,0.000729990931800275,0.0711948783859495,1.94554651524844,0,2.00759527088636,0,0,0,0.15907725279198,1.1291249953456,4.31381902230157,0.168553767213465,0,0.110009509231323,0.0968282900842275,0,0,0,0.247660642368185,0,0.448050919973143,7.82394408601675,3.38824430439806,0,0.178442482764479,3.4404572374601,0.0229207639171725,0,0.295444657853503,0,0,0.247660642368185,0,0,0.168553767213465,1.99200069656567,3.57274382501191,0.295444657853503,3.4404572374601,2.00759527088636,8.94834612096268,0.160720047829729,0.29957664498434,5.3531858517078,9.17219537548167
662,"-3.5","53.5",0,0,0,0,0,0,0,0,0,0,0,0,0,0,0,0,0,0,0,0,0,0,0,0,0,0,0,0,0,0,0,0,0,0,0,0,0,0,0,0,0,0,0,0,0,0,0
663,"-2.5","53.5",0,0.267376510000536,0.0287421090596561,0.0224997714105261,0.396770807290456,0,1.82616265699958,0.0187074313672726,0,0,1.56302138236323,2.01715337788654,4.18768128558852,0.376799157145683,0.0516157287418101,0.0274014795578391,0.296648928196044,0,0,0,0.026698195012959,0,0.449866477059554,2.77736148224014,1.05402007537337,0,0.117635310851126,0.162159064281364,0,0.0179056407166287,0.138458001262236,0,0,0.026698195012959,0,0,0.376799157145683,0.478452998337336,2.29518335995385,0.150017937343891,0.162159064281364,1.82616265699958,5.0466535898424,1.56302138236323,0.377743826478537,2.35490655251552,5.58986747136402
665,"-0.5","53.5",0,0,0,0,0,0,0,0,0,0,0,0,0,0,0,0,0,0,0,0,0,0,0,0,0,0,0,0,0,0,0,0,0,0,0,0,0,0,0,0,0,0,0,0,0,0,0
666,"0.5","53.5",0,0,0,0,0,0,0,0,0,0,0,0,0,0,0,0,0,0,0,0,0,0,0,0,0,0,0,0,0,0,0,0,0,0,0,0,0,0,0,0,0,0,0,0,0,0,0
674,"8.5","53.5",0.250335829123651,0.043822562635403,0.0129049219917944,0.0218073967239131,0.372419463479663,0,11.1306031261841,0.329984991058175,0,0,0.702485732640485,1.7803607991201,8.16275205194972,0.0481395392331575,0.990859265498151,0.00681183437863388,0.116570331780727,0,0,0.0170130704914769,0.0428540183818422,0,0.0667332244704508,2.12877152718168,0.675275175679387,0,0.240481735304301,0.120485619530264,0.140685665278095,0.0111829602076625,0.0153850318932477,0.0170130704914769,0.250335829123651,0.0428540183818422,0,0,0.0481395392331575,0.374988898201552,1.90768702364509,1.04453527281397,0.120485619530264,11.1306031261841,8.43950013718011,0.716434687168467,0.259058591904661,2.21030703175473,13.9867354010527
676,"10.5","53.5",0,0,0,0,0,0,0,0,0,0,0,0,0,0,0,0,0,0,0,0,0,0,0,0,0,0,0,0,0,0,0,0,0,0,0,0,0,0,0,0,0,0,0,0,0,0,0
677,"11.5","53.5",1.0162069273011,0.288898058611594,0.00134701494972386,0.0166122257502506,0.381695574611075,0,0.267231879049864,3.77144018806958,0,0,0.0347960314442069,4.21852790059778,17.51253489749,0,9.70103763247612,0.00346745619673645,0.0983813126229377,0,0,0.00817166170221722,0.0469271901634006,0,0.0273039470997666,3.53081318455178,1.4262691702708,0,0.0229664705736022,0.0124581876064782,0.0763897662760471,0.215038439611468,0.311738634465165,0.00817166170221722,1.0162069273011,0.0469271901634006,0,0,0,0.478699905940274,4.45420029599706,10.4152443440196,0.0124581876064782,0.267231879049864,17.8649680393796,0.0839414093042006,1.01732269036248,11.3378359411697,17.8671637952259
678,"12.5","53.5",0.534805967794467,1.09605245517676,0.0309448316555812,0.0395110116822121,1.22777265804895,0,0.291869012903964,0.981205903229702,0,0,0.0384899393810296,3.04619298622426,0.490439199933913,0,2.14920925622556,0.00218482166714029,0.101688112286241,0,0,0.100531391547974,0.41614749785917,0,0.140810451677293,1.27377556115266,2.27869865554619,0,0.00483310547638293,0.0929544223680759,0.0252004158230654,0.483846196385756,0.0661929261109023,0.100531391547974,0.534805967794467,0.41614749785917,0,0,0,1.64583008975762,3.80553540836112,2.41254100417019,0.0929544223680759,0.291869012903964,1.37310203820683,0.0460058299698064,0.685056730387781,4.79790069197791,1.40453311260807
679,"13.5","53.5",2.72932813182194,0.317643702923626,0.0070991560186607,0.0269913488261095,1.97325324248108,0,0.227230445926614,1.59347332010806,0,0,0.308159258478113,1.16835948660577,8.43381705596038,0,12.5024070490913,0.0178383190836509,0.658092692317976,0,0,0.0429086394337666,1.15836090724855,0,0.0389390112884843,7.5024894946571,1.12414490646724,0,0.0114384007521007,0.283588740383148,0.361979185815793,0.509335112441411,0.0914060507373057,0.0429086394337666,2.72932813182194,1.15836090724855,0,0,0,1.99865601867083,1.74981474801199,12.6141633319829,0.283588740383148,0.227230445926614,11.2880185582331,0.475385169677857,2.96527792861553,12.8939527171827,11.3003091863064
680,"14.5","53.5",0.78291196898869,0.648206183218563,0.00796639104644911,0.0898155377848011,1.42958748629404,0,1.62122982157707,2.4914846635654,0,0,2.33770945741725,0.406132656228532,7.4743588653669,0.136175588616481,14.2927316647225,0.0398409454061715,0.378453602783979,0.0158933710917508,0,0.0275062343926183,5.86066355468044,0,0.138300284026141,14.2005449079906,1.39666812301071,0,0.110077948043888,0.109428944676109,0.316134194589971,0.259402964912476,0.20752821749508,0.0275062343926183,0.78291196898869,5.86066355468044,0,0.0158933710917508,0.136175588616481,1.56967883241486,1.50294800633611,14.5120650538717,0.109428944676109,1.62122982157707,16.0487531556348,2.35898841376703,5.91437920964284,14.6742887789637,16.3020149159899
681,"15.5","53.5",4.51606222950867,0.923516156762832,0.0149018851998346,0.0882565310538139,3.28103079176151,0,1.00647692098574,2.06305614353075,0,0,0.391130962096149,0.878649256383045,1.65082305998492,0.0783485749348407,1.02072210308854,0.0226464004169319,0.214097421611812,0,0,0.088901615533618,6.81463008975326,0,0.111427527942577,1.08871302684444,1.21963771261695,0,0.174045319860608,0.123380985472747,0,0.211645001745684,0.22884973562818,0.088901615533618,4.51606222950867,6.81463008975326,0,0,0.0783485749348407,3.4085253627176,1.51834725004553,2.32276560835451,0.123380985472747,1.00647692098574,1.99041323308893,0.391130962096149,8.17606527110713,4.39703155082388,2.26444784891212
683,"17.5","53.5",0.87871809432548,0.779188013621798,0.0195267120344749,0.158853573161622,2.14163394168261,0,2.13943594393913,4.44318867701827,0,0,0.118764805765675,1.47664629674649,0.8699382703323,0.0679324553219352,0.569239138009083,0.0273595853638373,0.508913095927739,0.137516010507786,0,0.00249126630629339,1.13841763614423,0,0.00244713165512441,5.67024219558024,1.23281953362467,0,0.165364279125358,0.0563432667484303,0.0913414076397312,0.679435211109673,0.0830283748845818,0.00249126630629339,0.87871809432548,1.13841763614423,0,0.137516010507786,0.0679324553219352,2.278975625306,1.98980421835628,4.5314991705788,0.0563432667484303,2.13943594393913,5.74126769808652,0.149827673806163,1.44626134623694,5.44891824354078,6.12876735332225
684,"18.5","53.5",0.313980071226692,0.661707190782556,0.0299505257292979,0.0265990170283947,3.32194800651798,0,8.68880824940519,5.01755545660854,0,0,0.927392002466865,2.29547100812777,15.638654870607,0.0366767359837498,0.591700428283962,0.0173984404986175,0.527354894654333,0.00984064755782906,0,0.491931260765661,4.00922970390613,0,0.188847917538348,1.69989861669525,2.56014198643778,0,0.109781531123433,0.102773392932121,0.214346637744064,0.315593473701617,0.736413895610848,0.491931260765661,0.313980071226692,4.00922970390613,0,0.00984064755782906,0.0366767359837498,3.38721049897141,3.4787378925111,5.11545470347117,0.102773392932121,8.68880824940519,15.7323489739125,0.951840536724344,4.0516594983335,7.05359847756412,17.9974496370805
685,"19.5","53.5",0,1.00509781501117,0.0278341071019083,0.0683193207778241,3.04461054842012,0,0.243252871766302,11.0942642436871,0,0,0,1.02667787823471,0.840086200497846,0.0622776002817539,0.48308438674248,0,0.453964371887885,0,0,0.183995341788492,5.62769451363759,0,0.0834887933312435,1.52910780450285,2.1363800222769,0,0.137414231665428,0.23943402710862,0.276255510371166,1.12840316393126,0.608612138888948,0.183995341788492,0,5.62769451363759,0,0,0.0622776002817539,3.20622441655154,2.41335258845116,11.1785406949853,0.23943402710862,0.243252871766302,1.75362790204885,0.276255510371166,5.63104593518143,11.879446386438,1.79184259506164
686,"20.5","53.5",0.740590450421981,0.385659222494922,0.0590926321467415,0.117793251108644,2.64256986960449,0,0.604277223622131,1.06580628630632,0,0,2.38942923623773,0.76791433628452,0.855598556728823,0.0101250944392478,0.128311535644907,0.0841456493913411,0.222982421990216,0.0219915795414767,0,0.0919494038905502,1.20094985903969,0,0.0456235498442578,0.386853388374836,1.66503500240259,0,0.466761729719914,0.111795526023894,1.67756658660297,0.264660037531462,0.150974638137847,0.0919494038905502,0.740590450421981,1.20094985903969,0,0.0219915795414767,0.0101250944392478,2.67056333975378,1.84709370298686,1.11590553674432,0.111795526023894,0.604277223622131,1.06117865343085,2.91952080442568,1.41414130099069,3.43531761352952,3.16462522662007
687,"21.5","53.5",6.22116879840287,0.489627039286757,0.0412814190078032,0.142023467697966,2.79045546411001,0,0.374611919616819,3.18634714970488,0,0,0.425122581411135,0.550662398484715,1.03703699070356,0,0.612218247812385,0.0994452713752415,0.48205680056075,0.183464067798817,0,0.793402745945129,4.2481637236214,0,0.247081623643662,1.76902929340937,0.909240963245317,0,0.209963259381266,0.556328529728381,1.80629298458005,0.318591955690909,0.499272032167746,0.793402745945129,6.22116879840287,4.2481637236214,0,0.183464067798817,0,2.83308600906893,1.16718763072399,3.29824085501995,0.556328529728381,0.374611919616819,2.08370066060159,1.85564639825824,7.57713555523199,4.53614345791772,2.81523819395078
690,"24.5","53.5",0,0.529953363285642,0.0198226798557214,0.0775323449206496,2.84143091810288,0,0.630497078177846,1.40450675866268,0,0,0.758669062364668,0.66119594742185,1.27657595606804,0.045114188716638,0.137673609367041,0.0709341544048307,0.264792015671154,0.0621010601994501,0,1.73435565523053,9.82941386764293,0,0,1.87698938727825,0.854196151147026,0,0.124552045933144,0.369209599052757,0,0.672772564389062,0.712822921243306,1.73435565523053,0,9.82941386764293,0,0.0621010601994501,0.045114188716638,2.89042907361671,1.11218072141386,1.71823534426742,0.369209599052757,0.630497078177846,2.27589200119844,0.758669062364668,9.98154588988814,3.56092328097867,2.48048175016449
706,"-9.5","54.5",0,0.441019679865827,0.00589705708842366,0.00624637497279174,4.138793542682,0,5.91875059849657,0,0,0,0.0300282793179033,6.55475686817018,16.9428050995243,0.973582595216167,0,0.0221718558068979,0.396481227097593,0,0,0,0.402364352358924,0,0.387954513258777,4.93170458702955,5.28462811327174,0,0.0733607802110344,0.604607442417658,0,0.0309597563482716,0.597877490213288,0,0,0.402364352358924,0,0,0.973582595216167,4.16222420671631,8.42907641796223,0.598678544643855,0.604607442417658,5.91875059849657,17.6504053966559,0.0300282793179033,1.05345153745061,9.43914221558643,18.6163723912867
707,"-8.5","54.5",0,0,0,0,0,0,0,0,0,0,0,0,0,0,0,0,0,0,0,0,0,0,0,0,0,0,0,0,0,0,0,0,0,0,0,0,0,0,0,0,0,0,0,0,0,0,0
709,"-6.5","54.5",0,0.25612808749739,0.00885466044316516,0.00377544411415922,0.793873877033208,0,0,0,0,0,0.0368257698756154,5.19963542661577,0.672938116577001,6.67455745441751,0,0.0502167471158245,1.17117886639655,0,0,0,0.040543677926057,0,0.395549882706405,3.40762827855154,2.93155261630262,0,0.00862231216079428,0.381745335719118,0,0,0.484310778478267,0,0,0.040543677926057,0,0,6.67455745441751,0.834168645922878,6.08291617967586,0.484310778478267,0.381745335719118,0,3.49627296248206,0.0368257698756154,6.67468059176918,6.17073682879903,3.49646689752814
710,"-5.5","54.5",0,0.46704068535807,0,0,0.611247531647837,0,0,0,0,0,2.78063476687047,14.3011185793707,3.46235039002892,9.95630669299552,0,0.364837956128352,0.220861936532364,0,0,0,0.0302773112237044,0,0.419268476536729,14.3530909223252,0.159819688629475,0,0.0732368331077963,2.67953763051007,0,0,0.299440079826472,0,0,0.0302773112237044,0,0,9.95630669299552,0.769253239658637,14.3037168228787,0.299440079826472,2.67953763051007,0,14.7754304732972,2.78063476687047,9.9563527298184,14.5759271324522,15.0348021396349
713,"-2.5","54.5",0,0.183251667862913,0.0132492819173801,0.020177867242605,0.262464558314603,0,7.30010518243904,0.00823817298190402,0,0,0.996880147864606,1.16537221709031,13.651131557814,0.0560084227915269,0.0472331927419236,0.482430836837417,0.132514917575982,0,0,0,0.0349858735343113,0,0.341235899000974,2.07442570315472,0.439580350281182,0,5.80948494023571,0.997836511303731,0,0.0625978913847513,0.15627285066361,0,0,0.0349858735343113,0,0,0.0560084227915269,0.320107510292744,1.25255079421933,0.175038686726745,0.997836511303731,7.30010518243904,14.9918816103375,0.996880147864606,0.0660375254726678,1.64245808329684,16.704544888211
714,"-1.5","54.5",0,1.0300861036062,0.198616001259531,0.0358121242646621,0.0681227980582632,0,0.276187319274681,0,0,0,1.23832936434164,1.2277635648297,2.74213736811455,0,0.0970954444005559,0.0172857964289029,0.401172082684654,0,0,0,0.0266572347259398,0,1.17862586849321,2.56217688974754,2.2153075619492,0,0.28259398463749,0.196852629405336,0,0.855115543581919,0.407902211941706,0,0,0.0266572347259398,0,0,0,1.03233623227023,2.56435762035606,0.952383500857548,0.196852629405336,0.276187319274681,3.9489385511755,1.23832936434164,0.0266572347259398,2.93043228755512,4.14775297370504
715,"-0.5","54.5",0,0.395701952502738,0.00349066876121962,0.0110210650756335,0.358266619658359,0,10.9359650520799,0,0,0,0.160882449435166,0.748643040384416,0.56243339335698,0.00295922293730128,0.00864210591881084,0.00799826016229571,0.00675551437822892,0,0,0,0.0111256786716636,0,0.0361931492379473,9.44481452166509,0.171869357838677,0,0.0455498884584906,0.195480839724801,0,0.0175743669597027,0.0461311968112858,0,0,0.0111256786716636,0,0,0.00295922293730128,0.533793036649886,0.768147847132579,0.050116181897545,0.195480839724801,10.9359650520799,9.46173530742742,0.160882449435166,0.0115125030422476,0.956927641683436,14.4618688215136
724,"8.5","54.5",0.6695880047889,0.81791371239279,0.0715444185980479,0.0635566091747036,1.24221203152585,0,0,0.849793428216296,0,0,0.608309191132973,0.92686811273892,2.83796716766824,0,2.63450105623879,0,0.345442835761791,0,0,0.106323909054118,0.463294536229224,0,0.179100923608885,1.36482862687774,0.752518943658706,0,0.185244522576575,0.200135931023535,0,0,0.323319818020677,0.106323909054118,0.6695880047889,0.463294536229224,0,0,0,1.4873041290159,1.24285961063853,2.78698410305617,0.200135931023535,0,3.16107031650553,0.608309191132973,0.821154490393604,3.40060411772949,3.21906906075487
725,"9.5","54.5",0.351462699566888,0.474511072506133,0.00751464240513686,0.0146676335365666,0.339280162127238,0,6.89747922973233,0.237650506211002,0,0,0.254386776354572,3.99548464591392,7.08776322907448,0.0741678996080899,4.38421574303999,0.00435431056155628,0.0773319584039905,0.0031528580430312,0,0.0138850975615239,0.170208474431396,0,0.119221426034506,5.86922356991596,0.530032902158482,0,0.0467566168391413,0.0704270651893003,0.115415471748486,0.0111157361751862,0.268786588250866,0.0138850975615239,0.351462699566888,0.170208474431396,0,0.0031528580430312,0.0741678996080899,0.583328197796065,4.03122967156363,4.39888568096925,0.0704270651893003,6.89747922973233,9.20330719926624,0.279344524025435,0.397744349721672,5.99551829761085,11.5045259133855
726,"10.5","54.5",0.187317267631977,0.690539829422127,0.0100687091864137,0.0255169779785228,0.552778838204363,0,0.841574163419115,2.46890994713871,0,0,2.31860081583541,4.08856726649791,11.6171695866294,0.00448166839682882,9.03343222348509,0.242197297713467,0.277455989895887,0.00174908415712487,0,0.00351742893770176,0.0182863183314743,0,0.137036347822364,5.75547394818304,2.78457708237734,0,0.210622212915693,0.319628478656246,0.529005847939276,0.0674028499065769,0.309335309255035,0.00351742893770176,0.187317267631977,0.0182863183314743,0,0.00174908415712487,0.00448166839682882,0.884539258588846,4.95451648969992,9.37009314474017,0.319628478656246,0.841574163419115,12.9694511169906,2.37818353588334,0.188302058258983,10.6409798069618,13.2125193009846
727,"11.5","54.5",0,0,0,0,0,0,0,0,0,0,0,0,0,0,0,0,0,0,0,0,0,0,0,0,0,0,0,0,0,0,0,0,0,0,0,0,0,0,0,0,0,0,0,0,0,0,0
728,"12.5","54.5",0,0.567291348274755,0.0308831955240421,0.126820510478093,0.808787224580034,0,3.04664850971714,0.479630235656849,0,0,0.473879206825172,1.70107249367126,1.55001826236816,0,1.17612340964934,0.0586304283285064,0.235560829640183,0,0,0,0.768342010066872,0,0.356893409497661,2.33782290784012,0.735848695960865,0,0.138765050130818,0.117916324254536,0,0.152764297151011,0.391274082335246,0,0,0.768342010066872,0,0,0,0.98790497947488,1.86831738110339,1.33781305707216,0.117916324254536,3.04664850971714,2.83462095309888,0.473879206825172,0.768342010066872,2.50403956043086,4.18828181861848
729,"13.5","54.5",0.621023109345861,1.86125783533312,0,0,1.27975601882174,0,0.982248873776647,0.719416783491179,0,0,0.0440452855217943,1.15932809077293,0.637428891223306,0,9.99726782430032,0,0.235537191467872,0.0172540723442134,0,0.0613498691242126,0.568452698485735,0,0.0457515784770165,0.956246933608857,0.434310790819221,0,0.0641854219976482,0.0985272897178202,0.0444001176856687,0.07171363604436,0.155625944983644,0.0613498691242126,0.621023109345861,0.568452698485735,0,0.0172540723442134,0,2.25877316198404,1.26021635191811,10.0245841180323,0.0985272897178202,0.982248873776647,1.15192741296172,0.0625408476693242,0.844316103252409,10.353366400223,1.51514387844698
732,"16.5","54.5",0.731921568280822,1.0905011252477,0.00480524297668716,0.0227856533893223,2.26100289888909,0,1.35798491564411,9.51168573006458,0,0,0.153294425025819,0.614370917015789,0.815897835776891,0.680392994126917,2.88894743079317,0.0201815494283154,0.165107860433737,0.00590862289931447,0,0.0791738108538495,1.80421060935379,0,0.0521017146317789,0.642944204321958,1.3515271953005,0,0.0405838266421364,0.0405583163303947,0.0385480426965576,0.0721274979919976,0.184275465276776,0.0791738108538495,0.731921568280822,1.80421060935379,0,0.00590862289931447,0.680392994126917,2.51024437315401,1.49376637694409,9.94270297798693,0.0405583163303947,1.35798491564411,1.04133459332093,0.158066860346285,2.06400657354237,10.3629943687784,1.71857088847203
733,"17.5","54.5",3.08696935748019,0.312224442799577,0.0128904992434174,0.0490433111326211,1.38160470677708,0,0.391332499722896,1.28584134475898,0,0,0.174112042646678,0.179022789683612,4.44675223679628,0.0904573835762449,0.762394315766217,0.0206269957517362,0.0661461101465269,0.0237487631129005,0,0.259928885434288,3.56265238341461,0,0.0409332581212062,0.702996146365133,0.654780977329722,0,0.0470518487641005,0.0911625451877848,0.112345444630523,0.067065033601324,0.187362210997981,0.259928885434288,3.08696935748019,3.56265238341461,0,0.0237487631129005,0.0904573835762449,1.41644472834985,0.682028295150931,1.50805682036395,0.0911625451877848,0.391332499722896,4.50274308945567,0.207211250476002,4.7220950209147,2.1803725018785,4.52446383092008
734,"18.5","54.5",0,0.000865706561147776,0.0074894277170332,0.0301336363068782,0.996269738103296,0,0.0473722576563292,2.84919783363892,0,0,0.796233707170322,1.16156612166447,6.05845497495995,0.0308530752007005,0.0441993878369123,0.00488544423991283,0.150917064105847,0,0,0.0669350556915731,0.826186038202824,0,0.00883517833306934,0.259091448909648,1.89492028210105,0,0.0574840945937897,0.0512152075738911,0.374241859637909,0.130643284863183,0.066573996283565,0.0669350556915731,0,0.826186038202824,0,0,0.0308530752007005,0.996270114230202,2.22771961672803,2.85331064659263,0.0512152075738911,0.0473722576563292,6.06435285411004,0.879798321173344,0.829467047959744,3.75490259190686,6.12802290758508
735,"19.5","54.5",19.9691342132746,1.6067543868541,0.0264518662385912,0.0813765334869227,2.45028830115395,0,0.119195701878782,4.78230613360168,0,0,1.08240599633097,0.933136068760076,1.50185832112688,0.0974099540401937,0.943840644751813,0.0527946708251813,0.26989549195542,0,0,0.530504290254065,4.26918872838451,0,0.104039694765204,3.65160453143919,2.00732351673861,0,0.0749141595416842,0.388716028157079,0.0612804035941964,0.771371111019305,0.61826412858111,0.530504290254065,19.9691342132746,4.26918872838451,0,0,0.0974099540401937,2.9301147449284,2.23000766820447,4.97378638883649,0.388716028157079,0.119195701878782,3.95175145711991,1.08413930320688,20.4275112808062,6.20065785308453,4.09950060653168
738,"22.5","54.5",0,1.3111969689106,0,0,4.62790880258201,0,4.02681204118545,4.24299732924688,0,0,0,1.88656680648385,1.9416271610799,0.309697269209873,0,0.220121265176019,0.521241574075551,0,0,5.08289841212381,3.27461423571837,0,0,2.82406679494199,1.39393141939456,0,0.355195809467901,0.74649300257454,0,1.30880141318184,1.01648390500621,5.08289841212381,0,3.27461423571837,0,0,0.309697269209873,4.81007041282104,2.40288824039878,4.55513194147871,0.74649300257454,4.02681204118545,3.45251889631083,0,6.05432630928464,7.08640445355157,5.30425319384543
739,"23.5","54.5",0,2.04737795936472,0.11263867375451,0.261067090128399,7.33087307885103,0,1.07320115136474,2.56096397198962,0,0,4.43612223723608,4.44069195253898,3.20258901257121,0,0.69178357655091,0.190429766296015,0.952194262663723,0.27432997392027,0,0,0,0,0,0,0,0,0,0,0,0,0,0,0,0,0,0.27432997392027,0,7.61140306426583,4.54163174764249,2.65275347188811,0,1.07320115136474,3.22082029546926,4.43612223723608,0.27432997392027,9.25186340801267,5.58610996944186
740,"24.5","54.5",0,0.406767072890714,0.0163353178558618,0.211777730831283,0.215346703642067,0,0,0.789685842570167,0,0,0,0.0511847313561703,5.84365584917743,0.071868280238874,0.0280805239351455,0.00817791136537087,0,0,0,1.01972881516707,12.0850308427906,0,0,3.10417674186678,0.0122904993223058,0,0,0.065612314789149,0,0.818504852268853,0.0956441854044545,1.01972881516707,0,12.0850308427906,0,0,0.071868280238874,0.460253902055793,0.0526396532814847,1.1417049746627,0.065612314789149,0,6.62037842245381,0,12.1281895754225,1.23385566922421,6.62037842245381
741,"25.5","54.5",0,0.411598213430114,0.154257441301251,0.240599666877993,2.15149387806196,0,1.77009438652971,0.178518167106598,0,0,2.26454740158926,0.654212392285987,8.68020843478557,0,0.312424779698828,0.226368563661736,0.74269791642637,0.310627270112524,0,0,0,0,0,0,0,0,0,0,0,0,0,0,0,0,0,0.310627270112524,0,2.19051112680054,0.989744436349417,0.359830486419592,0,1.77009438652971,8.6878619208546,2.26454740158926,0.310627270112524,2.43051661686945,9.15097556696028
745,"29.5","54.5",0,0.429279214038803,0,0.220463261376458,2.95892283850854,0,0,0.371660494427909,0,0,0.879739885993135,0.691242084640407,1.06920654815563,0.212510546970102,0,0.10040116028323,0.394747557810521,0,0,2.04708781201987,5.94811915279021,0,0.363811057840452,3.88718148647826,0.802874567866633,0,0.990620768764282,0.831845069391846,4.41282155089872,0.557984234997154,0.616072968207082,2.04708781201987,0,5.94811915279021,0,0,0.212510546970102,2.98990050132997,1.1305966680043,0.910507458387487,0.831845069391846,0,4.17441672420894,4.49965957679949,6.29411238368712,3.42618503364987,6.13780834618015
759,"-6.5","55.5",0,0.162877618636665,0,0.00410919820453107,0.722789358558838,0,4.93228790684765,0,0,0,0.0592092243280844,15.4569049161744,5.36095747905905,4.62728636283388,0.0155714281761044,0.391869746272392,0.165883224090925,0,0,0,0.027365673617172,0,0.151183094839937,9.17670764439238,1.72011001667502,0,0.2636599016032,1.06807144058898,0.0274528984979855,0,0.187253806343213,0,0,0.027365673617172,0,0,4.62728636283388,0.740914013566114,15.553205627817,0.187900126038981,1.06807144058898,4.93228790684765,10.6394445314763,0.0652640320657107,4.62736728213365,15.6085630964616,11.727297358227
761,"-4.5","55.5",0,0.0256613897192242,0.00689091971628308,0,0.526082071234588,0,4.8600072989613,0,0,0,0,15.5918027612301,5.35954437156314,0.120280970868005,0,0.0129691116228941,0.121240292195675,0,0,0,0.104501751245445,0,0.495758069733257,3.87370625105447,0.00963004310247192,0,0.056977461977247,0.143797857987208,0,0,0.239611618907226,0,0,0.104501751245445,0,0,0.120280970868005,0.526707558894683,15.5922771041078,0.239611618907226,0.143797857987208,4.8600072989613,6.63170823903785,0,0.159336524269593,15.6036732116434,8.2218747931162
762,"-3.5","55.5",0,0.655734655708727,0.0135439919125206,0.0830625828081304,1.18328625944512,0,2.33902626797612,0,0,0,0,13.9752626936059,17.2205836146901,0,0,0.848683880421384,0.311875843101335,0.978329870906216,0,0,0.0658100233732835,0,0.0404758638697606,5.10055781122809,5.56608465293237,0,0.606364217288812,1.49182641625661,0,0.0931222088466196,2.24389396339904,0,0,0.0658100233732835,0,0.978329870906216,0,1.35283195944251,15.0461467579049,2.24582543060656,1.49182641625661,2.33902626797612,17.9905767844459,0,0.980540817857046,15.3455519448439,18.1419926391597
774,"8.5","55.5",0,0,0,0,0,0,0,0,0,0,0,0,0,0,0,0,0,0,0,0,0,0,0,0,0,0,0,0,0,0,0,0,0,0,0,0,0,0,0,0,0,0,0,0,0,0,0
775,"9.5","55.5",0,0,0,0,0,0,0,0,0,0,0,0,0,0,0,0,0,0,0,0,0,0,0,0,0,0,0,0,0,0,0,0,0,0,0,0,0,0,0,0,0,0,0,0,0,0,0
776,"10.5","55.5",0,0.575648320343578,0.0360011194549203,0.0823012422156039,0.101330207077282,0,1.75676771752294,0.135454610483984,0,0,0.224582526599825,0.967685655588036,2.55833985059532,0.236363367754031,5.47127228603907,0.0462273196804087,1.83989780766586,0.0039771973411279,0,0.0292198701151636,1.15024038206154,0,0.256633496191051,1.43426063447736,1.04443437941965,0,0.0514186275861936,0.107998690379177,0.500289983102208,0.66014888509382,1.16434782495815,0.0292198701151636,0,1.15024038206154,0,0.0039771973411279,0.236363367754031,0.584498759263617,2.32647429463517,5.63424092380295,0.107998690379177,1.75676771752294,2.94633968264738,0.548386158146218,1.17464471098683,6.12457802201576,3.47388510421974
777,"11.5","55.5",0.538039558456597,0.772220012059214,0.0174788001770681,0.108245449201074,0.761102423736083,0,0.363032813692213,0.545883484361943,0,0,0.216509724573035,2.15494771237047,0.4736236393454,0,8.9604925344548,0.0882735566731447,0.429985065371868,0,0,0,0.32103716288597,0,0.313944690350621,1.90848513193983,0.737990709944501,0,0.152923033214326,0.165530212566164,0.270847887075028,0.221059938103688,0.351686038525735,0,0.538039558456597,0.32103716288597,0,0,0,1.08425119157955,2.31804164920693,8.98671051077354,0.165530212566164,0.363032813692213,2.00209799455598,0.346749244797589,0.626539245712543,9.34544187235786,2.06407951455124
778,"12.5","55.5",0,0.328670525823875,0.050709399308948,0.203882133686746,0.89958654506337,0,0.406007257136662,0.401640927859994,0,0,2.8420230801111,0.633519240017231,1.24934578034404,0,1.02017015297197,0.220080333082825,0.313971069559097,0,0,0,0.372404337478673,0,0.74383833991143,3.04018013896642,0.628457260985375,0,0.276756893826239,0.259027000896811,0,0.186417727459361,0.396342453223854,0,0,0.372404337478673,0,0,0,0.957747496266314,0.945982552099843,1.18063605115451,0.259027000896811,0.406007257136662,3.39499996039126,2.8420230801111,0.372404337478673,1.8091875878308,4.44611761110618
779,"13.5","55.5",0,3.49201928619744,0.0123384488955472,0.0922602900043265,7.24178675434696,0,14.554035854549,0.359284088535438,0,0,0.448590948405465,3.76936981438359,1.54407632561548,0.0365682808192305,1.48398361537754,0.166825580680102,0.415095709876601,0.441221702497855,0,0.0505083016544626,0.415415322113466,0,0.35192466186567,4.28159327448032,5.8171430778945,0,0.0355415654441982,0.22534037562155,0.0209246568434614,13.0062065648576,0.748071249785507,0.0505083016544626,0,0.415415322113466,0,0.441221702497855,0.0365682808192305,8.03975584769898,6.94403390218107,13.1168712820354,0.22534037562155,14.554035854549,4.56922551541362,0.449078701627378,0.609208345559902,16.8807692786679,15.2610436453887
786,"20.5","55.5",0,1.10289971276311,0.106820939916098,0,6.46087297516403,0,1.10107591309033,0.387384618076427,0,0,0,1.35932647810006,5.45527130197026,0,0,0.192539256799692,0,0,0,2.6015834415939,9.59097829654314,0,0,3.36151880410807,0.313839647011152,0,0.229929057175109,0,0,0.787154223540388,0,2.6015834415939,0,9.59097829654314,0,0,0,6.55433195509793,1.39508558809128,0.877313292934565,0,1.10107591309033,6.41569505965016,0,9.93756011747034,6.75834371644988,6.50949393308014
787,"21.5","55.5",0,0.134173277179953,0.210474258464372,0.839383352034911,1.5092263699511,0,1.62568950936936,0.161500383927227,0,0,0,1.10627570174397,19.9062512193697,0.256059345744963,0,0.0703274571310484,0.188409149011091,0.209416615145442,0,1.48044401625118,10.9512476510623,0,0,6.53905506469283,0.56880248915701,0,0.0444956986716661,0.277353569610241,0,1.41156949057355,0.0250209676099915,1.48044401625118,0,10.9512476510623,0,0.209416615145442,0.256059345744963,1.51517876967207,1.25812567232825,1.42099853960054,0.277353569610241,1.62568950936936,20.9707860699431,0,11.0558112007846,2.44434219444798,21.0337047324572
788,"22.5","55.5",0,0.443704383028219,0.0158117263362609,0.0243376742084788,4.21737272962322,0,0.476550778471234,0.282559470557712,0,0,0.565236295002052,0.489177585726094,0.412789914692967,0.0350569372596355,0,0.0377556205978967,0.350897584213245,0.0881241784355991,0,4.87907036982059,6.94242355096918,0,0,0.432807529601113,0.453899185345981,0,0.109315786267957,0.358810763731347,0,0.377899034378143,0.685552444507258,4.87907036982059,0,6.94242355096918,0,0.0881241784355991,0.0350569372596355,4.24064928048619,0.753955101740977,0.83224376762801,0.358810763731347,0.476550778471234,0.60986525761136,0.565236295002052,8.48596295622293,4.40146901255188,0.958398844996464
791,"25.5","55.5",0,1.32026412365652,0.0269590766105335,0.0869624028447797,11.6914839098043,0,0.289057783938188,0.393699524715949,0,0,0.62712465927224,1.117229158734,0.786085050523344,0,0.0682013142466716,0.237355190721128,0.259448953205355,0.033082632557991,0,2.52200885011056,3.53125088826142,0,0.0404913312641159,0.850093400948228,0.688048375296294,0,0.0609035424376834,0.482575886188431,0,0.332901984336179,0.907146350942349,2.52200885011056,0,3.53125088826142,0,0.033082632557991,0,11.7657933591164,1.33750712865117,1.04565241272113,0.482575886188431,0.289057783938188,1.18767168201633,0.62712465927224,4.33951102504188,11.8974403609676,1.37382814244944
792,"26.5","55.5",0,0,0,0,0,0,0,0,0,0,0,0,0,0,0,0,0,0,0,0,0,0,0,0,0,0,0,0,0,0,0,0,0,0,0,0,0,0,0,0,0,0,0,0,0,0,0
794,"28.5","55.5",0,1.34043915802586,0,0.0579293480756487,4.52477401288947,0,0,0.504329754328895,0,0,0,2.74228015972028,0.721694817061979,0.187401405756267,0.383274765160478,0,0.562011907947174,0,0,3.24892509133472,4.62133571684131,0,0.146898199319802,0.978798863146318,0.916829113295946,0,0,0,0,2.14751124303769,1.48120157453281,3.24892509133472,0,4.62133571684131,0,0,0.187401405756267,4.71914791080858,2.94559560735294,2.68458762011636,0,0,1.22630563637395,0,5.65220110609459,6.1768844230913,1.22630563637395
797,"31.5","55.5",0,0.668684879256175,0,0.494290357860025,4.17964943465546,0,0.905670726124001,0,0,0,0,1.21725917145496,0,0.45094545153809,0,0,0,0,0,7.03097495169306,6.28164285717391,0,0,2.3535079473415,0.971537685658503,0,0,0,0,2.17264383197522,1.75948965588704,7.03097495169306,0,6.28164285717391,0,0,0.45094545153809,4.23280153850397,1.55743550914505,2.7957440994829,0,0.905670726124001,2.40485396980212,0,9.43912059233709,5.30644884073152,2.56973969114207
808,"-7.5","56.5",0,0.0469395739113984,0.0370793648590339,0,0.22233507036192,0,0,0,0,0,0,0.364977906400857,3.9172992302211,2.15106413336487,0,0,0,0,0,0,0.21817017190215,0,0,4.2436299271527,0.285987248353619,0,0.112230544266786,0.853029565786832,0,0,0.25472125723409,0,0,0.21817017190215,0,0,2.15106413336487,0.227236016317448,0.463678313469184,0.25472125723409,0.853029565786832,0,5.77646940544842,0,2.16209970393518,1.02916283672062,5.77646940544842
809,"-6.5","56.5",0,0,0,0,0,0,0,0,0,0,0,0,0,0,0,0,0,0,0,0,0,0,0,0,0,0,0,0,0,0,0,0,0,0,0,0,0,0,0,0,0,0,0,0,0,0,0
810,"-5.5","56.5",0,1.17410075190401,0.00299825425405518,0.0153795819169381,0.669354504600369,0,11.4300678178412,0,0,0,0.305702864713904,1.63201127150088,9.08163883884396,3.81026242721805,0.124248968832633,0.355089052865242,0,0,0,0,0.0922476802643463,0,0.093229585489235,5.16261493905786,0.267727278089168,0,0.0908357768883653,0.175130049783955,0,0,0.163893601895479,0,0,0.0922476802643463,0,0,3.81026242721805,1.35149843819753,1.65382547015668,0.205667009990048,0.175130049783955,11.4300678178412,10.4533264398798,0.305702864713904,3.81137893665583,2.15282515953454,15.4923186844524
811,"-4.5","56.5",0,1.10330773140246,0,0,1.080016301418,0,1.00291177715508,0,0,0,0,2.44436304470337,1.11637480058734,0,0,0.191498511761872,0.131940615608222,0,0,0,0.18016839077745,0,0.296943498316248,4.21826387508466,0.762434564435031,0,0,0.646644857777354,0,0,0.300765757143902,0,0,0.18016839077745,0,0,0,1.54393107407716,2.5639082443418,0.300765757143902,0.646644857777354,1.00291177715508,4.37777225725939,0,0.18016839077745,3.07667974603551,4.49118269158429
812,"-3.5","56.5",0,0.351323076734366,0.00885860006539776,0.03316661269996,1.41060317874154,0,5.33175249759318,0,0,0,0.921135679910929,3.91535962784815,9.36143911596965,7.3446153223611,0.0142359087449831,0.117220991446627,0.0591514492711099,0.0091408056722045,0,0.0101918914439162,0.156501352781643,0,0.300516320770995,3.24309863158133,0.63094921799319,0,0.179551949859725,0.309523512912539,0,0.00857598603678728,0.121364937746657,0.0101918914439162,0,0.156501352781643,0,0.0091408056722045,7.3446153223611,1.45369502720544,3.96631274926982,0.122497578541572,0.309523512912539,5.33175249759318,9.91421702797293,0.921135679910929,7.34629527965378,4.23741389516488,11.2945905155585
813,"-2.5","56.5",0,0.0306746124495998,0.0155942634528281,0.030528321729447,0.0496103999058273,0,0.452749672935472,0,0,0,2.59460764467943,0.238315582420262,2.76734326841399,0.19844057759316,0.0712647473116943,0.0550793452996469,0.144183155639682,0,0,0.0452332837562668,0.476215319806752,0,0.428425530315321,2.44278848401328,0.110673150543964,0,0.370039288444626,0.223481583705562,0,0,0.266327182870604,0.0452332837562668,0,0.476215319806752,0,0,0.19844057759316,0.0583277260635905,0.29971927773477,0.275696994080806,0.223481583705562,0.452749672935472,3.73498202761962,2.59460764467943,0.517885840329246,0.468173706944698,4.57023651935145
824,"8.5","56.5",0,0.180122986599782,0.0102343415840645,0.027666531573345,0.307759325557997,0,5.42177520927319,0.063539134700266,0,0,0.280373517703085,0.486255265938115,1.07120603401356,0.042777305989345,0.106988894916715,0.0398402793793978,0.188587493347968,0.0127330554869855,0,0.0133410957312749,0.114066461224828,0,0.124313685374101,3.56400363712732,0.314566154654769,0,0.206048808921272,0.0534321039216425,0.184948235609433,0.116512105647427,0.0717144638487755,0.0133410957312749,0,0.114066461224828,0,0.0127330554869855,0.042777305989345,0.356595138454717,0.609065917577158,0.184937503934364,0.0534321039216425,5.42177520927319,3.72960744896443,0.335879679772749,0.123211894804872,0.731558784250869,6.58926652234864
825,"9.5","56.5",0.0581367043269279,0.0809186339977053,0.00281927645801675,0.0396879810218708,0.593222716055414,0,3.56395210903966,0.082455904293931,0,0.00998160019452485,0.0557347042913863,1.54162120148482,0.364607551667608,0.0104835110723481,1.97664205881972,0.0860230435667064,0.0841189365015795,0.00502843040260542,0,0.015336935407837,0.126639076428897,0,0.0846546079883743,3.12701712325492,0.44597972293711,0,0.0251520538618438,0.179952434108423,0.111158451834933,0.576095630778336,0.351859237736688,0.015336935407837,0.0581367043269279,0.126639076428897,0,0.00502843040260542,0.0104835110723481,0.598716139896209,1.60703759682738,2.0903835858935,0.179952434108423,3.56395210903966,3.15086604483775,0.124348537091465,0.140668911893079,2.70981867815975,4.75869457169889
826,"10.5","56.5",0,0,0,0,0,0,0,0,0,0,0,0,0,0,0,0,0,0,0,0,0,0,0,0,0,0,0,0,0,0,0,0,0,0,0,0,0,0,0,0,0,0,0,0,0,0,0
828,"12.5","56.5",0,1.68076496613916,0.0119029940972442,0.0331388317362535,4.71032934654551,0,14.4127436594439,0.508516752877028,0,0,0.292929227228258,4.57880042940408,3.86998630936672,0.177012931148448,0.411839484602624,1.0390020337497,0.24391176655525,0.0678341689218446,0,0.0159066712504207,0.340716525804837,0,0.0861790655488605,5.91584170004966,6.07372863545027,0,0.0955861995955797,0.0671731750665825,0.105162525801485,3.49069547818149,0.16548771413508,0.0159066712504207,0,0.340716525804837,0,0.0678341689218446,0.177012931148448,5.00121719427667,7.61019617744928,3.55535401246637,0.0671731750665825,14.4127436594439,7.14641908211362,0.311234138547641,0.390225352090135,9.77610933209125,16.0902253613502
829,"13.5","56.5",0,0.504264648249652,0.00413509810423743,0.0174553549441711,4.51086708877822,0,9.21223449872689,0.19993819284579,0,0,0.0283662245815487,1.146472795475,0.801122353003533,0.894045931085189,1.4203490229517,0.035438695921089,0.0779127026317294,0.00811027440886753,0,0.0409656013902206,0.420239432180537,0,0.0491173692440133,2.42250499691486,0.588812224385827,0,0.0303165720980024,0.0643891454020316,6.73293072623417,0.436800586811458,0.0856647100396768,0.0409656013902206,0,0.420239432180537,0,0.00811027440886753,0.894045931085189,4.53896516048502,1.2911894111949,1.5018321554499,0.0643891454020316,9.21223449872689,2.55249618700709,6.73299048023723,0.988768559521212,4.95267812490046,11.6924617618013
830,"14.5","56.5",0,2.5278999485866,0.00304988399083646,0.0224417800188152,2.96661403910332,0,0.219953206872732,0.128947231891072,0,0,0.128601938317153,1.84420525987831,2.0143064353554,0.0424903610465168,1.18123496865469,0.0880566884973004,0.108406450732761,0.0879470851279841,0,0.0714461404312096,0.785975192017052,0,0.0530110270713733,4.26487184538397,5.77037767822772,0,0.138582385391525,0.121335149356622,0.609373357018133,1.43182083921988,0.133246016909434,0.0714461404312096,0,0.785975192017052,0,0.0879470851279841,0.0424903610465168,3.89757322023192,6.05888632906346,1.86542457806033,0.121335149356622,0.219953206872732,4.71983521272373,0.622795589886825,0.79523686660839,7.44282954463436,4.76582607690031
831,"15.5","56.5",0,0.847976587050235,0.016749983624063,0.0433658925136784,6.9428325895503,0,11.2402686513775,0.425647987687549,0,0,0.257851615240599,1.93169284470744,1.70513968066253,0.102023095433478,0.832517414829974,0.177400792792885,0.257897734591242,0.431958392833458,0,0.0215758459668367,3.65409318251569,0,0.159418142098951,3.67032282788099,2.79160133486082,0,0.193507742392778,0.0822389594722112,0.0957672476242361,0.688155356381532,0.325008691897567,0.0215758459668367,0,3.65409318251569,0,0.431958392833458,0.102023095433478,6.994425541723,3.40455378876556,1.20559109972793,0.0822389594722112,11.2402686513775,4.05897309497106,0.275061486216642,3.68101334808473,7.87230514560401,11.9538512941243
832,"16.5","56.5",0,0.199770296268604,0.0352416134475033,0.105771896667059,4.10107538981929,0,0.678603940277407,0.184738411436747,0,0,0.386167858981393,4.1513017475263,5.40016250441509,2.15587520732585,0.0470827392489456,0.05564073140288,0.367120774235745,0.994259795315471,0,0.419198377517741,5.37691306345431,0,0.133038014571254,4.52862778793772,0.663512106588451,0,0.280116966383241,0.195990963728396,0.117668293830775,0.084003895075874,0.232702735518038,0.419198377517741,0,5.37691306345431,0,0.994259795315471,2.15587520732585,4.10593808090827,4.21999196414872,0.312333607703131,0.195990963728396,0.678603940277407,7.05563001441991,0.403697216590997,5.89264557069252,5.89940882140715,7.09967532009926
837,"21.5","56.5",0,0.737053367673792,0.29921422139707,2.68435219924706,2.22482816066082,0,0,0.0383286905755032,0,0,0.125515158426712,4.09706918841032,32.2694629891965,0.0165537013507874,0,0,0,0.0145009931336934,0,30.0567059566523,11.7588268564381,0,0,0.243606045225705,0.0268485524873634,0,0.0310941722955233,0,0,0,0,30.0567059566523,0,11.7588268564381,0,0.0145009931336934,0.0165537013507874,2.34373804237348,4.0971571582491,0.0383286905755032,0,0,32.3832337521106,0.125515158426712,32.2750068366868,4.72030442653668,32.3834769952028
838,"22.5","56.5",0,0.798251189098422,0,0,4.10075060035511,0,0,0,0,0,0,0.967909013997327,0,0.623393432255522,0,0,0,0,0,9.24074974950561,3.16138546913883,0,0,1.58425045297178,1.07191023364208,0,0.289757676501725,1.10302898009037,0,1.97395176166304,2.55440217902005,9.24074974950561,0,3.16138546913883,0,0,0.623393432255522,4.17772192076134,1.44424354191525,3.22822800458007,1.10302898009037,0,1.61053066063114,0,9.78644130360212,5.58366625399906,1.61053066063114
842,"26.5","56.5",0,0.433900794113107,0.16445044632422,0.0611118390130151,2.29981455002641,0,0,0,0,0,0,1.07627539925151,3.28384864487342,0,0,0.0585075782345949,0,0,0,3.84415343160364,7.22107264919043,0,0,1.10601328914368,0.0998603514030213,0,0.0912787446908208,0.360050388577854,0,0,0,3.84415343160364,0,7.22107264919043,0,0,0,2.34038818652914,1.0808981565422,0,0.360050388577854,0,3.47123333561811,0,8.18055045889921,2.60295869555715,3.47123333561811
843,"27.5","56.5",0,0.117005287210209,0.0608609253269047,0.0165011686040266,7.67682279162672,0,0.171768716718816,0.341611351087663,0,0,0.410963057370397,0.229610389670576,8.70092080608437,0,0,0.155739082680134,0.373605084559235,0.424509487390893,0,3.3412892326472,0.689548767485476,0,0,2.82698269614726,0.189403625199892,0,0.0988109510413861,1.84348205515677,0.28365499847025,0.371151030209154,1.3053700468213,3.3412892326472,0,0.689548767485476,0,0.424509487390893,0,7.67771440021538,0.477677112171023,1.39944358998693,1.84348205515677,0.171768716718816,9.15072940506846,0.499350370662105,3.43800807791805,8.03320249240657,9.16595351992951
844,"28.5","56.5",0,0.216161415456212,0,0.113038150053446,1.82387347723792,0,0,0.130483280768899,0,0,0.276305121178329,0.298904120685228,4.11693474717701,0.591355948860503,0.0591611476606972,0.0380437637100838,0.137139128015347,0,0,2.51325206931725,4.39299948153255,0,0.131313539744483,0.68061451765372,0.23223670908615,0,0,0.140109688959089,0.15172905916644,0.484525551220538,0.170874744537995,2.51325206931725,0,4.39299948153255,0,0,0.591355948860503,1.83663829277949,0.402597445151586,0.533375211328046,0.140109688959089,0,4.17658425405251,0.315224090743243,5.09554533557748,1.95945011734058,4.18846299477318
858,"-7.5","57.5",0,0.0332773528470108,0,0.00368233521855923,0.196354145513239,0,12.0276109161945,0,0,0,0.0126131707409518,0.254990319976551,9.75615691651441,0.264711291188533,0,0.00475244310030599,0.103660742718654,0.0122218633014345,0,0,0.0480938828872085,0,0.116491279504207,2.92615539482464,0.143352765991164,0,0.0221301950751053,0.0518543477135327,0,0,0.14234498949201,0,0,0.0480938828872085,0,0.0122218633014345,0.264711291188533,0.199154042571921,0.310347592837522,0.14234498949201,0.0518543477135327,12.0276109161945,10.1862200684727,0.0126131707409518,0.269322229302425,0.39865891494241,15.7614295901988
859,"-6.5","57.5",0,0.0643968422364849,0,0,0.946324177568478,0,1.09137709264264,0,0,0,0,1.21609128545091,2.90557219508455,0.0558836933741053,0,0.446438774749633,0.111051152022761,0.0903864140268207,0,0,0.151961961065986,0,0.819613080197937,3.04047045565876,0.19645485516002,0,0.230239231713894,0.898806942658845,0,0,0.135075544546643,0,0,0.151961961065986,0,0.0903864140268207,0.0558836933741053,0.948512731775745,1.23685281381059,0.135075544546643,0.898806942658845,1.09137709264264,4.31403449884606,0,0.185432275067689,1.80432275612712,4.44994355195423
860,"-5.5","57.5",0,0.410478973162953,0.00371688319471321,0.00360018634797956,3.07323952321905,0,10.5439418801134,4.16092613965666e-05,0,0,0.137895884827363,2.75847551061499,5.84616551913361,0.167961097653548,0.00464348900003173,0.122041832075134,0.0235628311490809,0.000158368140332876,0,0,0.636137328204464,0,0.0871502126650969,6.92921967791735,0.3542855316263,0,0.0357094011836051,8.11785393473241,0,0,0.0877105066208156,0,0,0.636137328204464,0,0.000158368140332876,0.167961097653548,3.10053126971565,2.78123364491265,0.087833346134052,8.11785393473241,10.5439418801134,9.06727786759526,0.137895884827363,0.657937425398925,9.12446283045869,13.907165547819
861,"-4.5","57.5",0,0.396081892022273,0.0971035008294111,0.0754710259109949,3.46917249241931,0,14.3777318767821,0,0,0,0,4.2271165956103,4.70508225744432,0,0,0.0599969253764871,0.100458528658963,0.0144066462442112,0,0,3.98924199989416,0,0.0977391907025236,6.20836947270152,0.55234039868546,0,0.0678857868647402,0.356976040388288,0,0,0.301682295217444,0,0,3.98924199989416,0,0.0144066462442112,0,3.49170998900922,4.26423340647347,0.301682295217444,0.356976040388288,14.3777318767821,7.79195332282137,0,3.98926801370572,5.5311996251166,16.3534005792576
862,"-3.5","57.5",0,0,0,0,0,0,0,0,0,0,0,0,0,0,0,0,0,0,0,0,0,0,0,0,0,0,0,0,0,0,0,0,0,0,0,0,0,0,0,0,0,0,0,0,0,0,0
863,"-2.5","57.5",0,0.0650688449758721,0,0.0186763107100897,4.32023264117557,0,28.5058231520798,0.0199182431659968,0,0,0.641313835812589,6.56414978503264,4.89189185928837,0.12255500169008,0.0301249302011859,0.162839179357828,0.0711572729113616,0.14883532374193,0,0,0.162824597314385,0,0.599050744208695,13.6785262450043,1.83705392572124,0,0.116791814618623,0.709592753285639,0,0,0.736866565124739,0,0,0.162824597314385,0,0.14883532374193,0.12255500169008,4.32072262804098,6.81673623399351,0.737751030246097,0.709592753285639,28.5058231520798,14.5407033434858,0.641313835812589,0.252355961933164,8.13537555189987,32.0066444779347
864,"-1.5","57.5",0,0,0,0,0,0,0,0,0,0,0,0,0,0,0,0,0,0,0,0,0,0,0,0,0,0,0,0,0,0,0,0,0,0,0,0,0,0,0,0,0,0,0,0,0,0,0
874,"8.5","57.5",0,0,0,0,0,0,0,0,0,0,0,0,0,0,0,0,0,0,0,0,0,0,0,0,0,0,0,0,0,0,0,0,0,0,0,0,0,0,0,0,0,0,0,0,0,0,0
876,"10.5","57.5",0,0,0,0,0,0,0,0,0,0,0,0,0,0,0,0,0,0,0,0,0,0,0,0,0,0,0,0,0,0,0,0,0,0,0,0,0,0,0,0,0,0,0,0,0,0,0
878,"12.5","57.5",0,0.196681546707454,0.0173204463784875,0.138181511215803,0.946300271954246,0,23.7767578507877,0.220586666553763,0,0,2.25309663133734,3.4093033039362,0.916441116753947,0.145763524593984,0.765122589887912,0.0657906462288524,0.153273663701729,0.0329581824982859,0,0.110582129379475,0.378320120486729,0,0.0608872338924123,6.46218478262044,3.62767635517784,0,0.167705661745386,0.349082790355202,0.387826801738674,13.5845797722824,0.315541981587491,0.110582129379475,0,0.378320120486729,0,0.0329581824982859,0.145763524593984,0.966523582493421,4.98065031618675,13.6115555829107,0.349082790355202,23.7767578507877,6.53109879472641,2.2862314096107,0.421530269137156,14.5305660450251,24.7632049504857
880,"14.5","57.5",0,0.735147699136572,0.0492323056713073,0.0530744403889341,14.6899870046474,0,23.7927795579509,0.0571286086532666,0,0,0.201044773170794,1.23370740441076,3.07286574059856,0.39300210998416,0.104194710962059,2.75450303280064,0.189902579378232,0.0658776938841854,0,1.00194357822998,1.8940835432138,0,0.139911421300794,7.10282710191302,0.403306606170631,0,0.146238598615021,0.528037335555811,1.19162965747922,1.44182282930698,0.108951947080589,1.00194357822998,0,1.8940835432138,0,0.0658776938841854,0.39300210998416,14.7083704174275,1.31177481601581,1.45080798646911,0.528037335555811,23.7927795579509,8.21742936122982,1.20847020708139,2.17950313870688,14.8472415197414,25.2008512681904
882,"16.5","57.5",0,0.232885373679839,0.019602556497216,0.040905572156281,1.33243064449461,0,13.2806306806847,0.268074066283143,0,0,0.404078951923819,3.79836182533776,1.78520530794569,0.346581396032944,0.323796688539234,0.0322763668336851,0.152463612568034,0.252020891447832,0,0.487225051814641,0.454565819870031,0,0.0194175733738363,5.6238653635569,0.0122544194929773,0,0.130355017061292,0.371754125213865,0,0.531416438963985,0.374660363779944,0.487225051814641,0,0.454565819870031,0,0.252020891447832,0.346581396032944,1.35262966833584,3.80144023761227,0.774262113441847,0.371754125213865,13.2806306806847,5.90214269409609,0.404078951923819,0.792244614694349,4.12531669690036,14.5386973095117
887,"21.5","57.5",0,0.286056421191796,0.22738976578464,0,0.516841833721691,0,0,0,0,0,0,0.484081410929144,3.27828597776531,0,0,0,0,0,0,1.71794594604067,1.71758561155402,0,0,4.11261663967819,0.321902334685755,0,0,0.420878684045131,0,0.310640317657122,0.561309688255421,1.71794594604067,0,1.71758561155402,0,0,0,0.590723079953592,0.581339767677466,0.641534077881694,0.420878684045131,0,5.26426449587729,0,2.42928767471763,1.1294310613934,5.26426449587729
890,"24.5","57.5",0,0.445418901789202,0.0242453345611976,0.0364249683684968,1.84661080850823,0,7.33665026287475,0.136658014798903,0,0,0.482102083123931,0.689679265834846,3.5635772780266,5.6549396071627,0.142050724000887,0.00491649585636134,0.0138037825940623,0,0,6.37916587887947,1.99848300780048,0,0,4.02128434416211,0.415407983833803,0,0.146054164205693,0.64753364428675,0,0.374905317562798,0.673877408925056,6.37916587887947,0,1.99848300780048,0,0,5.6549396071627,1.89957086631968,0.805240229477677,0.795938804553694,0.64753364428675,7.33665026287475,5.37522849732481,0.482102083123931,8.75591420717362,2.30425686598031,9.10779561127418
891,"25.5","57.5",0,0.602583234217774,0.0364285269900377,0.098630715561469,5.29435736194029,0,0.274462516000266,0.202755589160831,0,0,1.00190926011008,0.347932681942832,5.07617034704253,1.11432058517759,0.0498813062340512,0.0614761104288175,0.567450438005833,0.0219190221433844,0,4.98008851675693,0.665216719491241,0,0.203732000215484,1.90508776091255,0.873063045015231,0,0.177955373941631,0.57975840835691,1.3066642609871,0.22792811205308,0.368877929340401,4.98008851675693,0,0.665216719491241,0,0.0219190221433844,1.11432058517759,5.32853886446291,1.09785984138605,0.481269284980991,0.57975840835691,0.274462516000266,5.4299976040311,1.64657027072497,5.14645370412551,5.49239133694483,5.6807919614177
892,"26.5","57.5",0,0.450270350081232,0.0253613803975152,0.0658151216761499,7.21052935351504,0,0.157398791143954,0.226701670618232,0,0,3.4253494189841,0.4443104760326,1.78509712174326,0.0255085274951227,0.0515121425271708,0.274210698782309,0.309230863416799,0,0,2.5198900264736,3.59381284292601,0,0,0.877251238616262,0.381068651459391,0,0.0683203525501389,0.67697581288324,0.176339096663411,0.554951891555541,0.453122354691428,2.5198900264736,0,3.59381284292601,0,0,0.0255085274951227,7.22457451661095,0.66200365794072,0.753218838420159,0.67697581288324,0.157398791143954,2.01021776866737,3.42988543819568,4.38930372388105,7.32518673202063,3.9786761587325
893,"27.5","57.5",0,0.91519616542162,0.0286789119186005,0.106839664005929,3.50268213702431,0,0.132904824206042,0.0703983944197656,0,0,0.182537322371939,0.66677680013848,0.881141245430671,0.232542576076089,0.0109888059623109,0.0514861200859199,0.497219714322287,0.0246134820428901,0,7.41299183377487,0.798865030321022,0,0.0136355063151756,3.70812902087261,0.37208047264522,0,0.0893397770214113,0.719156790816625,0.426385598518181,0.790925921176292,1.160705917068,7.41299183377487,0,0.798865030321022,0,0.0246134820428901,0.232542576076089,3.62027156084065,0.911187479960923,1.4063707642363,0.719156790816625,0.132904824206042,3.81440510001005,0.463815213940234,7.45957875067146,4.05360259696796,3.84479837078128
896,"30.5","57.5",0,0.0475944976398769,0.0262817039945368,0.0447323035623162,1.34012136273159,0,0.0352919396605762,0.110958831165529,0.0980211559309989,0,0.0577033998665711,0.679375258238021,0.253829903183871,0.203057765095301,0.0365266674745723,0,0.144436539380625,0,0,0.459415125284832,0.803158682566399,0,0.00536056182718538,0.460188368079801,0.184141824208801,0,0.0027921108895913,0.188881405678611,0,0.119445520293343,0.315803973601032,0.459415125284832,0,0.803158682566399,0,0,0.203057765095301,1.34096625723959,0.718554706920199,0.370477514460482,0.188881405678611,0.0352919396605762,0.528139368272669,0.0577033998665711,0.947290125931739,1.57716237084971,0.532453186374747
897,"31.5","57.5",0,0.369232026765177,0.0593881285493552,0.072101542529172,1.34646368152337,0,0,0.0347801033434074,0,0,0,0.226007975482464,1.45455001776097,0,0,0,0,0,0,5.54621672559503,2.10891499942035,0,0,1.16661227987282,0.079818079677752,0,0.0393240240381241,0.183556937419265,0,2.76208222902876,0.285977951261209,5.54621672559503,0,2.10891499942035,0,0,0,1.39617217249542,0.239688403610033,2.77706522863843,0.183556937419265,0,1.8673435481541,0,5.93363652763212,3.12290436924717,1.8673435481541
909,"-6.5","58.5",0,0.0459147876489277,0.00345253483533712,0,0.189462299369303,0,9.55433781065805,0,0,0,0.0524672607278205,0.0274063231390438,8.93977343525244,0.301905454769543,0,0.0932511266223365,0.0145980728794914,0,0,0,0.0184840769331424,0,0.234740003150829,3.5052031062215,0.12223916377018,0,0.0142194170028668,0.16489829394412,0,0,0.0577674260619422,0,0,0.0184840769331424,0,0,0.301905454769543,0.194946481392072,0.126121463038729,0.0577674260619422,0.16489829394412,9.55433781065805,9.60572801213018,0.0524672607278205,0.302470766719157,0.290584371406451,13.5483627961699
910,"-5.5","58.5",0,0.146969764127592,0,0.0666991060271141,6.79711136415219,0,22.7312843231614,0.0808009466877637,0,0,0,5.97342370172013,4.92944274938486,0.109070716682831,0.113375839182923,0.0194878969898901,0.429618882660712,0.023615795914162,0,0,0.339011671866701,0,0.204724705439214,6.40327126318008,0.199053439362284,0,0.0382685462562097,0.133208557137944,0,0,0.251475254197901,0,0,0.339011671866701,0,0.023615795914162,0.109070716682831,6.79870009694902,5.99216032632075,0.287441606887329,0.133208557137944,22.7312843231614,8.08390338418603,0,0.356907608095178,9.06800284415768,24.1259358555323
911,"-4.5","58.5",0,0.946850600767148,0.00813451973906171,0.0316946138707003,2.5963101065147,0,14.4682374770827,0,0,0,0.221427043431656,3.92794293488851,6.11002804909627,0.576347390845777,0.0126518597113728,0.164144015303149,0.0816661262962382,0.0163829968254332,0,0,0.0392802043783303,0,0.204407474838065,12.1765387373631,0.059479718784191,0,0.253071196145687,0.879028674059408,0,0,0.0345100203934406,0,0,0.0392802043783303,0,0.0163829968254332,0.576347390845777,2.76357598581321,3.92924202523482,0.036756102373782,0.879028674059408,14.4682374770827,13.6284401090534,0.221427043431656,0.577916647948232,4.88368073722221,19.8774572175336
912,"-3.5","58.5",0,0.020561291238446,0,0.0030473510974731,0.0555206410412239,0,12.5225721240691,0,0,0,0.0445712938977412,0.24802311840269,14.9178083388951,0.532427798043327,0,0.0723191335732385,0.0161395302787453,0,0,0,0.0434647837729458,0,0.0446557624612559,1.41589262995844,0.0109449108122657,0,0.00387407296988582,0.0195030977698567,0,0.0194955797292545,0.00646365261989552,0,0,0.0434647837729458,0,0,0.532427798043327,0.0592056439794436,0.24878855032437,0.0205391439493081,0.0195030977698567,12.5225721240691,14.98509279466,0.0445712938977412,0.534198977495928,0.257299977280048,19.5286918473134
913,"-2.5","58.5",0,0.0296758151174162,0,0.0395096831747189,0.202210796769896,0,1.67267381755807,0,0,0,0.838584003083055,0.333743134280626,4.88069642791763,0.404662442858062,0,1.23064306616904,0,0,0,0,0.417523024299008,0,0.341095926786899,3.71641919260471,0.213164247205228,0,0.330635853264638,0.612066178777111,0,0,0.631706563349694,0,0,0.417523024299008,0,0,0.404662442858062,0.20437676074642,0.396009439238546,0.631706563349694,0.612066178777111,1.67267381755807,6.27492462956789,0.838584003083055,0.581444037272414,0.986038298283146,6.54795692845706
923,"7.5","58.5",0,0.211793075984491,0.0165132701726347,0.0146385302716195,2.3992271655729,0,1.76753278778701,0.150878105435262,0,0,0.121475314151292,3.39007023134218,0.715554575941823,0.0355645782972836,0.224775104539101,0.159227099230173,0.381058404216145,0.354677129071483,0,0.0822473655736061,2.62650485802809,0,0.0527517427851886,1.52703493696837,1.56184744906909,0,0.0613791771758292,0.251695919559474,0.0484225601512438,0.756892421946522,0.255022984859136,0.0822473655736061,0,2.62650485802809,0,0.354677129071483,0.0355645782972836,2.40855709898228,3.75195270959267,0.843333215002725,0.251695919559474,1.76753278778701,1.69594942242406,0.130770777621592,2.65185842448363,4.54454158100985,2.45306290086544
927,"11.5","58.5",0,0.856752444187759,0.0698177932834029,0,8.80567377156396,0,2.03230077124082,0,0,0,1.50482220119079,1.93449459414426,0.510777505932324,0.220756794552957,0.66765484086509,0.50357381343098,0.567788485767029,0.514316060359337,0,2.89774639172896,2.67216850911032,0,0.382926205053921,3.05420026530419,1.06913024807439,0,0.321117102903089,0.880236895404311,0,0.844792680672065,1.15197364697978,2.89774639172896,0,2.67216850911032,0,0.514316060359337,0.220756794552957,8.84725467712053,2.28203693806445,1.57685793373518,0.880236895404311,2.03230077124082,3.17761588353232,1.50482220119079,3.98129040188529,9.31358716305035,4.06103176363589
929,"13.5","58.5",0,1.00351670618535,0.0259159175089635,0.0262199543445339,7.68134007368922,0,0.400149903429495,0.052513911012782,0,0,0.449414769672593,1.56088787316216,0.766667963159146,0.0180827695093501,0.101443498056553,0,0.0856746286738745,0.301922564239175,0,1.5113699392718,3.44343426289906,0,0,1.66389833103068,0.651249584478018,0,0.106994249107454,0.136480784945202,0,0.697871999631482,0.346480022844162,1.5113699392718,0,3.44343426289906,0,0.301922564239175,0.0180827695093501,7.74661417054296,1.69346895922715,0.787478398591061,0.136480784945202,0.400149903429495,1.83552289875923,0.449414769672593,3.77265991544315,7.969731328974,1.93164124316189
932,"16.5","58.5",0,0.33956858526109,0.0146822701001454,0.0389714466384307,4.38168107411972,0,0.674530159211997,0.356741123933556,0,0,0.255066471366242,1.48133700354665,0.253975052381029,0.100897093879982,0.0807946679567199,0.0629275487931191,0.0618473341256627,0.109118281929221,0,3.10444041121091,7.3518083606195,0,0.0665516822288114,0.565541859478567,0.430555454674746,0,0.0438259500959706,0.0816920637932394,0.134784301926004,0.198807354521329,0.141011986296603,3.10444041121091,0,7.3518083606195,0,0.109118281929221,0.100897093879982,4.39481920667906,1.5438790141605,0.439546075362636,0.0816920637932394,0.674530159211997,0.629591122451085,0.288488670247041,7.98177445566077,4.67951628006719,0.9667479661301
938,"22.5","58.5",0,0.233501289744676,0.0166563521354949,0.0488355695192236,1.22111045948568,0,19.8778859653531,0.150467200316544,0,0,0.141400888037241,1.82158768251923,4.6236486756653,3.93164676362033,0,0.043383880833625,0.0546325738831168,0,0,12.4117197817866,3.55608497239286,0,0.0324363916479682,2.31848115075011,0.280636424525637,0,0,0.11128351187057,0,0.373047984652671,0.665617736485867,12.4117197817866,0,3.55608497239286,0,0,3.93164676362033,1.24323513728408,1.84388806764549,0.777722410856912,0.11128351187057,19.8778859653531,5.17291779848676,0.141400888037241,13.496457851835,2.35855739403274,20.5404338613531
939,"23.5","58.5",0,1.2323014363503,0.0908921793961486,0.20511342430567,4.52278564078302,0,0,0,0,0,2.61533965599135,1.4958654730219,0.712716088058543,0.615902029224841,0,0,0.711442596925539,0,0,6.29500620952187,5.64898951941371,0,0,2.40950377737594,0.906017854684139,0,0.280725195729337,0.420682220196856,0,0.569916305330046,1.10338726545929,6.29500620952187,0,5.64898951941371,0,0,0.615902029224841,4.68766005406792,1.88802342016873,1.24188085284329,0.420682220196856,0,2.53826953178528,2.61533965599135,8.48041986448596,5.22092240898658,3.6445594702502
941,"25.5","58.5",0,0.3197849912914,0,0.009028917574771,1.83028254421306,0,0.690813925616178,0.0900774785841254,0,0,0.490921164466471,0.335322856315373,0.577826428399046,0.0918650509749383,0,0,0.162891563439483,0,0,4.30399855455819,1.18892954263213,0,0,0.431405721097154,0.121255598249154,0,0.0331052298058413,0.118072790499415,22.370801412336,0.140995049273725,0.351501549725445,4.30399855455819,0,1.18892954263213,0,0,0.0918650509749383,1.85800878154714,0.392017856116299,0.389290245866966,0.118072790499415,0.690813925616178,0.721922263921001,22.3761873298356,4.46613884721166,1.94199966817808,22.3984855527079
942,"26.5","58.5",0,0.378832557792606,0.0304385379152185,0.0333028197161382,8.81580755897106,0,0,0.31866567757153,0,0,2.03234635274932,0.269977574237238,1.32007156655852,0.0756197813908474,0.0461787961090777,0.00386448199192704,0.550477876516115,0,0,7.82696990626356,0.686472982182879,0,0,0.682858740372349,1.17564824139084,0,0.0181853325157513,0.973428458182146,0.847163720090526,0.139601701744649,0.528535872446457,7.82696990626356,0,0.686472982182879,0,0,0.0756197813908474,8.82394339417785,1.3259195189038,0.634443928858134,0.973428458182146,0,1.4870326906529,2.20184424203237,7.85738006081926,8.99833993891811,2.65695018569063
943,"27.5","58.5",0,0.826262488536546,0.00184306386388041,0.0673306688459425,2.90479965842261,0,0,0.0822562707758952,0,0,0.235113224951505,2.18565804644982,3.55192713151014,0.171237720334061,0.0423325020857932,0.0210824966666023,0.0377392593471047,0,0,0.7236658848872,5.25784590872678,0,0.0704087599440001,1.54482283987501,0.517490989907066,0,0,0.130829867563415,0.0667463834555685,1.89083151966794,1.51982488391808,0.7236658848872,0,5.25784590872678,0,0,0.171237720334061,3.02002827065157,2.24640207272472,2.42768812831492,0.130829867563415,0,3.87460999781288,0.244403985752063,5.3101749754344,4.48081232930866,3.88231064488702
946,"30.5","58.5",0,0.61208514990234,0.0570281951169276,0.0427494226973813,5.50498724357103,0,0,0.280171260457988,0,0,0,0.626597692455761,1.0262415311708,0.167475014230493,0.237688064243898,0,0,0,0,7.7492652709014,3.50606235832704,0,0,0.997587387869927,0.313933921791427,0,0.0701927519071602,0.154574902688661,0,0.751905353948212,0.990108309179252,7.7492652709014,0,3.50606235832704,0,0,0.167475014230493,5.53891079388455,0.700841762056336,1.29640567581001,0.154574902688661,0,1.4346982356358,0,8.50715189588547,5.73369628031226,1.4346982356358
947,"31.5","58.5",0,0.381233897806467,0,0.17877940215054,5.70285749927582,0,0.307049527301368,0,0,0,0.710207135169295,0.542522447129115,1.20722986580895,0,0,0,0.421063165741827,0,0,4.93102438876901,2.2545197988612,0,0,1.79521662313122,0.655415722801273,0,0.197735505657787,2.64114553458916,0,0.344306497195227,0.750940410729918,4.93102438876901,0,2.2545197988612,0,0,0,5.71558596662522,0.949312680247456,0.826110443268976,2.64114553458916,0.307049527301368,2.17974036933273,0.710207135169295,5.42197943984408,6.42084306817415,2.31299409094796
971,"5.5","59.5",0,0.508649063822047,0,0.00951049174451427,4.1922130597229,0,8.41531500302688,0,0,0,0.207884528179704,0.0682118442046196,1.12753910377604,0.202724445402559,0.0580072221242898,0.336168767768574,0.0742828132869021,0.665837025803745,0,0.155972349624772,2.00767819579343,0,0.0948470333715775,2.42827339792714,0.601585397592441,0,0.0922006982676137,0.0759404828828821,0,0.229246216465403,1.31707755428906,0.155972349624772,0,2.00767819579343,0,0.665837025803745,0.202724445402559,4.22295799271533,0.609980149378705,1.33813749278403,0.0759404828828821,8.41531500302688,2.70156490649427,0.207884528179704,2.130618515222,4.47234042727174,8.84076894400183
972,"6.5","59.5",0,0.141945257793469,0.0183303544783398,0.0241013814670369,0.290597136989717,0,0.71080893990664,0.0426697191850353,0,0,0,0.396802276462333,13.9268472800899,0.438449749863535,0.0233537727255121,0.066947228328758,0.0595111413066387,0.438767542502436,0,0.0228805388185332,1.20185859545815,0,0.0877982002950304,10.7758079971476,0.0423058257752599,0,0.186058822582696,1.7908231109443,0,0.0675705273599059,0.155402800088058,0.0228805388185332,0,1.20185859545815,0,0.438767542502436,0.438449749863535,0.323411737938923,0.403464255467365,0.176300624158706,1.7908231109443,0.71080893990664,17.6103048915582,0,1.35267983722767,1.87230015821382,17.6246443289699
973,"7.5","59.5",0,0.156995890933412,0.00823217389442976,0.0562869400398707,3.26556356030217,0,0.913759519265569,0.0416115315687303,0,0,0,0.391307165216354,6.48031781420166,0.238855597848674,0.14126252375963,0.014689795888745,0.227469310621791,0.622495571145968,0,0.490944966723642,4.26581071794512,0,0.014695166539572,9.20844295632037,0.374760972102477,0,0.0662413586067091,0.175516076772071,0,0.0583786294847774,0.261678066569601,0.490944966723642,0,4.26581071794512,0,0.622495571145968,0.238855597848674,3.26933526517905,0.587630301325251,0.30589229327095,0.175516076772071,0.913759519265569,11.2604616378186,0,4.34542526968382,3.34039495201795,11.2974755036616
977,"11.5","59.5",0,0.420843672320948,0.0442840272523899,0.0950221745903844,6.33379077460004,0,2.77176222442949,0.245001558049288,0,0,0.677554986562361,0.784428525005046,1.51754432750721,0.248353412252195,0.202022642439515,0.221506400774117,0.477569350128927,0.669809762592494,0,1.41462843413451,3.81023573647654,0,0,2.72417483139764,1.13317305035317,0,0.429396014646003,0.5320771887222,0,0.607107152664145,0.780167233586342,1.41462843413451,0,3.81023573647654,0,0.669809762592494,0.248353412252195,6.34775668822783,1.45858896097251,1.03830579247279,0.5320771887222,2.77176222442949,3.15729403282004,0.677554986562361,4.12666869394991,6.61684832707031,4.2556141975361
980,"14.5","59.5",0,0.220360446322173,0.00314282552906217,0.00913604907079248,0.384428930997432,0,0.827781667972462,0.0226174487303464,0,0,0.0492057226733439,0.609092550645232,0.685791315344091,0.0825687772213167,0.0354914535666844,0.0348643696032229,0.048477600545231,0.208389765276624,0,3.71265225735474,2.56227477041959,0,0.0314783030792711,1.22149654917532,0.853192126984338,0,0.0642337212823662,0.00118218014643717,0.140509972077549,0.401681782407062,0.135658935485869,3.71265225735474,0,2.56227477041959,0,0.208389765276624,0.0825687772213167,0.443107582073626,1.04941918152576,0.426054918242026,0.00118218014643717,0.827781667972462,1.40313551425936,0.148876644901205,4.51655650694352,1.21620275396558,1.63590220264055
988,"22.5","59.5",0,0.887446996888153,0,0,8.08182366524556,0,5.63843096407494,0,0,0,0,0,5.31705564993262,0,4.0584867635187,0,0,0,0,12.5956293700758,8.51701376749321,0,0,5.52035737816586,1.64161826310784,0,0,4.65820603386031,0,0,0,12.5956293700758,0,8.51701376749321,0,0,0,8.13040195368033,1.64161826310784,4.0584867635187,4.65820603386031,5.63843096407494,7.66455650166079,0,15.2049137696991,10.3425598723782,9.51511061962969
990,"24.5","59.5",0,0.391136409799762,0.00932903113188557,0.169804887141897,2.89286307764397,0,7.07539465078204,0.160940536946271,0,0,0.528820920288848,1.00726239454639,1.783958483449,0.702305342153608,0.0355704516094357,0.106117924707454,0.43966804555629,0.0760137344244107,0,3.48337641243874,3.95707111999101,0,0.0163438796098226,2.1426510899948,0.300075433772307,0,0.0571862310976313,0.22381255978151,12.7691418180253,0.195121606779964,0.39703178683646,3.48337641243874,0,3.95707111999101,0,0.0760137344244107,0.702305342153608,2.91918558455381,1.1392676541113,0.472095111869632,0.22381255978151,7.07539465078204,2.79592215485638,12.7800874149819,5.31895985704349,3.17687600030882,14.8730973403293
991,"25.5","59.5",0,1.44357184839156,0.0631922719368654,0.237095354714212,7.77457762572804,0,0.779596037489897,0.354207489569246,0,0,0.961238104209996,1.53200669090789,0.78482437519054,0,0,0.307960414572853,0,0.076612157103923,0,2.40407259047417,3.83048271914659,0,0,2.17321621606405,0.485822300412234,0,0.126894038769445,0.747056554754584,1.62242996710092,0.864078564862424,1.07464670710793,2.40407259047417,0,3.83048271914659,0,0.076612157103923,0,7.90746210486903,1.60719252380179,1.42371354457966,0.747056554754584,0.779596037489897,2.34733193352275,1.88580425578381,4.52305563801353,8.22776266682051,3.11030462799674
992,"26.5","59.5",0,0.426699419910719,0.10829500835929,0.15446053344083,1.1971639069032,0,1.72905180772637,0.221582778381974,0,0,0.23383694013508,0.602651690681079,6.30149984645168,0.419788061782607,0,0.152524011917703,0.285667596463792,0,0,3.68081760059921,1.86203148737162,0,0.0262553861940653,1.9153196036603,0.251335885030322,0,0.075811224293277,0.132994057936871,0.0542103182017428,0.577072880695509,1.6581968089403,3.68081760059921,0,1.86203148737162,0,0,0.419788061782607,1.27093422919673,0.712716467505935,1.76966909180487,0.132994057936871,1.72905180772637,6.59110276247206,0.240038482688237,4.1462997341798,2.29622618483764,6.81834835223604
993,"27.5","59.5",0,0.475010840298134,0.0158346837425662,0.0509592453987566,3.22448125203448,0,0,0.0661124813084413,0,0,0.535029158752012,0.873926447900652,1.98816269000024,2.25890087355911,0.013667580375016,0.0104910436295806,0.120510619125521,0,0,7.38183673357591,4.69729215966621,0,0.0169821076139203,3.12720453610688,0.207698538893722,0,0,0.168799525212941,0,0.270431415463782,0.400638347173752,7.38183673357591,0,4.69729215966621,0,0,2.25890087355911,3.25928130776136,0.906316130674531,0.488059318765585,0.168799525212941,0,3.70613614542595,0.535029158752012,9.03652036743117,3.42213657678788,3.74455622592953
1013,"-2.5","60.5",0,0,0,0,0,0,0,0,0,0,0,0,0,0,0,0,0,0,0,0,0,0,0,0,0,0,0,0,0,0,0,0,0,0,0,0,0,0,0,0,0,0,0,0,0,0,0
1014,"-1.5","60.5",0,0.00643272712283018,0.00425037891246791,0.00285801992657904,0.105699485935608,0,12.5823891368013,0,0,0,0.0275366821891586,0.126813131748186,15.7825719013281,0.0324688679877404,0,0.038451027616817,0.0463599682532629,0.00677675806266109,0,0.00807056980114309,0.00831981219444847,0,0.133939150773908,3.2426517516178,0.115109378513578,0,0.0779707871323109,0.143885379983769,0,0,0.0161391441082836,0.00807056980114309,0,0.00831981219444847,0,0.00677675806266109,0.0324688679877404,0.105895048539998,0.177428819705279,0.0161391441082836,0.143885379983769,12.5823891368013,16.1130347873435,0.0275366821891586,0.0351355263246642,0.252305810303526,20.4437561303422
1021,"5.5","60.5",0,0.330307936884097,0.0244775579029293,0.0467156036346518,2.21312668511119,0,2.13871655013398,0,0,0,0,1.03542735362262,1.7401740385961,0.273464913261189,0.0988558098177983,0.142081923926637,0.211336686717348,0.536222201048045,0,0.118218810592376,2.49272897895415,0,0.169925702423696,2.24733926190607,0.320218911803085,0,0.170419589132861,0.371883409474514,0,0.106082585657208,0.251194223659831,0.118218810592376,0,2.49272897895415,0,0.536222201048045,0.273464913261189,2.23764006433561,1.10422513612893,0.290042279874016,0.371883409474514,2.13871655013398,2.85650587168718,0,2.56709773039077,2.539442459111,3.56843583055662
1022,"6.5","60.5",0,0.197329049007046,0.0452745287114879,0.0538024366791704,1.84155495657841,0,0.407024877727517,0,0,0,0,0.227086839623881,1.59770396344882,0.270524263484856,0,0.41051932565621,0,0.352596533660795,0,0.125823209991373,1.11031081305286,0,0.123307233834216,5.16356864277364,0.206497407892463,0,2.76367926182611,1.5257558134767,0,0.272682547962259,0.370926514389124,0.125823209991373,0,1.11031081305286,0,0.352596533660795,0.270524263484856,1.85209703084923,0.306935843779557,0.460371861694494,1.5257558134767,0.407024877727517,6.08618907211226,0,1.20255115252461,2.46258930341119,6.09978414967184
1026,"10.5","60.5",0,0.550001415246621,0.0375412492140503,0.0965642423705237,8.12180912208913,0,0.256541115116826,0.140277803428787,0,0,0.762847403877992,0.871566574621653,0.728758479271584,0.0544829879038781,0.117498363913173,0.223934390292151,0.478095217901238,0.797556781849451,0,3.76868018601733,2.37569715548588,0,0,1.91132084007665,0.29537307700843,0,0.214565871539721,1.0283837231175,0.15036433987104,0.311989095254444,0.78879650061723,3.76868018601733,0,2.37569715548588,0,0.797556781849451,0.0544829879038781,8.14041061448521,1.03703837248155,0.867767735399716,1.0283837231175,0.256541115116826,2.07151041452941,0.777525302680399,4.5261410202631,8.31578784499679,2.2274456980042
1030,"14.5","60.5",0,0.903572241204056,0,0.0108504563799665,4.50198493808044,0,0.255174393267709,0.0757489232246004,0,0,0,0.433715512319136,1.89488474327052,0.0957531837628318,0.0219987109714505,0.00651959931232244,0.106985692386148,0.170945626423639,0,2.46687665570357,3.57337097995417,0,0.0561017384117098,2.68153547654631,0.453851687806388,0,0.0153822583761512,0.349338664508119,0,1.36834101680278,0.131724405994306,2.46687665570357,0,3.57337097995417,0,0.170945626423639,0.0957531837628318,4.59176558393149,0.636817429508883,1.37692784852857,0.349338664508119,0.255174393267709,3.28401658929431,0,4.34659081053507,4.84848588931408,3.29391544058736
1031,"15.5","60.5",0,0.4577939619765,0,0.0607122489036877,6.7711543509454,0,0.422065884815204,0.153393433410793,0,0,0,0.960683377085629,0.939020611985308,0,0.153345160579385,0.105517733673228,0.356701748511008,0.0781248694855963,0,5.01076097334792,5.45919761070966,0,0.107931192863632,1.62093076775717,0.511286485189773,0,0,0.280421744670201,0,0.757301376519676,0.441479868105206,5.01076097334792,0,5.45919761070966,0,0.0781248694855963,0,6.7866123033476,1.14523471757416,0.903024989968414,0.280421744670201,0.422065884815204,1.88033118765673,0,7.41057808676468,6.94721236192456,1.92711831146907
1036,"20.5","60.5",0,0.676419877849959,0.0153760960582071,0.030825983010195,2.72715636958287,0,0.0783948004443867,0.0893705482438828,0,0,0.276561573788581,0.18189020959901,0.706060971999047,0.00727355281621655,0.0210646645385652,0.322076915975352,0.157733168367289,1.23016033966393,0,1.86972334012452,2.63946485061601,0,0.0796547534832697,1.12013177384496,0.197449662012105,0,0,0.258344221787582,0.441483147335894,0.051302807241759,0.179747611173319,1.86972334012452,0,2.63946485061601,0,1.23016033966393,0.00727355281621655,2.80979104477663,0.311368222174084,0.208259445737604,0.258344221787582,0.0783948004443867,1.3654604981736,0.520954579093056,3.46063396389974,2.84639941307554,1.46356475438815
1037,"21.5","60.5",0,1.06355925659365,0.00971084589382137,0.0932102432575545,15.8836991960974,0,0.21861173045795,0.571959895808752,0,0,0.124118810438767,1.08498221961671,13.6689866842112,1.55149891686054,0.0508951082959945,0.0851489713883735,0.104600169023784,0.0560525890197197,0,0.820447750725981,0.504511172893131,0,0.0188709119460077,0.585766468962019,0.33471250029284,0,0.0370361452438436,0.0631335140863589,0.0287744109413195,0.187946221868437,0.0924781105604228,0.820447750725981,0,0.504511172893131,0,0.0560525890197197,1.55149891686054,15.9192668940624,1.14024561831936,0.611231885383497,0.0631335140863589,0.21861173045795,13.68218110953,0.127410540497066,1.82700761273744,15.9718755558888,13.6845206144937
1038,"22.5","60.5",0,1.56553739090037,0,0.0928869918363559,11.0591941540518,0,0,0.327126115945664,0,0,0.286396691413922,0.709897831295546,0.498212599224471,0.0808895642985426,0.0794121808817868,0.0987888702941654,0.253013757111095,0.0780413181428396,0,3.15565902845338,4.70081603965813,0,0.089668008257267,1.52054841125355,0.611157519645873,0,0.150073244556302,0.159390410132646,0,0.555190032369827,0.93261117785591,3.15565902845338,0,4.70081603965813,0,0.0780413181428396,0.0808895642985426,11.169453104755,0.970301193437011,1.13636146155644,0.159390410132646,0,1.61531199140432,0.286396691413922,5.66290463556613,11.2700882755841,1.64050476818186
1039,"23.5","60.5",0,0.678494490274339,0.0364536030726729,0.0468037149395839,4.31412784689397,0,0.299717848186708,0.100246155014389,0,0,1.37988038897452,0.483677561735384,1.30764247517884,0.176794082746335,0,0.226818908420985,0,0.373009674012457,0,3.15799594500118,7.27941351454577,0,0,3.20938848014632,0.167195222466397,0,0.234320528861668,0.47536023121988,0.9681588329878,0.423234175478497,0.668480960079407,3.15799594500118,0,7.27941351454577,0,0.373009674012457,0.176794082746335,4.36715626611627,0.511759930183943,0.797523198958386,0.47536023121988,0.299717848186708,3.48137553845605,1.68564569639316,7.94563980236938,4.49399184257412,3.87958861763082
1040,"24.5","60.5",0.479939391307932,0.276467926931563,0.00592665370732317,0.0158934826177555,4.06839763069532,0,1.17276322568621,0.137398710072767,0,0,0.187362941422898,0.152878489625029,4.91033820708687,0.402261355871181,0.0103591485885625,0.0103652028169868,0.0523081931631156,0.060723008062559,0,7.53071028957571,4.74505037681541,0,0,2.36548237354639,0.0718313516970312,0,0.0207808290554892,0.107295020405974,0,0.143486411914445,0.0664009314463314,7.53071028957571,0.479939391307932,4.74505037681541,0,0.060723008062559,0.402261355871181,4.07778049876022,0.17682681569446,0.209721604967544,0.107295020405974,1.17276322568621,5.45048210490002,0.187362941422898,8.92316893516547,4.0884051770601,5.57837195166976
1045,"29.5","60.5",0,1.10344223196484,0.133112504444121,0.233945536561327,4.54105042170218,0,2.33943481933565,0,0,0,0,0.694198705856486,4.27084295697009,0,0,0.596307653069267,0,0,0,4.5447772836697,9.81520733303159,0,0,2.00383446480522,0,0,0,0,0,0,0,4.5447772836697,0,9.81520733303159,0,0,0,4.67319202384463,0.694198705856486,0,0,2.33943481933565,4.76271817300453,0,10.8163439085745,4.72447198477649,5.30626419144275
1074,"8.5","61.5",0,0.202788185577726,0,0.0927990790370622,3.58518818550383,0,0.299528660619656,0,0,0,0,0.178823277591836,3.53317234663691,0.304433064420028,0,0.0967934980163272,0,0.784862710807782,0,0.345054461425481,4.13653522710716,0,0,3.33741370431818,0.260187683427168,0,0.307636397081829,0.709476026089372,0,0.188004912648495,0.517185068934638,0.345054461425481,0,4.13653522710716,0,0.784862710807782,0.304433064420028,3.59091873671435,0.315714103606226,0.550296504358236,0.709476026089372,0.299528660619656,4.87178179601144,0,4.23540732775218,3.71490985667304,4.88098097583683
1075,"9.5","61.5",0,0.140703823153184,0,0.103765492231136,3.78361234044102,0,0.378510882226709,0,0,0,0.534388600827062,0.246645112032597,1.82521986722548,0.132956016056052,0.148296403610433,0.188415916831385,0.194886197153236,1.99170213754715,0,1.12448686055875,4.26039264988801,0,0,3.12751972900998,0.191604223925964,0,0.281260069282519,0.790045695894328,0,0.190968736585692,0.31843401323609,1.12448686055875,0,4.26039264988801,0,1.99170213754715,0.132956016056052,3.78622766201235,0.368139402613593,0.399826340381129,0.790045695894328,0.378510882226709,3.63843129394076,0.534388600827062,4.8373516450331,3.90577518969127,3.69689382392643
1076,"10.5","61.5",0,0.306430748202574,0,0.134235774836672,3.07233417167224,0,0.151171218363895,0.0343116035761643,0,0,0.170199816642746,0.290452898635415,2.30826673932325,0.0698275029460046,0.0547406958952075,0.323318506064519,0.0650686455508325,1.38688821939285,0,12.2854060518277,7.17526940863748,0,0.0464875809475211,0.475004394128381,0.11372497375362,0,0.0132655870790704,0.241714561535211,0.0789147019521482,0.0989575409329971,0.0593447618300531,12.2854060518277,0,7.17526940863748,0,1.38688821939285,0.0698275029460046,3.08757786393622,0.31863801501829,0.132243054982978,0.241714561535211,0.151171218363895,2.38298461700867,0.187604658176232,14.2948951642911,3.11618057970541,2.39513338458028
1079,"13.5","61.5",0,0.192893731151678,0,0.0165611689506196,3.11651040939733,0,0,0.0945560482619475,0,0,0,0.274575317483824,4.25870838919473,0.21540764952926,0.101770919798984,0,0,0,0,1.50792700023117,5.88940844010484,0,0,1.30735221416731,0.035918183075917,0,0.0319078607605568,0.191206121588133,0,0.178059215889354,0.207951418980553,1.50792700023117,0,5.88940844010484,0,0,0.21540764952926,3.12247419899661,0.276914645417713,0.306996813336562,0.191206121588133,0,4.45500385409273,0,6.08320442430468,3.15552430961606,4.45500385409273
1082,"16.5","61.5",0,0.492346142911614,0,0.0452270072959833,6.2618973012112,0,0.357828372757672,0.115855859426439,0,0,0,0.305731679973273,0.538122338879193,0.0416291220918332,0.0853664323183169,0.094262643841168,0.176276466124301,0.132578297458453,0,5.49497520199152,8.35625686132508,0,0.0467463697595084,0.397959723892823,0.226481316785133,0,0.0471278858215814,0.367542791976353,0,0.123352531879424,0,5.49497520199152,0,8.35625686132508,0,0.132578297458453,0.0416291220918332,6.28122301270669,0.419331658119536,0.189541169805562,0.367542791976353,0.357828372757672,0.680650264351853,0,10.002054348568,6.30877287068114,0.768977195183739
1087,"21.5","61.5",0,0.76712063125482,0.0120773412278041,0.035212915051758,4.59848294662569,0,2.17608180941731,0.0567091049607464,0,0,0.227039273501463,0.208158213609168,0.123502796993637,2.03031539729267,0.0304308001447693,0.0984838791598321,0.040091695179011,0.0210824111094511,0,2.81418033171237,2.56724135628679,0,0,0.323978189643412,0.0857339830931392,0,0.0444352827220516,0.0392658530757556,0,0.426942784596661,0.128828186828263,2.81418033171237,0,2.56724135628679,0,0.0210824111094511,2.03031539729267,4.66202954444779,0.228664605420912,0.450576074845867,0.0392658530757556,2.17608180941731,0.365067375415013,0.227039273501463,4.31659173438581,4.68949545063407,2.21814180375859
1088,"22.5","61.5",0,0.759127377791851,0,0.0926163499359143,9.42812008666508,0,0.772076261509398,0,0,0,0,0.530018028191281,0,0.790472901538555,0,0.151149213593646,0,0,0,6.78403710961125,6.04862900571753,0,0,0.984725447782224,0.164194001704861,0,0,0,0,0.433076395546953,0.413954237959016,6.78403710961125,0,6.04862900571753,0,0,0.790472901538555,9.4586321814674,0.554868254997192,0.599093711788206,0,0.772076261509398,1.00055388688233,0,9.12326256124731,9.49381455476135,1.26380767292403
1090,"24.5","61.5",0,0.665361988284196,0.00985193460706205,0.0411982760497508,7.49005530940929,0,0.173785061925379,0.0898922660708112,0,0,0,0.183963891734105,0.425906145673089,0.0277420287649732,0,0.169985867298378,0.206277559430062,0.173026128986221,0,4.92844184313912,7.10462267924163,0,0.0294924337600568,0.561817620713249,0.130017996850101,0,0.0332079462879556,0.252241179643453,0,0.107441453944213,0.209042776304758,4.92844184313912,0,7.10462267924163,0,0.173026128986221,0.0277420287649732,7.5195501935597,0.305446925817388,0.251640950264843,0.252241179643453,0.173785061925379,0.727803001407601,0,8.64846287365975,7.5341808923408,0.748263627745142
1091,"25.5","61.5",0,0.0176058337316096,0.0104809074112122,0.0521274858550217,1.98836125763738,0,0.398257235500888,0.0665323912406444,0,0,1.20027674135259,0.444298007302454,0.230644542021138,0.0713224274964154,0,0.0621944014885611,0.422524599278856,0.482961654093121,0,1.4434490961363,1.80487957564827,0,0,0.253676698700568,0.035603643812034,0,0.030825563057283,0.00425504895490281,0.0238379964009454,0.0987315616462244,0.0374978215552295,1.4434490961363,0,1.80487957564827,0,0.482961654093121,0.0713224274964154,1.98843920104556,0.614162336635342,0.124822141347952,0.00425504895490281,0.398257235500888,0.35382800248681,1.20051343428735,2.36209111249277,2.08487038072115,1.31340610127904
1092,"26.5","61.5",0,0.356234410407139,0,0,5.25474251113573,0,0,0.0531846611005361,0,0,0.509860900092653,0.368039748616525,0.447802505881054,0.0942834698386306,0,0.0647893538374067,0.273656124110511,0.0849808624115482,0,7.12096249838804,5.8997542461317,0,0.0713696373097316,0.645820167479787,0.207375097761767,0,0.047929262408473,0.259147078687843,0.136997799873968,0.133558572462988,0.289840058737383,7.12096249838804,0,5.8997542461317,0,0.0849808624115482,0.0942834698386306,5.26680375688094,0.503334244808164,0.323533244201612,0.259147078687843,0,0.793220822150039,0.527945579215887,9.2483143430497,5.30701405161017,0.95285140882825
1093,"27.5","61.5",0,0.473791904177088,0.010447752077277,0.0358968464375356,6.82775554739637,0,0.134476294728989,0.0576427514354445,0,0,0,0.192332389082941,0.366676522100191,0.016667039561217,0.0331916958433146,0.0278371346670454,0.099829203634848,0.17407702864248,0,6.38301608038192,5.39673434276669,0,0.0177065500197225,0.333028836872697,0.116899710876956,0,0.0170254330637057,0.20765205271998,0.0636216565174987,0.0988611322266237,0.152213833383752,6.38301608038192,0,5.39673434276669,0,0.17407702864248,0.016667039561217,6.84417449978196,0.246217708932229,0.19330532844314,0.20765205271998,0.134476294728989,0.498132422661867,0.0636216565174987,8.36051532209112,6.85447547728204,0.51987258008963
1094,"28.5","61.5",0,0.492685513250083,0,0.0933189143646126,8.93002777851327,0,0.526153698599995,0,0,0,0.273195267225945,0.37125645543268,0.543620903819408,0.434380971890657,0,0,0,0.0714194602061872,0,2.42616100087291,13.7306173285891,0,0,0.810218898394404,0.179441239342038,0,0.0626145784065538,0.13849308527669,0,0.626719090596569,0.161128293576579,2.42616100087291,0,13.7306173285891,0,0.0714194602061872,0.434380971890657,8.94360861956655,0.412347564655163,0.647100568311519,0.13849308527669,0.526153698599995,0.982144264144577,0.273195267225945,13.950265122726,8.9775322407798,1.14720561547493
1095,"29.5","61.5",0,0.373041698598397,0.0172104226791821,0.038860561566716,3.77205118557195,0,0.158387235806692,0.0223093668629027,0,0,0.177443275088418,0.172263589151102,0.526106571249308,0.0984470161920224,0,0.0435619509409464,0.120801713424773,0.202163527952738,0,4.37078219270682,11.4886501531383,0,0.0289660653688532,0.975768535802354,0.102291573371905,0,0.119506814504961,0.313054970392942,0.305562002027743,0.11443724716182,0.204011591493062,4.37078219270682,0,11.4886501531383,0,0.202163527952738,0.0984470161920224,3.79045251328492,0.233947353258122,0.234977277308533,0.313054970392942,0.158387235806692,1.1170216009073,0.353347213031752,12.2940384424451,3.81778461347723,1.18223433646519
1120,"4.5","62.5",0,0.136083934607746,0,0.0271074347333581,3.5085815652261,0,2.00797605282543,0,0,0,0.547436024510332,0.641732286502586,1.83802746714173,0.255993445914494,0,0.460788428319237,0,0.28739495426185,0,0,0.435531338535262,0,0.295241161511945,2.90518425174012,0.156516593967889,0,0.23616340189047,0.319066962428669,0,0.10735168653241,0.32994626784764,0,0,0.435531338535262,0,0.28739495426185,0.255993445914494,3.51121965093367,0.660543542642834,0.346971071226319,0.319066962428669,2.00797605282543,3.48918927418109,0.547436024510332,0.581219451612439,3.6037721708803,4.06276947668859
1125,"9.5","62.5",0,0.136780244048047,0.0751802133736426,0.0900714233642883,4.57630233717753,0,0,0,0,0,0,0.271153134719269,3.74940366564329,0.289420103605729,0,0.20966161570088,0,1.65538389017848,0,0.500321387593242,5.54932378471976,0,0.166560923514114,3.80195781178756,0.182898026576047,0,0.405627906271202,0.734736568872309,0,0,0,0.500321387593242,0,5.54932378471976,0,1.65538389017848,0.289420103605729,4.57834598041895,0.327071415127489,0,0.734736568872309,0,5.36310642342921,0,5.81974018138037,4.64844763901349,5.36310642342921
1126,"10.5","62.5",0,0.0195971152809928,0.0111084584528367,0.0134385488465432,0.472660621542588,0,0,0,0,0,0,0.044834353248365,6.5491274555511,0.0416823577637966,0,0.0363219757419172,0,0.172323001858799,0,0.111126608331564,0.911645529788344,0,0,0.573515938936119,0.0238743397001956,0,0,0.113590723558847,0,0,0.0602912810852737,0.111126608331564,0,0.911645529788344,0,0.172323001858799,0.0416823577637966,0.473066707858799,0.0507947175139257,0.0602912810852737,0.113590723558847,0,6.57431473536468,0,0.93534984416566,0.492859112186442,6.57431473536468
1128,"12.5","62.5",2.05513699626822,0.425607090784196,0,0.0301579776518185,15.5266225416937,0,0,0.151787696276645,0,0,0,0.176080183826951,2.34928440562499,0.274421484109348,0,0.0546317923903555,0,1.09724354911543,0,0.516375553285237,4.19971432895726,0,0.0713913089891006,2.65896309240306,0.0515119023501095,0,0.0507045605941965,0.395893386450271,0.125261240377938,0.137164673087495,0.186938427522229,0.516375553285237,2.05513699626822,4.19971432895726,0,1.09724354911543,0.274421484109348,15.5324546980816,0.183460369617692,0.277127457983965,0.395893386450271,0,3.54975826685346,0.125261240377938,4.8380866866279,15.5410533058921,3.5519676422281
1138,"22.5","62.5",0,0.313184409372512,0,0.0496969274530711,6.70411555007816,0,0.724566133857324,0,0,0,0,0.443391015601604,3.88162007017292,0.223024258497269,0,0,0.426290692656848,0.160490875872478,0,2.23918781802156,9.67296410328766,0,0.13170589475275,0.821776278094346,0.242684937870688,0,0.0847496566074248,0.421178337912467,0,0.249236636165419,0.48413874987346,2.23918781802156,0,9.67296410328766,0,0.160490875872478,0.223024258497269,6.71142680680299,0.66122259975849,0.544526610861297,0.421178337912467,0.724566133857324,3.97105645288679,0,9.93255726230583,6.77896493070793,4.0366180689219
1174,"8.5","63.5",0,0.245936946731502,0,0,2.05471954621587,0,11.2711653991292,0,0,0,0.135896596084263,0.00560440461555802,3.96545817392237,0.278201450540068,0,0.0952689226262564,0,2.34100221871676,0,0.228363692666863,3.20683580458391,0,0.0657590017982106,7.11039939687273,0.0406893263759065,0,0.208137079702633,0.104408446756889,0,0,0.13411686253962,0.228363692666863,0,3.20683580458391,0,2.34100221871676,0.278201450540068,2.069385753157,0.0410734784504542,0.13411686253962,0.104408446756889,11.2711653991292,8.14489776302065,0.135896596084263,3.98668198992711,2.07676018898977,13.9067248807695
1175,"9.5","63.5",0,0.334263659990617,0,0.0276422356611915,2.18169864610174,0,0.313236163217314,0,0,0,0,0.200426134262466,3.48907658570584,0.142011327554681,0,0.258076798031623,0,0.686261241373406,0,0.357935076137679,3.0226121648022,0,0.0933596700334564,2.4524207998254,0.0603972844573529,0,0.186485091881252,0.233803700163658,0,0,0.195912782442982,0.357935076137679,0,3.0226121648022,0,0.686261241373406,0.142011327554681,2.20715680838324,0.209328610718216,0.195912782442982,0.233803700163658,0.313236163217314,4.27771944436452,0,3.12336733768302,2.23794674480705,4.28917247713838
1178,"12.5","63.5",0,0.244037828168254,0,0,6.93817793876336,0,1.93803534688652,0,0,0,0,0.196872886406764,4.74175876220571,0.914601733620416,0,0.113762377166838,0,0.396814977608054,0,0.368123892071933,3.59020505917836,0,0,1.11793261497246,0.07241606343731,0,0.0710494388265461,0.331139155241232,0,0.316057786771375,0.429486326124567,0.368123892071933,0,3.59020505917836,0,0.396814977608054,0.914601733620416,6.94246840623129,0.209768967309007,0.533245749075225,0.331139155241232,1.93803534688652,4.87360640509572,0,3.74420165381883,6.97394255498324,5.24480890000499
1180,"14.5","63.5",0,0.209927582278155,0.0121813918754326,0.0345778146054812,4.69384534494631,0,0.266427534378207,0.0820944391191202,0,0,0,0.146418985159392,0.790189131482464,0.0976268123219516,0.0603149584441575,0.0250934316158787,0.0538603174102469,0.263436156166639,0,6.09646509870421,6.95594402507722,0,0,0.56256708722376,0.13502862456237,0,0.0687643692795988,0.276108923477385,0,0,0.178266148826817,6.09646509870421,0,6.95594402507722,0,0.263436156166639,0.0976268123219516,4.69853740137027,0.206330275184822,0.205319777332697,0.276108923477385,0.266427534378207,0.973438658315989,0,9.25370053452056,4.71563550787388,1.00924053256837
1186,"20.5","63.5",0,1.78451810850235,0.0270921735225594,0.0354956042335683,7.11578762812666,0,0,0.0547336475168889,0,0,0,0.107152721706512,0.9401284833129,0.0733664656659323,0.0558452248190087,0.233845113318507,0.121657792771446,0.106741203728757,0,5.53113698818867,4.31125668633593,0,0.0364909692450557,0.818468201388715,0.0808959479266525,0,0.044057974329591,0.258986438619458,0,0.0982410903585675,0.278231984313119,5.53113698818867,0,4.31125668633593,0,0.106741203728757,0.0733664656659323,7.33613920588842,0.181180790102276,0.305252043785532,0.258986438619458,0,1.27030780465531,0,7.01407063839842,7.34928688462352,1.27030780465531
1195,"29.5","63.5",0,0.702536187487718,0.0658770106749103,0.0981804092803955,6.37641704173572,0,0.643048236829172,0.10343664047101,0,0,0,0.690610532044336,1.23507031764078,0.130556188169872,0,0.0900608050258236,0.283829449711436,0.244903393876726,0,4.79598333111523,8.34786335788066,0,0,1.09261227585975,0.304329543139511,0,0,0.50655770774901,0,0.455493717482578,0.858366635757461,4.79598333111523,0,8.34786335788066,0,0.244903393876726,0.130556188169872,6.41500205649753,0.806299283344318,0.977224102567885,0.50655770774901,0.643048236829172,1.6556842684463,0,9.63147451560681,6.55850116849182,1.77617607000817
1227,"11.5","64.5",0,0.469212583601492,0,0,4.88295451174652,0,0,0,0,0,0,0,4.21245600071046,0.964826651814707,0,0.443511472530096,0,0,0,3.28658377717278,9.45299109269752,0,0.375727950271621,4.44299000843115,0.284195458573475,0,0.261551700599411,0,0,0,0,3.28658377717278,0,9.45299109269752,0,0,0.964826651814707,4.90544648451042,0.284195458573475,0,0,0,6.15558518614666,0,10.0544300679375,4.91367197430491,6.15558518614666
1235,"19.5","64.5",0,0.177818866979506,0,0.060844558059598,3.82886070907404,0,0.774961225242998,0,0,0,0,1.30291181185606,2.12131163180886,0,0.151749212815548,0.109179365251976,0,0.33565550370832,0,5.86026276316209,6.6314242513941,0,0,1.08450495262791,0.262811019050125,0,0,0.237224421918777,0,0,0,5.86026276316209,0,6.6314242513941,0,0.33565550370832,0,3.83298759180679,1.32915342275006,0.151749212815548,0.237224421918777,0.774961225242998,2.38573599242756,0,8.85613526728514,4.06666275342545,2.50844595839624
1243,"27.5","64.5",0,0.0818018072125551,0.0482388703493106,0.0777643382028955,2.93739240087889,0,0,0,0,0,3.82513716726396,0,3.0918836768953,0.25055627175676,0,0,0,0.116492805995395,0,2.80276436472944,4.03951008249989,0,0,2.40182390956512,0.0644299428778924,0,0.165196863035147,0.167469650595058,0,0.151280854788584,0,2.80276436472944,0,4.03951008249989,0,0.116492805995395,0.25055627175676,2.93853120664122,0.0644299428778924,0.151280854788584,0.167469650595058,0,3.91971517440689,3.82513716726396,4.92437598178498,2.94788888034124,5.47684593510351
1285,"19.5","65.5",0,0.244966622047522,0,0.191288370167043,6.73715424118392,0,0,0,0,0,0.333983634632629,0.437628807983323,3.04137583416275,0,0,0.266805476131978,0,0.413942616724202,0,1.42487722924297,10.7917776848058,0,0,1.51968529102626,0.163829032004031,0,0.101483646459508,0.614258139491712,0,0,0.458522739892041,1.42487722924297,0,10.7917776848058,0,0.413942616724202,0,6.74160633049868,0.467288909887964,0.458522739892041,0.614258139491712,0,3.41723362993294,0.333983634632629,10.8933047881085,6.80111542363854,3.43351580013068
1295,"29.5","65.5",0,0.0152623502507272,0,0.063514894740614,0.691834453716862,0,0,0,0,0,0,0.135954035107806,2.89992369704118,0.220465067477684,0,0,0,0.113072416651397,0,1.18314519825132,1.51753625359823,0,0,4.23286195224418,0,0,0,0.0151135157081592,0,0,0,1.18314519825132,0,1.51753625359823,0,0.113072416651397,0.220465067477684,0.692002782281173,0.135954035107806,0,0.0151135157081592,0,5.13134601223415,0,1.94013892763262,0.705393343251863,5.13134601223415
1330,"14.5","66.5",0,0.278730943944546,0.0378831344767312,0.0461469236777355,5.38898725211165,0,0,0,0,0,0,0.202902985258985,5.84410057750113,0.249502272639199,0,0.471753511791319,0,0.463288995267743,0,0.756723033018977,2.7476610139656,0,0,2.33411818617813,0,0,0.235289955343631,0.462204379869495,0,0,0.223282107392981,0.756723033018977,0,2.7476610139656,0,0.463288995267743,0.249502272639199,5.39619074371302,0.202902985258985,0.223282107392981,0.462204379869495,0,6.31530653859433,0,2.89813023750766,5.42434622348293,6.31530653859433
1336,"20.5","66.5",0,0.208101131049265,0.0195769640061569,0.0231991688816914,7.69245403938048,0,0,0.0440504945941214,0,0,0,0.0564232379631927,2.26353247751617,0.159822604781903,0,0,0.0602605165421239,0.140508570149962,0,1.59500752073801,11.9866589280093,0,0,0.851430232956455,0.0276872064277263,0,0.0649644436991451,0.574057391840676,0,0.0745787713673295,0.163565283855107,1.59500752073801,0,11.9866589280093,0,0.140508570149962,0.159822604781903,7.69526836625761,0.0870717694545493,0.185083876378384,0.574057391840676,0,2.41943269306348,0,12.0941856762215,7.71936102615904,2.41943269306348
1344,"28.5","66.5",0,0.253808241553502,0,0,8.48084834819441,0,2.20505958184197,0,0,0,0,1.08541614133089,6.19639909858162,0.400494177972256,0,0,0,0,0,4.63773327874774,7.36995633089729,0,0,1.33535930622043,0,0,0,0.796967956603489,0,0,0.987573429471547,4.63773327874774,0,7.36995633089729,0,0,0.400494177972256,8.48464538614033,1.08541614133089,0.987573429471547,0.796967956603489,2.20505958184197,6.3386549255826,0,8.71695026203127,8.64741549428874,6.71124683088662
1386,"20.5","67.5",0,0.065352285472768,0,0.0879587163484781,8.03019915221985,0,0,0,0,0,0,0,3.62802769243017,0.151064300591515,0,0,0,1.10651341230552,0,1.08970365881348,12.1272368645237,0,0,0.93856400300381,0.18783668112393,0,0.102195815891533,0.713168224150458,0,0,0,1.08970365881348,0,12.1272368645237,0,1.10651341230552,0.151064300591515,8.03046507654002,0.18783668112393,0,0.713168224150458,0,3.74988907107159,0,12.2272041116037,8.06425823496758,3.74988907107159
1387,"21.5","67.5",0,0.0529605699696102,0,0.0269050877474225,1.38059520330786,0,0,0,0,0,0,0.0912117021259077,6.67652390630158,0.0844631444623158,0,0.0545734532371385,0,0,0,0,3.8524981914834,0,0,0.881835025984714,0,0,0,0,0,0,0,0,0,3.8524981914834,0,0,0.0844631444623158,1.38161063160652,0.0912117021259077,0,0,0,6.7347833395006,0,3.85342397591484,1.38461818273952,6.7347833395006
1430,"14.5","68.5",0,0.0742457517598341,0,0,9.56618381878966,0,0,0,0,0,0,0.215791032112548,4.72192156728331,0.433297241436648,0,1.08760506788292,0,1.57711291608561,0,0,0.855235280202334,0,0,4.85925023952625,0,0,0.818448960240881,0.991524339263206,0,0,0,0,0,0.855235280202334,0,1.57711291608561,0.433297241436648,9.56647193517691,0.215791032112548,0,0.991524339263206,0,6.91097675166942,0,1.84565951194239,9.62013885406126,6.91097675166942
1432,"16.5","68.5",0,0.117078865779207,0,0.100575198924231,14.309268989016,0,0,0,0,0,0,0,4.15098027790812,0.470515188354549,0,0.273844855069128,0,2.28568467396161,0,0.408821084495417,1.46493326654184,0,0,4.7395285033336,0,0,0.480309551970022,0.887144883198734,0,0,0,0.408821084495417,0,1.46493326654184,0,2.28568467396161,0.470515188354549,14.3097479523864,0,0,0.887144883198734,0,6.3253119561405,0,2.78548077103473,14.3372212267445,6.3253119561405
1433,"17.5","68.5",0,0.0984264204735288,0,0.0607009983351814,13.2640955642226,0,0,0,0,0,0,0,9.78809853707698,0.142794984721153,0.0424205342336317,0.402753062785957,0,0.00181566692961786,0,0.307362804157978,0.44374348599135,0,0,3.42088201551245,0,0,0.262875231992312,0.694247238129683,0,0,0,0.307362804157978,0,0.44374348599135,0,0.00181566692961786,0.142794984721153,13.2644607465617,0,0.0424205342336317,0.694247238129683,0,10.3799954125213,0,0.55836715434159,13.2826841273311,10.3799954125213
1434,"18.5","68.5",0,0.0842204277931999,0,0.0215289028586764,5.96415400705386,0,0,0,0,0,0,0.0222889144922494,4.34113412280704,0.966475391692489,0,0.0287992630703704,0,1.21057243936084,0,0.302811745282903,6.50690004582097,0,0,4.63525448410589,0,0,0.232166794831209,0.177547980904261,0,0,0,0.302811745282903,0,6.50690004582097,0,1.21057243936084,0.966475391692489,5.96474862004379,0.0222889144922494,0,0.177547980904261,0,6.35501565037076,0,6.69559582659179,5.96743212626224,6.35501565037076
1435,"19.5","68.5",0,0.237369282313279,0,0.161287753014509,20.1311651730046,0,0,0,0,0,0,0,3.1794373568467,0.921318398267822,0,0.262927351222952,0,1.83923952314773,0,0.73164744020048,3.92495042086511,0,0,2.56659773863979,0.340344600077864,0,0.313537215545053,0.920781686240695,0,0,0,0.73164744020048,0,3.92495042086511,0,1.83923952314773,0.921318398267822,20.1325645509701,0.340344600077864,0,0.920781686240695,0,4.10970752912279,0,4.49134427510257,20.1564835415183,4.10970752912279
1436,"20.5","68.5",0,0.0499557698140912,0.0575144589529456,0.0708484407502351,13.9801925694944,0,0,0,0,0,0,0,4.16702465654484,0.955395409192108,0,0,0,0.916985952974627,0,1.0883378428887,3.78613032574546,0,0,2.91672895384929,0,0,0.362848819546244,0.90330599988039,0,0,0,1.0883378428887,0,3.78613032574546,0,0.916985952974627,0.955395409192108,13.9802818233069,0,0,0.90330599988039,0,5.10013617062005,0,4.15606854246308,14.0094340209911,5.10013617062005
1438,"22.5","68.5",0,0.0716355233619535,0.0245175568165721,0.0940607292141804,8.99165943590686,0,0,0,0,0,0,0.07526721208131,2.68808524138866,0.59542960836751,0,0.0540393364572062,0,0.862477225886697,0,1.46655696684177,7.05249177582541,0,0,1.72570370605534,0,0,0.0964301332482158,0.707972360789156,0,0,0,1.46655696684177,0,7.05249177582541,0,0.862477225886697,0.59542960836751,8.99194478739389,0.07526721208131,0,0.707972360789156,0,3.19773718399749,0,7.27920551769017,9.02008653375321,3.19773718399749
1442,"26.5","68.5",0,0,0,0,0,0,0,0,0,0,0,0,0,0,0,0,0,0,0,0,0,0,0,0,0,0,0,0,0,0,0,0,0,0,0,0,0,0,0,0,0,0,0,0,0,0,0
1485,"19.5","69.5",0,0.203385332599328,0,0.106673423821331,13.0858993348715,0,0,0,0,0,0,0.69262983076645,4.93293974081175,0.715183238165379,0,0.350870620419052,0,0.839439652912807,0,0.381600037517528,1.85889033452978,0,0,4.01714785748387,0.200739975456428,0,0.356840004660259,0.406385059493698,0,0,0,0.381600037517528,0,1.85889033452978,0,0.839439652912807,0.715183238165379,13.0874797801527,0.721132872786845,0,0.406385059493698,0,6.38225630916811,0,2.19482068959555,13.1136306350568,6.38225630916811
1486,"20.5","69.5",0,0.0271717686316912,0,0.0393429366621769,2.24376721989853,0,0.217739032815391,0,0,0,0,0.14847201479329,7.53693278899325,0.72632022359815,0,0,0.0450337632552601,0.298704102959047,0,0.850880532680421,7.95115609783243,0,0,1.64196712492838,0.0465825928408193,0,0.314271134756684,0.0787548492143436,0,0.0523332993835974,0,0.850880532680421,0,7.95115609783243,0,0.298704102959047,0.72632022359815,2.24393173739794,0.161993570753543,0.0523332993835974,0.0787548492143436,0.217739032815391,7.72021541914172,0,8.03502620912493,2.25175768224878,7.72328533749498
1487,"21.5","69.5",0,0.0380633508187395,0.0185777366244216,0.0455058494377166,5.23683845969916,0,0.098352884052276,0,0,0,0,0.0693145646747721,4.14072774166686,0.291974938526971,0,0.0412955438973656,0,0.518201931760401,0,0.753133764752699,6.72739227691257,0,0,1.13839475458042,0.0326368330965658,0,0.0843480836923228,0.536346607066287,0,0,0.0785087200813006,0.753133764752699,0,6.72739227691257,0,0.518201931760401,0.291974938526971,5.23697678738982,0.0766137830329912,0.0785087200813006,0.536346607066287,0.098352884052276,4.29567278591669,0,6.79549850429544,5.26551297077984,4.29679857259642
1489,"23.5","69.5",0,0,0,0,0,0,0,0,0,0,0,0,0,0,0,0,0,0,0,0,0,0,0,0,0,0,0,0,0,0,0,0,0,0,0,0,0,0,0,0,0,0,0,0,0,0,0
1493,"27.5","69.5",0,0.200273239758863,0,0,9.05964561116945,0,0,0,0,0,0,0,2.50098024512591,0.551047252219102,0,0,0,0,0,1.05697114206698,18.7510027800057,0,0,1.36949352255831,0,0,0,0.579558764137653,0,0,0,1.05697114206698,0,18.7510027800057,0,0,0.551047252219102,9.06185896880686,0,0,0.579558764137653,0,2.85138820486429,0,18.7888516499844,9.08037313834812,2.85138820486429
1494,"28.5","69.5",0,0.12181051625897,0.206258225992689,0,9.39294860848995,0,0,0,0,0,0,0,4.86093153578629,0.837007765670411,0,0,0,0,0,1.09746264294951,13.7458624286238,0,0,2.12673649894932,0,0,0,0.619077316661613,0,0,0,1.09746264294951,0,13.7458624286238,0,0,0.837007765670411,9.39373841255996,0,0,0.619077316661613,0,5.30982165306468,0,13.8149824523636,9.4141158951656,5.30982165306468
1543,"27.5","70.5",0,0.024769430542966,0.0155812324964238,0.0854455422961568,5.07128236491907,0,0,0,0,0,0,0.10422220062199,2.26889430198917,0.614559623917195,0,0.0336837079146786,0.0451082659652963,0.617461486995116,0,0.980471757148831,3.47468282359993,0,0,7.09737944425609,0.0362492727084416,0,0.491623317668478,0.627989247562322,0,0,0.0510883435216322,0.980471757148831,0,3.47468282359993,0,0.617461486995116,0.614559623917195,5.07134285465187,0.119210035369415,0.0510883435216322,0.627989247562322,0,7.46800161512479,0,3.71398543487429,5.11172279137465,7.46800161512479
1544,"28.5","70.5",0,0.152506442367337,0,0,8.87226609740885,0,0,0,0,0,0,0,7.4085267650342,0.866741638036046,0,0,0,0,0,1.5293426102619,6.90583195007622,0,0,3.90065557257247,0,0,0,0.669673368552781,0,0,0,1.5293426102619,0,6.90583195007622,0,0,0.866741638036046,8.87357672633724,0,0,0.669673368552781,0,8.37265684977408,0,7.12605394375889,8.89881038896452,8.37265684977408
1547,"31.5","70.5",0,0.102137511889733,0,0.128861722367343,5.61629486860782,0,0,0,0,0,0,0,7.00120470289956,1.47109653586694,0,0,0,0,0,1.37452127233011,5.89178749747632,0,0,3.40020226633994,0,0,0.356351304465256,0.900376015472833,0,0,0,1.37452127233011,0,5.89178749747632,0,0,1.47109653586694,5.61722352434773,0,0,0.900376015472833,0,7.79242159662911,0,6.22628249129013,5.68892582933934,7.79242159662911
2035,"24.5","35.5",0,0.00531498747678605,0.0140298825365084,0.0165750273501639,0.00469316967406632,0,0,0,0,0.139086864823305,0.239837334701944,0.0877582746072158,11.023465896346,3.43052420377303,0,0,0.0287834950640989,0,0.152621057844958,0,0.120335301706147,0.0394158108567743,0.0450452230664417,2.39711668282396,4.96481658863696,7.1144530226732,0.111998493337952,0,0.0101093431122941,0,0.0107509900641314,0,0,0.120335301706147,7.1161990279409,0,3.43052420377303,0.00709048189250691,4.96567555959457,0.139501755378688,0,0,11.2817557615268,0.240050298760686,7.90083954417354,4.96763975926617,11.2843093368038
2047,"36.5","35.5",0,0,0,0,0,0,0,0,0,0,0,0,0,0,0,0,0,0,0,0,0,0,0,0,0,0,0,0,0,0,0,0,0,0,0,0,0,0,0,0,0,0,0,0,0,0,0
2052,"41.5","35.5",0,0,0.601750324654325,0.108543787131837,0,0,0,0,1.5582097580142,0,1.9476247238248,0.0893224607896318,1.442251399497,0,0,0,0.0954438341797681,0,0,0.101332451958904,1.40180017283664,0.596707031776962,0.157807642854732,4.24945445847246,0,0.320443040210862,0.0523190523344366,0.149175684709595,0,0,0,0.101332451958904,0,1.40180017283664,0.677305709256649,0,0,0,0.130721182233219,1.5582097580142,0.149175684709595,0,4.53205009199033,1.9476247238248,1.56014583106083,1.57078294565599,4.93282070433978
2057,"46.5","35.5",0,0,0,0,0,0,0,0,0,0,0,0,0,0,0,0,0,0,0,0,0,0,0,0,0,0,0,0,0,0,0,0,0,0,0,0,0,0,0,0,0,0,0,0,0,0,0
2069,"-2.5","36.5",0,0.0114586089080256,0.476487621787386,0.716043437699509,0.130966129977854,0.182962958810622,0,0,0,0.0603503122185104,0,0.141912466600967,0.744973188110144,0.231633334475465,0,0,0.192014223911436,0,0.535165864767875,0,4.21051776915265,2.80851407494584,0,3.35674569831371,0.435134444554789,0.732107872887579,0,0.188806566668491,0,0,0.183122588961232,0,0,4.21051776915265,2.95129391107114,0,0.295176973927439,0.131466447884938,0.496337178940976,0.192810898998827,0.188806566668491,0,3.54435965902724,0,5.15031310502699,0.580049984491379,3.54435965902724
2100,"28.5","36.5",49.637548110836,0.211629729943753,2.11810584537661,2.88031931796641,0,0,0,0.17003457836216,0,0,1.54053572463777,0.185705929412081,2.13439981933477,0.147437356200428,0.274273060040987,0,0,0.128141875589696,0,0,15.9739580435535,0,0.432723553511868,10.4801791528857,0.613512810963196,0,0.125541931110376,0,0,0.369913332556546,0.967177679455763,0,49.637548110836,15.9739580435535,0,0.128141875589696,0.147437356200428,0.211629729943753,0.641002856026997,1.08462251799581,0,0,11.2860728272175,1.54053572463777,52.1449103570718,1.27752800774558,11.3907282550389
2101,"29.5","36.5",0,0,0.143302593341813,0.212001504624404,0,0,0,0,0,0,3.36313911543113,0,3.52371497633929,0.291520738941948,0,0,0,0,0.605608240153916,0,6.83953090633507,1.96326733162083,0,7.0418989718291,0,1.61037566873612,0.201446881785233,0,0,0,0.549120186830721,0,0,6.83953090633507,2.6104577664481,0,0.291520738941948,0,0,0.549120186830721,0,0,7.88105129290046,3.36313911543113,7.32657198902427,0.549120186830721,8.5686448281552
2130,"-2.5","37.5",0,0.00574519350871657,0.240062244595194,0.431074407930619,0,0,0,0,0,0.039354605865692,0,0.0527776885230045,2.71926535312865,0.338702080230871,0,0,0.0920209395534633,0,0.450450469145243,0,0.908721036381134,0.851321405336254,0,3.47622550104541,0.338359442471407,0.660023885933166,0,0.40522089515875,0,0,0,0,0,0.908721036381134,1.16759808596074,0,0.338702080230871,0.00574519350871657,0.354598998915246,0.039354605865692,0.40522089515875,0,4.44094616284606,0,1.51782025004725,0.539931677303944,4.44094616284606
2131,"-1.5","37.5",0,0.0214392837772333,12.0204423403894,1.96304476491434,0,0,0,0,0,0,1.547980855306,0.251772016957084,2.66815641536327,0.145065047043321,0,0,0,0.449494992008395,1.09704991593324,0,3.20094735103954,0.528163312626832,0,3.0474348283391,0.272887567992644,0.715158276046426,0.0964907105143145,0,0,0,0.249800007207985,0,0,3.20094735103954,1.41206457453325,0.449494992008395,0.145065047043321,0.0214392837772333,0.371290685700003,0.249800007207985,0,0,12.8358796720255,1.547980855306,3.53030875738839,0.448013905785934,12.9288843943749
2145,"12.5","37.5",0,0.0125937631890564,0.0831412487030724,0.120678730775314,0.00512476820063551,0.017474127399274,0,0.0207842344696529,0,0.00738015780695546,0.83954783604656,0.000847897194344036,6.83575220145642,0.184292181174846,0.0286598781315977,0,0.0478610492871234,0.0662494499180023,0.0444396434039142,0,0.0391860609910938,13.3058985015495,0.0963424445882821,7.49782169386501,0.0069026223073459,0.2843909477821,0.123455960901968,0.0211366055227396,0,0,0.0260048037674253,0,0,0.0391860609910938,13.3090115345439,0.0662494499180023,0.185118754237782,0.0135965481050257,0.0483636760723841,0.044543120290853,0.0211366055227396,0,10.1484401450133,0.83954783604656,13.3105214592361,0.0703900343932015,10.1831074798378
2155,"22.5","37.5",6.27110523812411,0.00621097709664742,0.148371504367347,0.0426410870877947,0.00882135889316504,0.0314587884526627,0,0,0,0,0.637142488883481,0.0536971791366894,4.6582742081885,0.103517203054164,0.0418975073814373,0,0.0997191115606089,0.0442459447632075,0.321137076128128,0.0245522142758372,0.259693905463847,0.445370754696382,0.103370090311735,2.73121754755366,0.381401949978309,0.199167460810936,0.0302409902260176,0.0564892136950432,0,0,0.0551759054619105,0.0245522142758372,6.27110523812411,0.259693905463847,0.584082021850376,0.0442459447632075,0.108191805138219,0.0107885406435301,0.397862709618445,0.069280456611654,0.0564892136950432,0,5.40319351397082,0.637142488883481,6.30472994044665,0.407923940516308,5.44062962354147
2156,"23.5","37.5",33.7339642151582,0.0470863667344929,0.374082236273751,0.0998334774390695,0,0,0,0.632305143804118,0,0,3.42528933738045,0.244378182011582,0.401837951545345,0.986612735406194,0.375776512309871,0,0.906238866179062,0.364662954345447,0,0,9.22073972123432,5.20778170177171,0,6.98738103634231,2.16915051936249,0.9077322102522,0.184448630512545,0,0,0,0.262162030804632,0,33.7339642151582,9.22073972123432,5.28630003110281,0.364662954345447,0.986612735406194,0.0470863667344929,2.36351508437483,0.780862800036297,0,0,7.01205341011814,3.42528933738045,35.3843713305055,2.4896118959549,7.80394131648372
2162,"29.5","37.5",0,0.00412575511762822,0.0729601580367516,0.334515352759874,0.00520166306260087,0,0,0,0,0.100767328319759,2.10455533465046,0.00808150029036504,18.7946367321663,0.00657328809358921,0.0135972506631046,0,0,0.129565336131449,0.131206088676356,0,8.87965513831715,0.546204472145052,0.409289681501015,6.44739058182986,0.0535101242004544,0.380777021378105,0.0143950363264755,0.0104232880320854,0,0.0156167250091857,0.158795224412818,0,0,8.87965513831715,0.678635029383677,0.129565336131449,0.00657328809358921,0.00663921335004846,0.0541169477972587,0.18920556302241,0.0104232880320854,0,19.8769254205752,2.10455533465046,8.90649489209936,0.19718040776108,19.9880293508819
2163,"30.5","37.5",2.5662448187654,0.0342509738587472,0.369416124304571,0.607180260285956,0,0,0,0,0.502162606986579,0.124977397954256,1.07595401902652,0.40147829083066,14.1402199398996,0.037765610025163,0.00675547919724886,0,0.373082284752889,0.441031027401406,0.00918703123217577,0,1.80017862294042,0.0845610907352387,0.0101637216661757,4.52793448592521,0,0.880442237006749,0.120511349324451,0,0,0,0.219154971868126,0,2.5662448187654,1.80017862294042,0.884541413566738,0.441031027401406,0.037765610025163,0.0342509738587472,0.548064968051,0.562015277415728,0,0,14.8649847993698,1.07595401902652,3.28703569574136,0.785754103052408,14.9038736621241
2164,"31.5","37.5",67.5409217800503,0,0.816311326577535,0.9290720051824,0.0353941797652279,0,0,0.0738421011610057,0,0,1.54900880083461,0.0813350084725548,22.3352785527721,0,0,0,0.350813973960955,0.330906224119724,0,0,8.11278281338916,0,0.209475853430673,2.68263360839365,0,0.347213068221201,0,0.181920119867728,0,0,0,0,67.5409217800503,8.11278281338916,0.347213068221201,0.330906224119724,0,0.0353941797652279,0.360119185728153,0.0738421011610057,0.181920119867728,0,22.530748105926,1.54900880083461,68.0281075418095,0.411686970655281,22.5839331932626
2166,"33.5","37.5",0,0,0.295228936913292,0,0,0,0,0,0,0.136279833846128,4.15484086180253,0,2.05935884559036,0,0,0,0,0.271330473284466,0,0,1.89466039303465,0,0.393665072215162,9.45885807887002,0,0.462648143123786,0,0,0,0,0,0,0,1.89466039303465,0.462648143123786,0.271330473284466,0,0,0,0.136279833846128,0,0,9.69294007643651,4.15484086180253,1.9691118645224,0.136279833846128,10.5458897164864
2178,"45.5","37.5",0,0.0114422006803342,2.16337287167494,2.00897048522507,0.0388760628500311,0,0,0.185546792497852,0,0,3.76834888313199,0.0696816949693986,1.46398791081475,0,0.129325457581686,0,0.0978620114550533,0.129655961339371,0.256791126187467,0,0.127053918781274,0.791524316051157,0.308358272630121,4.04959090690276,1.43530504714663,0.105148872781092,0,0.280600680689152,0,0,0.205135433615684,0,0,0.127053918781274,0.838754261292313,0.129655961339371,0,0.0405249579781227,1.44032395323567,0.30534117362329,0.280600680689152,0,5.23007423780822,3.76834888313199,0.858173687212868,1.49938165148051,6.44624928450547
2179,"46.5","37.5",0,0.0050112377491837,1.40641031518504,1.24145730097225,0.0134257128578904,0,0,0.111839957410517,0,0,3.06313626382386,0,3.65521597704916,0,0.0812831360251852,0,0.057585655024684,0.0318062734982616,0,0,0.135193778276046,0.197048042738777,0.338807219545492,1.96004304038508,0.985705528274338,0,0.114223748257268,0.208927055059933,0.143098221065714,0,0,0,0,0.135193778276046,0.197048042738777,0.0318062734982616,0,0.0143304664795452,0.987386194016917,0.138257456492136,0.208927055059933,0,4.56611609144092,3.06647694783851,0.241074527616631,1.01877499822896,5.50024517927525
2180,"47.5","37.5",0,0,0,0,0,0,0,0,0,0,0,0,0,0,0,0,0,0,0,0,0,0,0,0,0,0,0,0,0,0,0,0,0,0,0,0,0,0,0,0,0,0,0,0,0,0,0
2191,"-2.5","38.5",0,0.00545840980008306,0.874089529659102,0.199454337833153,0.0333893885974871,0,0,0,0,0,0,0.110302883565979,6.63577965636293,0.190343618670883,0,0,0.286597567724617,0.770714969359515,0.722773469408797,0,8.12276940258965,2.54913319110431,0,13.2446426940836,0.587749636234416,0.293600479708589,0.0572393356447932,0.09966578795036,0,0,0.214246535483903,0,0,8.12276940258965,2.66583622073,0.770714969359515,0.190343618670883,0.0338326101337104,0.663139899902219,0.214246535483903,0.09966578795036,0,14.8412001745825,0,8.58581957535599,0.704793600712581,14.8412001745825
2193,"-0.5","38.5",0,0.0344019214829329,3.12456641420909,0.660594998231141,0.119928076519581,0,0,0,0,0,3.88233365876512,0,3.33590624251714,0.548543394260695,0,0,0,0.598126432495571,0,0,4.45151024834965,0.876446179280379,0,4.83027350032605,0.599436662357396,1.51873209048739,0,0,0,0,0,0,0,4.45151024834965,1.75348369477773,0.598126432495571,0.548543394260695,0.124764721533791,0.599436662357396,0,0,0,6.6827474570949,3.88233365876512,4.85276247550303,0.612283061922816,7.72862395341428
2195,"1.5","38.5",0,0.0168599229636778,5.62186096886769,0.223139498286561,0,0,0,0,0,0,2.19563359598864,0,2.69562267657389,0.710417176776337,0,0,0,0.653516398178602,0,0,1.37670838158893,0,0,5.98552416518538,0,0.558752997596747,0,0.262613857210416,0,0,0,0,0,1.37670838158893,0.558752997596747,0.653516398178602,0.710417176776337,0.0168599229636778,0,0,0.262613857210416,0,8.64569217214279,2.19563359598864,1.77180899873766,0.263154507849047,8.92013452943873
2214,"20.5","38.5",19.6588066197887,0.0265268872908704,0.0502397461383688,0.0501916686254884,0.00975289420623202,0,0,0.109100394188306,10.2472318155497,0,0.9868863269462,0.133489817752433,0.459730903320153,0.225438474255885,0.176945531550322,0,0.190088157737431,0.0280263526138499,1.03951164505544,0,0.254303354609365,0.625879030523512,0.141007443607951,3.0090129499066,2.49264707002032,0.1313157747334,0.0550911754642718,0.0308058598586569,0.377355439996938,0.111987081719666,0.246202240649082,0,19.6588066197887,0.254303354609365,1.22047238958886,0.0280263526138499,0.225438474255885,0.0282629562279054,2.50344611582444,10.2529083263499,0.0308058598586569,0,3.0485197733706,1.05657075030906,19.6996068170478,10.5541991358448,3.22642442326489
2215,"21.5","38.5",23.6014076953731,0.0328668573185488,0.398152346217197,0.0516355277047955,0,0,0,0.106440176644696,0,0.0258020572907818,1.85043735497445,0.127018961099365,2.52952940323354,0.408349693663594,0.0918011299579215,0,0.184950968722563,0.15435651354589,0.864793103868597,0,0.266602397007007,3.28429247890143,0.339112672212363,9.40519576401651,0,5.75702557783207,0.113272142581461,0.321900260610871,0,0,0.366269006252849,0,23.6014076953731,0.266602397007007,6.68414450047872,0.15435651354589,0.408349693663594,0.0328668573185488,0.224367282174065,0.393161149870624,0.321900260610871,0,9.75424245457108,1.85043735497445,24.5349930741823,0.556431824367651,9.92821052693997
2216,"22.5","38.5",0,0,0,0.249081776224621,0,0,0,0,0,0,0,0,6.55361149935025,0,0,0,0,0,0,0,0.644785519879778,0,0,7.655073138462,1.36122853275517,0.674774098367266,0,0,0,0,0,0,0,0.644785519879778,0.674774098367266,0,0,0,1.36122853275517,0,0,0,10.0802782784438,0,0.93331047914078,1.36122853275517,10.0802782784438
2224,"30.5","38.5",48.1660868968937,0.0436853793570819,2.4412796516689,0.380458022429676,0.0514204772284182,0,0,0,0,0,20.1979835638931,0,2.80916560946725,0,0,0,0,0,0,0,9.15950878851107,0,0,4.70946175050194,0,0.0616606513440027,0,0,0,0,0.230383597059779,0,48.1660868968937,9.15950878851107,0.0616606513440027,0,0,0.0674720523474011,0,0.230383597059779,0,0,6.01456864998131,20.1979835638931,49.0293007317242,0.240060574943436,21.0744768877577
2228,"34.5","38.5",1.85271491523923,0.0174451113741034,0.352685954859796,1.08991797603034,0.0088276361313273,0,0,0.0161546885543257,0,0.0145989258285542,0.348145729904368,0.0184726024678999,0.301620072761942,0,0.0244986263535442,0.0212339526787107,0,0,0,0,0.914704152390317,0,0.162799777696243,2.43796085668335,0,0.735328196200928,0.0725075190016745,0.0758271596230802,0.552787216917955,0.0212150542797467,0.106302903831262,0,1.85271491523923,0.914704152390317,0.735328196200928,0,0,0.0195514467628866,0.0184726024678999,0.113246064752364,0.0758271596230802,0,2.71645879278863,0.653283366111937,2.19315840733817,0.138916973156126,2.7939090052035
2236,"42.5","38.5",0,0.0270898734268053,1.21508295762009,1.68853464466272,0.0750574369148298,0,0,0.0862339137374483,0,0.0233690880801242,9.2786852418026,0,0.986610498726167,0,0.0855506860305397,0.104683297066867,0.1993795955163,0.0435718792977906,0,0.175786346746358,1.48765857992489,0.82907927057517,0.306017220234015,3.7886881296282,0,5.18686455115307,0.0898549783251658,0,0,0,0.214541541100843,0.175786346746358,0,1.48765857992489,5.25270752173637,0.0435718792977906,0,0.0797964916428284,0.1993795955163,0.247647723378179,0,0,4.4461008657926,9.2786852418026,5.46231303640664,0.32779429232545,10.2889169850498
2250,"-4.5","39.5",0,0.0200707140943275,0.0413356696341065,0.02515654045316,1.39651301390992,0,2.45953054783759,0,0,0.058325053371379,0.569782854494578,2.60613152909843,3.5895475010976,6.36390107093408,0,0,0.175717201709189,0.252688893032601,0,0,0.156404682999278,0,0.0480117906613554,2.78334556454703,0.270433997699953,0.0512899405825017,0.232535056461864,0.310071781096513,0,0,0,0,0,0.156404682999278,0.0512899405825017,0.252688893032601,6.36390107093408,1.39665723482321,2.62601078235589,0.058325053371379,0.310071781096513,2.45953054783759,4.54869024752813,0.569782854494578,6.37104242649247,2.99100825507329,5.20235773327631
2253,"-1.5","39.5",0,0.0340563104786328,0.101867978088316,0.425862083704714,0.0774376366562267,0.247935459397319,0,0,0,0,0,0.228867771598432,1.6138402934552,0.473607042052244,0,0,0.35931511305302,0.757729259631359,0,0,4.02130896814913,0.503477178572809,0,4.74569652822663,0.421746590777092,1.81799763249278,0.151820404797498,0,0.466844420182089,0,0,0,0,4.02130896814913,1.88642642610121,0.757729259631359,0.534579855875655,0.0845956255034433,0.599464756409279,0,0,0,5.03397467866217,0.466844420182089,4.53756098930021,0.605404339289995,5.05557561293143
2254,"-0.5","39.5",0,0,0,0,0,0,0,0,0,0,0,0,0,0,0,0,0,0,0,0,0,0,0,0,0,0,0,0,0,0,0,0,0,0,0,0,0,0,0,0,0,0,0,0,0,0,0
2258,"3.5","39.5",0,0,0.765509146224136,0.822926659532499,0.191855176706691,0.445445385040829,0,0,0,0,0,0.369395932208606,3.62203916890144,0.990544253839679,0,0,0,0.726466928894669,0,0,3.93720049962699,4.51241623354125,0,7.37573221493072,1.7920164525236,3.08130030450823,0.874491532668905,0,0,0,0,0,0,3.93720049962699,5.46409295595244,0.726466928894669,1.08609369295148,0.191855176706691,1.82969295808,0,0,0,8.33957681348729,0,6.86040912148822,1.83972409063878,8.33957681348729
2259,"4.5","39.5",0.686092558786956,0.00662433263374032,0.128344239106411,0.426942123187106,0.0588761111638312,0.0677922734549573,0,0.00799839320143138,0,0.110793474888101,0.443172936571451,0.190915051940994,15.8073108138092,2.26744007200198,0,0,0.137038683735745,0.396919380312156,1.17081065328382,0,0.946268569991046,7.7758834318448,0,2.89356135590344,0.039684646118721,0.330746500735313,0,0.322771316007035,0,0,0.1513315710589,0,0.686092558786956,0.946268569991046,7.8704862606595,0.396919380312156,2.26845327755732,0.0592476012056036,0.238333860446278,0.187724299894126,0.322771316007035,0,16.0761476823588,0.443172936571451,8.28336444036683,0.446917265823885,16.0822550208831
2271,"16.5","39.5",0,0,0,0,0,0,0,0,0,0,0,0,0,0,0,0,0,0,0,0,0,0,0,0,0,0,0,0,0,0,0,0,0,0,0,0,0,0,0,0,0,0,0,0,0,0,0
2275,"20.5","39.5",10.2856954322054,0.0256116000609194,0.0218938804998577,0.0416656783997307,0.015600307627226,0,0,0.513205745770092,0,0.0076236511239269,0.509685217865074,0.699713086871799,19.7397748563303,0.169484664954474,0.325236363142556,0,0.508947964406113,0.0369662818700294,0.216004261733374,0,1.06135508160813,0.0345939161834199,0.0436907467764539,2.33292422545815,6.4947654314536,0.195176067809964,0.209433037365234,0.0358703975548404,0,0.10673976779304,0.217427533240281,0,10.2856954322054,1.06135508160813,0.293169366697213,0.0369662818700294,0.169484664954474,0.0299887254771618,6.55214502617406,0.654129237763882,0.0358703975548404,0,19.878360930157,0.509685217865074,10.345919242318,6.58488234616166,19.8848940729113
2276,"21.5","39.5",157.827102462744,0.0223812830971724,0.0300497887395658,0.0676923750137643,0,0,0,0.458569883235515,0,0.0140615527893945,0.724249037607035,6.15701311610389,2.77807409635666,0,0.393608703161082,0,0.146988840323935,0,0,0,0.188580453309793,0,0.242250607888191,7.18150664746454,0.8165109941947,0.228401309922508,0.179516017457505,0.107258983366248,0,0.0901894084104076,0.0683213595285416,0,157.827102462744,0.188580453309793,0.228401309922508,0,0,0.0223812830971724,6.21265695453209,0.61499090549282,0.107258983366248,0,7.70636944464834,0.724249037607035,157.827380392412,6.24398315659809,7.74032729836951
2277,"22.5","39.5",24.5679364705829,0.0891968625305597,7.58254380654922,0.437322679362686,0,0,0,0,7.71408374530784,0,3.13934616739729,0.425642551432479,9.58178107518194,0,0,0,0.624943116139979,0,0,0,1.82772060904579,0,0,6.60344140683697,0,1.22702028566799,0,0.610940094207516,0,0,0,0,24.5679364705829,1.82772060904579,1.22702028566799,0,0,0.0891968625305597,0.756125307075949,7.71408374530784,0.610940094207516,0,13.8961213541897,3.13934616739729,24.6663666523623,7.77560398866988,14.2463217375265
2278,"23.5","39.5",9.75786687598143,0.0396860578129506,0.103283189171339,0.0433843209938048,0,0,0,0.0537790711796774,0,0,2.14406328504365,0,0.422759393541754,7.3536256777691,0.404250142626585,0,0.157700506899898,0,0.374676190432967,0.094904861722864,0.659322082913722,0,0.269356370789918,3.59168187618036,0.798932968786882,0.642244187789476,0,0,1.05952300012246,0.208099394937558,0.350797639326939,0.094904861722864,9.75786687598143,0.659322082913722,0.743545455521534,0,7.3536256777691,0.0396860578129506,0.81434841345158,0.576779601096722,0,0,3.62822362533911,2.39156776154485,12.2592148592128,0.99870567732297,4.34552678435302
2306,"36.5","40.5",0.788405629641562,0.15907166582412,0.0492311708232905,0.0191116954069242,0.0107374244320211,0,0,0.0817870136686856,0,0.0280415062731233,0.395444775579193,1.70415937310061,8.75516399031383,0,0.979672237974358,0,0.0974405240991624,0.0444201779973683,0,0.0520620167522505,23.0338700316113,0,0.128181838046243,17.4584464817168,0,0.02727972179901,0.0742866333764635,0.215160548137745,0,0,0.104350688236446,0.0520620167522505,0.788405629641562,23.0338700316113,0.02727972179901,0.0444201779973683,0,0.15943364497964,1.70694282993409,0.989000607518526,0.215160548137745,0,19.5313846950195,0.395444775579193,23.0474766484107,1.9908513693799,19.5353874974462
2321,"36.5","41.5",10.7311040323679,0.025889421726897,0.281717365875686,0.0974612107318685,0.0122926702538332,0,0,0.224669635008805,1.22083921958387,0.0145854264006979,0.637200884493264,0.0970508281882558,5.64022192619697,0.0348447971984524,0.330238273739425,0.0375416544677624,0.0545087817181518,0.0423253458742234,0,0.0641591862970762,1.10377434421036,0,0.0780948807288958,4.13588612799759,0,0.481171605351434,0.0305728507776372,0,0,0.055932666194155,0.314707196409653,0.0641591862970762,10.7311040323679,1.10377434421036,0.481171605351434,0.0423253458742234,0.0348447971984524,0.028659586516951,0.111310693719981,1.3237688543301,0,0,7.00106875325262,0.637200884493264,10.798775841095,1.32874957088617,7.0300063054715
2326,"41.5","41.5",23.1140374971551,2.84599231590388,0.0915852391339836,0.0958925940813006,0.034244165068944,0,0,4.06913326663025,0,0.0999758631220598,0,0.728389933939384,1.57725681106875,0.0241746549504583,7.46540297628548,0.0190722400881565,0.393074073511264,0.0224208013508752,0,0.558976555590155,0.423751225242629,0,0.0815126329893986,6.31245848645416,0.620974410003745,0,0.0295336583862864,0.0611558430710402,0,0.0865253918949301,0.658376717823564,0.558976555590155,23.1140374971551,0.423751225242629,0,0.0224208013508752,0.0241746549504583,2.84619832847699,1.03473104766913,8.52883514081207,0.0611558430710402,0,6.50848175333951,0,23.1247018665487,9.05076141340209,6.50848175333951
2327,"42.5","41.5",154.570682462047,0.0868383150742125,0.0971240403218616,0.142299520403275,0.0850598067754293,0,0,0.297420952657468,0,0.126547357091608,0,0.155015094368267,2.27836285694777,0,3.13209732577565,0.0105187713124943,0.0220867368739619,0.141112578145026,0,8.95672066789952,2.08514272229699,0.0390629989934583,0.0577276767959433,2.03307867466792,0.333706184871861,0,0.0214201129936328,0.0606488931420065,0,0,0.900370901115614,8.95672066789952,154.570682462047,2.08514272229699,0.0390629989934583,0.141112578145026,0,0.121556833183501,0.368615411030894,3.27493127780924,0.0606488931420065,0,3.05907345261322,0,154.844076350229,3.29840969977286,3.05907345261322
2329,"44.5","41.5",0.660678620550506,0.0331425332511494,0.786677995426991,1.04112804235959,0.0130600258074508,0,0,1.03787512287473,0,0.0343035567420532,0.781973558993817,0.143843007100063,1.22175278534865,0,0.614512940675306,0.0416466700107769,0.0256599476144505,0.0881335647725529,0,0.0962018586741949,0.260604285961171,0,0.221373367919198,4.43493768948317,0.576534349022542,0,0.197507199266842,0.0243891524607094,0.0555957224555345,0,0.21818040484098,0.0962018586741949,0.660678620550506,0.260604285961171,0,0.0881335647725529,0,0.0356229109477991,0.594761380055911,1.22620974877929,0.0243891524607094,0,4.79102408197779,0.783947403414802,0.72210328649421,1.36352310935662,4.85473843635391
2330,"45.5","41.5",0,0.0447250905862182,8.60261203471013,1.44258043643893,0,0,0,0.324121642983295,0,0,1.10818039129058,0,2.08926213944938,0,0.23000759082825,0,0,0,0,0.0705039049036407,0.465197528814681,0,0.0789074701006157,4.9458016880703,0.284368164523208,0,0.0592692316271892,0,0,0,0,0.0705039049036407,0,0.465197528814681,0,0,0,0.0447250905862182,0.284368164523208,0.397439720320964,0,0,10.2431285255554,1.10818039129058,0.470509873883586,0.490738135884149,10.3028998719141
2331,"46.5","41.5",0,0,0,0,0,0,0,0,0,0,0,0,0,0,0,0,0,0,0,0,0,0,0,0,0,0,0,0,0,0,0,0,0,0,0,0,0,0,0,0,0,0,0,0,0,0,0
2341,"41.5","42.5",0,3.90489917781653,0.817144247200782,0.32597160917458,0,0,0,1.70229174236884,0,1.13697078733453,0,2.07131097022595,9.12580837331924,0,0,0,0,0,0,0,3.48931803434441,0,0,4.33752918522532,0,0,0,0,0,0,1.64365064217527,0,0,3.48931803434441,0,0,0,3.90489917781653,2.07131097022595,2.62527849587666,0,0,10.1424119473598,0,3.48931803434441,5.14107517015682,10.1424119473598
2355,"40.5","43.5",27.5575568199795,0.584605691962377,0.0452256014441522,0.188157342446272,0.130371847581017,0,0,0.131782108783583,0.586427011250508,0.244497802090863,0.228449155806548,0.129085819204927,30.5423167019088,0,0.536910025543382,0,0.132239170933717,0.0204781184355134,0,0.101278847659423,0.77656513045971,0,0,2.35929826241409,0.170943026910419,0,0,0,0,0,0.392690145906763,0.101278847659423,27.5575568199795,0.77656513045971,0,0.0204781184355134,0,0.59896630432479,0.251737691850744,0.929257911006511,0,0,30.633916601559,0.228449155806548,27.5686899951115,1.13386629034601,30.6347684072862
2356,"41.5","43.5",23.415160950933,0.561518699844862,0.18431422502054,2.49260269720337,0.00724498041298314,0,0,0.184585693173117,0,0.0172030952280888,0,1.53881538686144,7.32046353259245,0,0.925655852083415,0,0,0,0,0.408922463427638,2.41562644030235,0,0,8.52138929027227,0.235418234619006,0,0,0,0,6.29086528627138,0.0512295980190176,0.408922463427638,23.415160950933,2.41562644030235,0,0,0,0.56156543698544,1.55671915901124,6.36151059912922,0,0,11.5087054749017,0,23.542986875889,6.57324481385584,11.5087054749017
2390,"45.5","45.5",4.65650724778406,0.0327108031798243,0.00356400700198513,0.00693037084899916,0.0742825695128742,0,0,2.34556448700114,0.4214136234443,0,0,0.0423872438259791,0.584068472240454,0.00943875272933602,2.24724012257241,0.000445484565164089,0.117888392144486,0,0,0.198647852691978,0.0214453386719721,0,0.00579019001795636,0.222947043422882,0.149166523342621,0,0.000410293508649837,0.0610398629838738,0.0175589474834685,0.0592449550995823,0.227453001168874,0.198647852691978,4.65650724778406,0.0214453386719721,0,0,0.00943875272933602,0.0811658596831463,0.194794771818188,3.28399074384355,0.0610398629838738,0,0.625248742277841,0.0175589474834685,4.66080140218916,3.29133012176369,0.625495248868246
2442,"37.5","49.5",0,0.82749226209117,2.8837137484973,2.39520010207769,0,0,0,3.29463443277614,0,0,0,3.05502515196138,0,0,0,0,0,0,0,0,13.4817012973139,0,0,6.81462984826704,2.74201709618984,0,0,0,0,7.4171178907056,6.12802838443199,0,0,13.4817012973139,0,0,0,0.82749226209117,4.10509883375711,10.1696108937689,0,0,7.77765829033118,0,13.4817012973139,10.9980709949244,7.77765829033118
2470,"35.5","51.5",0,0.0893740358942823,0.420974718716414,0.0376991490677192,2.67682034564067,0,0,0.102755887823616,0,0,0.891282728634423,2.84700190870242,11.9049952994932,0.0241689391341069,0,0.0920123278796164,0.605271032462805,0.0320993216787386,0,1.83021990545407,6.20738071853063,0,0,2.77011294887477,13.5295784234943,0,0.0641588876738311,0.528093072186754,0,1.5698186572436,5.60090563831653,1.83021990545407,0,6.20738071853063,0,0.0320993216787386,0.0241689391341069,2.67831194619444,13.8391208249793,5.81764843888305,0.528093072186754,0,12.2308488013493,0.891282728634423,6.47169952880828,15.2583923052474,12.2632804462684
2521,"41.5","54.5",0,0.555116091037441,0.1795575689766,0.394679238584318,7.04712670512275,0,0,0,0,0,0,1.16302773447527,1.66206453435133,0.161230061923813,0,0,0.36079568758748,0,0,1.86046687834846,8.55975470170315,0,0,1.55670879236775,2.27952899014991,0,0,0.628189269618281,0,2.04343925981317,1.66901513646055,1.86046687834846,0,8.55975470170315,0,0,0.161230061923813,7.06895668911494,2.58438763661225,2.6384191354446,0.628189269618281,0,2.31814870155688,0,8.76109198054836,8.00031783253646,2.31814870155688
2523,"43.5","54.5",0,0.383204965122214,0.131334127220477,0.238115027788612,7.51352338050461,0,0,0,0,0,0.2434262870254,1.16845439023609,0.162053465276754,0.107336431766356,0,0,0,0,0,0.535044437645309,4.32569059290986,0,0,0.281021938509786,1.64028124868492,0,0,0,0,3.41114419661301,2.17596449836051,0.535044437645309,0,4.32569059290986,0,0,0.107336431766356,7.5232891500117,2.01390373077994,4.04607541059382,0,0,0.42329903728161,0.2434262870254,4.3599762345027,8.77646934135504,0.488301579127603
2613,"43.5","60.5",0,0.142092370837192,0.0404865560855955,0.0690066406040119,0.477525496739073,0,0,0.0443753664242248,0,0,0.217246431837022,0.182396529480025,0.334596177341289,0,0,0.0408354700841746,0,0.0987424079393477,0,11.4014723492174,1.97835716907078,0,0,0.261743687351931,0.0818406342736344,0,0,0,0,0.115267971575212,0.433087777414556,11.4014723492174,0,1.97835716907078,0,0.0987424079393477,0,0.498217665168581,0.199915940796797,0.450356415922132,0,0,0.434203838131479,0.217246431837022,11.5722607506705,0.700719720453855,0.485519294358139
2807,"36.5","69.5",0,0.169420669358977,0.174606714136362,0.211502409025536,7.8262722951137,0,0,0,0,0,0,0,2.12428204551959,4.34986937337658,0,0,0,0,0,3.63365688759245,9.67277890923955,0,0,1.80165071114844,0,0,0,0,0,0,0.94264636475652,3.63365688759245,0,9.67277890923955,0,0,4.34986937337658,7.8281058628809,0,0.94264636475652,0,0,2.79888196741908,0,11.2110426709213,7.88465747952687,2.79888196741908
8424,"54.5","52.5",0,0.0927350367383557,0.894185684825884,1.16054255852781,2.36193352246097,0,0,0,0,0,0,0.343246995824404,5.08370806090469,0,0,0,1.83545741185272,0.492876044474879,0,0,3.22612286827684,0,0.367545053744612,5.0727535095527,2.11476782675782,0,0.568985648858923,2.5130424418853,0,2.04305294024363,1.63554843712226,0,0,3.22612286827684,0,0.492876044474879,0,2.36375331867853,2.82116383288131,2.61707546830641,2.5130424418853,0,7.36085436083529,0,3.26355566161143,5.16824549001393,7.36085436083529
10186,"56.5","56.5",160.033165267336,0.0553773443221881,0.0274316326653483,0.194802449826804,0,0,0,0,0,0,0.243891870204386,0.321932254751309,0.180347898675254,0,0,0.0731701213670957,0,0,0,10.2219308994673,5.13319566262355,0,0,0,0.0945244363988609,0,0,0.0424276242293289,0.0711749480489355,2.20706419507284,0.371554881981177,10.2219308994673,160.033165267336,5.13319566262355,0,0,0,0.0553773443221881,0.335522347580283,2.23812095104276,0.0424276242293289,0,0.276730410592451,0.254065183725676,160.441427176732,2.26420568650118,0.375671182988831
10316,"56.5","57.5",14.9710259266863,0.410640359461921,0.00507401817633721,0.126318532597272,4.27915451897252,0,0,0,0,0,0.691633383959487,0.254371950893133,0.424806541886701,0.0460027154156352,0,0.25453782575135,0.180273206980212,0,0,2.83589030824547,1.20221703256378,0,0,14.3174427479401,0.0830182744168113,0,0.0367658993179581,0.974478558218654,0,0.356534680471084,2.83482881870141,2.83589030824547,14.9710259266863,1.20221703256378,0,0,0.0460027154156352,4.29881249905854,0.322638423693232,2.85716142521186,0.974478558218654,0,14.3266098848262,0.691633383959487,15.2846764172856,5.26278104471882,14.3432948630992
10445,"55.5","58.5",88.9907610475602,0.406951243146295,0.113186531701728,0.69963977456341,9.70914227663902,0,0,0,0,0,2.90361254419245,0.230105823022953,1.24767837472735,0.446503019869749,0,0.675892811333227,0.0452602332355842,0,0,7.312682878222,4.66674020933549,0,0,3.67924120979217,0.377285539593178,0,0.0486765724075365,0.25801753899064,0.0846426072284551,2.77692443605106,2.30641873800962,7.312682878222,88.9907610475602,4.66674020933549,0,0,0.446503019869749,9.71766705862665,0.444231422670353,3.60983056646422,0.25801753899064,0,4.00687218573519,2.90484598176051,89.4136942074847,10.3792024928802,4.94905595953092
47953,"#N/A","#N/A",26.5661776174597,0.0366325325811133,0.361133148482764,0.409814039732228,0.026874916364912,0,0,0,0,0,0.81708885815405,0.157794218432055,16.4140796060906,0.0577588230140701,0.12507520766837,0,0.188238870693794,0.0579050320710061,0,0.0880096466607024,4.50178644141213,0,0.106265147984576,1.72826294193771,0,0.144878611212119,0,0.103336340870258,0,0.131829647659274,0.266731554287202,0.0880096466607024,26.5661776174597,4.50178644141213,0.144878611212119,0.0579050320710061,0.0577588230140701,0.0454335071607656,0.245627538787201,0.322751585011942,0.103336340870258,0,16.5141926563585,0.81708885815405,26.9455617672144,0.421003653613315,16.5343942523893
48310,"#N/A","#N/A",0,0.000863758930441093,5.04009719332733,2.24598336076666,0.0225175548522144,0,0,0,0,0,6.74887198235818,0.0469063857242155,0.503349183240085,0.0187283233968254,0,0,0.0673662204948169,0,0.214204212021087,0,0.838961272273582,2.81538435979863,0.470530856531509,5.46541012027096,0.098043234766448,0.572623284172452,0.0315703138094281,0.101130760534589,0,0,0.0449416196693611,0,0,0.838961272273582,2.88100155560922,0,0.0187283233968254,0.0225341153811815,0.127870608698536,0.0449416196693611,0.101130760534589,0,7.79701770741337,6.74887198235818,3.00072936631995,0.170604392762192,10.3121655419207
48670,"#N/A","#N/A",0,0,1.35728761166872,0.903089136460443,0,0,0,0,0,0,15.008184904412,0,0.984724756818953,0.252228804128529,0,0,0.921587123036883,0.450539937992508,2.77152401342178,0,0.266500501146482,6.32459722270267,0,1.39534051696203,0,0.709151813493981,0.498368352517792,0,0,0,0,0,0,0.266500501146482,6.94152516965643,0.450539937992508,0.252228804128529,0,0.921587123036883,0,0,0,2.41305380564577,15.008184904412,6.96580216510944,0.921587123036883,15.2009355894288
49030,"#N/A","#N/A",0,0.00824941590996759,0.136303168154287,0.401459002126967,0,0,0,0,0.214624182489585,0.0086413109807188,1.37745393088779,0.0109156045276106,9.73764498328767,0,0,0,0.0165104099022213,0,0.0752969912651998,0.00283755771428354,0.344691394167489,0.636844457967984,0.269846799400101,7.67705241756041,0.171411896339328,0.631003118819858,0.0381973292172109,0.0510397950784403,0,0,0,0.00283755771428354,0,0.344691394167489,0.899669626306521,0,0,0.00824941590996759,0.172550810673225,0.214798072535086,0.0510397950784403,0,12.4101929017103,1.37745393088779,0.96344467689921,0.280330354712578,12.4864032927573
49388,"#N/A","#N/A",0,0.0647435174397271,2.97973877421145,1.17524669374881,0,0,0,0,0,0,19.3142508495362,0,3.30842636059625,0,0,0,0.461373491943927,0.630723987056848,0,0,3.050512492366,4.4032912501486,0,3.76815135276299,0.916477737287824,0.957235059519613,0,0,0,0,0.589261264400363,0,0,3.050512492366,4.50613723634875,0.630723987056848,0,0.0647435174397271,1.02605893690993,0.589261264400363,0,0,5.95018466558176,19.3142508495362,5.47802081109032,1.18499683661431,20.2100218563299
49391,"#N/A","#N/A",7.78815460987876,0,0.698317825828839,0.149385020711331,0,0,0,0,0,0,0.8931542433453,0,0.604265445985995,0,0,0,0,0,0,0,0.278998912015495,0,0.797232663354566,8.70444814620272,0,5.46514770066772,0,0,0,0,0,0,7.78815460987876,0.278998912015495,5.46514770066772,0,0,0,0,0,0,0,8.79079620108141,0.8931542433453,9.51845743859767,0,8.83605241900211
